ACC1X,ACC1Y,ACC1Z,GYR1X,GYR1Y,GYR1Z
0.10302734,-0.03808594,1.00683594,-0.24414062,-0.24414062,0.24414062
0.10400391,-0.03808594,1.0078125,-0.24414062,-0.30517578,0.12207031
0.10400391,-0.03808594,1.0078125,-0.24414062,-0.30517578,0.12207031
0.10498047,-0.03710938,1.0078125,-0.12207031,-0.24414062,0.12207031
0.10498047,-0.03710938,1.0078125,-0.12207031,-0.24414062,0.12207031
0.10498047,-0.03759766,1.00683594,-0.06103516,-0.30517578,0.12207031
0.10498047,-0.03759766,1.00683594,-0.06103516,-0.30517578,0.12207031
0.10449219,-0.03857422,1.00830078,-0.18310547,-0.18310547,0.12207031
0.10449219,-0.03857422,1.00830078,-0.18310547,-0.18310547,0.12207031
0.10595703,-0.03808594,1.00732422,-0.30517578,-0.24414062,0.12207031
0.10595703,-0.03808594,1.00732422,-0.30517578,-0.24414062,0.12207031
0.10546875,-0.03710938,1.00634766,-0.18310547,-0.24414062,0.12207031
0.10546875,-0.03710938,1.00634766,-0.18310547,-0.24414062,0.12207031
0.10595703,-0.03759766,1.00732422,-0.12207031,-0.24414062,0.12207031
0.10595703,-0.03759766,1.00732422,-0.12207031,-0.24414062,0.12207031
0.10546875,-0.0390625,1.0078125,-0.12207031,-0.24414062,0.12207031
0.10546875,-0.0390625,1.0078125,-0.12207031,-0.24414062,0.12207031
0.10595703,-0.03710938,1.0078125,-0.18310547,-0.18310547,0.18310547
0.10595703,-0.03710938,1.0078125,-0.18310547,-0.18310547,0.18310547
0.10498047,-0.03710938,1.00830078,-0.30517578,-0.24414062,0.12207031
0.10498047,-0.03710938,1.00830078,-0.30517578,-0.24414062,0.12207031
0.10449219,-0.03808594,1.00683594,-0.18310547,-0.18310547,0.12207031
0.10449219,-0.03808594,1.00683594,-0.18310547,-0.18310547,0.12207031
0.10546875,-0.0390625,1.00732422,-0.12207031,-0.24414062,0.12207031
0.10546875,-0.0390625,1.00732422,-0.12207031,-0.24414062,0.12207031
0.10498047,-0.0390625,1.00683594,-0.06103516,-0.18310547,0.12207031
0.10498047,-0.0390625,1.00683594,-0.06103516,-0.18310547,0.12207031
0.10351562,-0.03710938,1.00732422,-0.24414062,-0.24414062,0.12207031
0.10351562,-0.03710938,1.00732422,-0.24414062,-0.24414062,0.12207031
0.10351562,-0.03710938,1.00732422,-0.24414062,-0.24414062,0.12207031
0.10351562,-0.03710938,1.00732422,-0.24414062,-0.24414062,0.12207031
0.10400391,-0.03759766,1.00683594,-0.18310547,-0.24414062,0.12207031
0.10400391,-0.03759766,1.00683594,-0.18310547,-0.24414062,0.12207031
0.10449219,-0.03808594,1.0078125,-0.12207031,-0.24414062,0.18310547
0.10449219,-0.03808594,1.0078125,-0.12207031,-0.24414062,0.18310547
0.10400391,-0.03857422,1.0078125,-0.12207031,-0.24414062,0.12207031
0.10400391,-0.03857422,1.0078125,-0.12207031,-0.24414062,0.12207031
0.10498047,-0.03857422,1.00683594,-0.24414062,-0.24414062,0.18310547
0.10498047,-0.03857422,1.00683594,-0.24414062,-0.24414062,0.18310547
0.10595703,-0.03808594,1.00683594,-0.24414062,-0.30517578,0.24414062
0.10595703,-0.03808594,1.00683594,-0.24414062,-0.30517578,0.24414062
0.10546875,-0.03808594,1.00732422,-0.18310547,-0.24414062,0.12207031
0.10546875,-0.03808594,1.00732422,-0.18310547,-0.24414062,0.12207031
0.10595703,-0.03710938,1.00683594,-0.06103516,-0.24414062,0.12207031
0.10595703,-0.03710938,1.00683594,-0.06103516,-0.24414062,0.12207031
0.10449219,-0.03857422,1.00683594,-0.18310547,-0.18310547,0.12207031
0.10449219,-0.03857422,1.00683594,-0.18310547,-0.18310547,0.12207031
0.10498047,-0.03662109,1.00634766,-0.24414062,-0.18310547,0.18310547
0.10498047,-0.03662109,1.00634766,-0.24414062,-0.18310547,0.18310547
0.10546875,-0.03759766,1.0078125,-0.24414062,-0.24414062,0.18310547
0.10546875,-0.03759766,1.0078125,-0.24414062,-0.24414062,0.18310547
0.10351562,-0.03759766,1.00732422,-0.12207031,-0.24414062,0.12207031
0.10351562,-0.03759766,1.00732422,-0.12207031,-0.24414062,0.12207031
0.10253906,-0.03710938,1.00585938,-0.12207031,-0.24414062,0.12207031
0.10253906,-0.03710938,1.00585938,-0.12207031,-0.24414062,0.12207031
0.10449219,-0.03759766,1.00634766,-0.12207031,-0.24414062,0.18310547
0.10449219,-0.03759766,1.00634766,-0.12207031,-0.24414062,0.18310547
0.10546875,-0.03808594,1.0078125,-0.30517578,-0.24414062,0.12207031
0.10546875,-0.03808594,1.0078125,-0.30517578,-0.24414062,0.12207031
0.10400391,-0.03759766,1.00683594,-0.30517578,-0.30517578,0.12207031
0.10400391,-0.03759766,1.00683594,-0.30517578,-0.30517578,0.12207031
0.10400391,-0.03759766,1.00634766,-0.18310547,-0.30517578,0.12207031
0.10400391,-0.03759766,1.00634766,-0.18310547,-0.30517578,0.12207031
0.10498047,-0.03759766,1.00732422,-0.06103516,-0.24414062,0.12207031
0.10498047,-0.03759766,1.00732422,-0.06103516,-0.24414062,0.12207031
0.10498047,-0.03710938,1.00830078,-0.18310547,-0.24414062,0.12207031
0.10498047,-0.03710938,1.00830078,-0.18310547,-0.24414062,0.12207031
0.10400391,-0.03808594,1.00732422,-0.24414062,-0.24414062,0.18310547
0.10400391,-0.03808594,1.00732422,-0.24414062,-0.24414062,0.18310547
0.10595703,-0.03759766,1.00683594,-0.24414062,-0.30517578,0.18310547
0.10595703,-0.03759766,1.00683594,-0.24414062,-0.30517578,0.18310547
0.10498047,-0.03857422,1.00732422,-0.06103516,-0.24414062,0.12207031
0.10498047,-0.03857422,1.00732422,-0.06103516,-0.24414062,0.12207031
0.10546875,-0.03808594,1.00732422,-0.06103516,-0.24414062,0.12207031
0.10546875,-0.03808594,1.00732422,-0.06103516,-0.24414062,0.12207031
0.10449219,-0.03857422,1.00830078,-0.12207031,-0.24414062,0.18310547
0.10449219,-0.03857422,1.00830078,-0.12207031,-0.24414062,0.18310547
0.10449219,-0.0390625,1.00683594,-0.30517578,-0.24414062,0.12207031
0.10449219,-0.0390625,1.00683594,-0.30517578,-0.24414062,0.12207031
0.10400391,-0.0390625,1.0078125,-0.24414062,-0.30517578,0.12207031
0.10400391,-0.0390625,1.0078125,-0.24414062,-0.30517578,0.12207031
0.10546875,-0.03808594,1.00683594,-0.12207031,-0.24414062,0.18310547
0.10546875,-0.03808594,1.00683594,-0.12207031,-0.24414062,0.18310547
0.10498047,-0.03857422,1.00830078,-0.06103516,-0.18310547,0.12207031
0.10498047,-0.03857422,1.00830078,-0.06103516,-0.18310547,0.12207031
0.10449219,-0.03808594,1.00830078,-0.12207031,-0.18310547,0.18310547
0.10449219,-0.03808594,1.00830078,-0.12207031,-0.18310547,0.18310547
0.10498047,-0.03759766,1.00683594,-0.30517578,-0.24414062,0.12207031
0.10498047,-0.03759766,1.00683594,-0.30517578,-0.24414062,0.12207031
0.10449219,-0.03808594,1.00732422,-0.12207031,-0.18310547,0.12207031
0.10449219,-0.03808594,1.00732422,-0.12207031,-0.18310547,0.12207031
0.10498047,-0.03808594,1.00683594,-0.12207031,-0.24414062,0.06103516
0.10498047,-0.03808594,1.00683594,-0.12207031,-0.24414062,0.06103516
0.10400391,-0.03857422,1.00634766,-0.06103516,-0.18310547,0.12207031
0.10400391,-0.03857422,1.00634766,-0.06103516,-0.18310547,0.12207031
0.10400391,-0.03759766,1.00732422,-0.18310547,-0.18310547,0.24414062
0.10400391,-0.03759766,1.00732422,-0.18310547,-0.18310547,0.24414062
0.10400391,-0.03710938,1.00683594,-0.30517578,-0.24414062,0.18310547
0.10400391,-0.03710938,1.00683594,-0.30517578,-0.24414062,0.18310547
0.10400391,-0.03857422,1.00634766,-0.18310547,-0.24414062,0.12207031
0.10400391,-0.03857422,1.00634766,-0.18310547,-0.24414062,0.12207031
0.10400391,-0.03808594,1.00683594,-0.06103516,-0.24414062,0.12207031
0.10400391,-0.03808594,1.00683594,-0.06103516,-0.24414062,0.12207031
0.10498047,-0.03808594,1.00732422,-0.12207031,-0.24414062,0.12207031
0.10498047,-0.03808594,1.00732422,-0.12207031,-0.24414062,0.12207031
0.10498047,-0.0390625,1.00732422,-0.24414062,-0.24414062,0.18310547
0.10498047,-0.0390625,1.00732422,-0.24414062,-0.24414062,0.18310547
0.10693359,-0.03857422,1.00732422,-0.30517578,-0.30517578,0.18310547
0.10693359,-0.03857422,1.00732422,-0.30517578,-0.30517578,0.18310547
0.10644531,-0.0390625,1.00634766,-0.24414062,-0.30517578,0.12207031
0.10644531,-0.0390625,1.00634766,-0.24414062,-0.18310547,0.12207031
0.10644531,-0.03808594,1.00830078,-0.06103516,-0.30517578,0.06103516
0.10644531,-0.03808594,1.00830078,-0.06103516,-0.18310547,0.18310547
0.10498047,-0.0390625,1.00830078,-0.12207031,-0.18310547,0.12207031
0.10498047,-0.0390625,1.00830078,-0.24414062,-0.24414062,0.12207031
0.10595703,-0.03710938,1.00634766,-0.24414062,-0.18310547,0.18310547
0.10595703,-0.03710938,1.00634766,-0.12207031,-0.18310547,0.12207031
0.10546875,-0.03662109,1.00732422,-0.12207031,-0.18310547,0.12207031
0.10400391,-0.03662109,1.00732422,-0.30517578,-0.18310547,0.12207031
0.10449219,-0.03710938,1.00732422,-0.18310547,-0.24414062,0.12207031
0.10449219,-0.03710938,1.00732422,-0.24414062,-0.18310547,0.18310547
0.10449219,-0.03613281,1.00732422,-0.24414062,-0.18310547,0.18310547
0.10498047,-0.03710938,1.00732422,-0.12207031,-0.18310547,0.12207031
0.10400391,-0.03759766,1.0078125,-0.12207031,-0.18310547,0.12207031
0.10400391,-0.03759766,1.0078125,-0.12207031,-0.30517578,0.12207031
0.1015625,-0.03808594,1.00830078,-0.12207031,-0.30517578,0.12207031
0.10302734,-0.03759766,1.00732422,-0.24414062,-0.24414062,0.18310547
0.10400391,-0.03857422,1.00683594,-0.30517578,-0.18310547,0.18310547
0.10400391,-0.03857422,1.00683594,-0.18310547,-0.24414062,0.12207031
0.10400391,-0.03808594,1.00683594,-0.18310547,-0.24414062,0.12207031
0.10400391,-0.0390625,1.00732422,-0.18310547,-0.30517578,0.12207031
0.10498047,-0.03955078,1.00732422,-0.24414062,-0.18310547,0.18310547
0.10400391,-0.04003906,1.00732422,-0.06103516,-0.24414062,0.12207031
0.10595703,-0.03808594,1.0078125,-0.18310547,-0.30517578,0.12207031
0.10595703,-0.03808594,1.0078125,-0.18310547,-0.24414062,0.18310547
0.10546875,-0.03808594,1.00585938,-0.18310547,-0.24414062,0.18310547
0.10498047,-0.03955078,1.00585938,-0.24414062,-0.24414062,0.18310547
0.10498047,-0.03955078,1.0078125,-0.24414062,-0.24414062,0.12207031
0.10498047,-0.03955078,1.0078125,-0.12207031,-0.24414062,0.12207031
0.10546875,-0.03857422,1.0078125,-0.12207031,-0.24414062,0.12207031
0.10498047,-0.03857422,1.00830078,-0.24414062,-0.30517578,0.12207031
0.10498047,-0.03662109,1.0078125,-0.18310547,-0.18310547,0.12207031
0.10498047,-0.03662109,1.00585938,-0.67138672,0.54931641,0.24414062
0.10693359,-0.03808594,1.00585938,-0.67138672,0.54931641,0.24414062
0.10400391,-0.03857422,1.00537109,-0.30517578,0.79345703,0.42724609
0.06103516,-0.03515625,1.00927734,-0.12207031,0.61035156,0.24414062
0.1015625,-0.03027344,1.00292969,0.73242188,0.36621094,-0.61035156
0.1015625,-0.03027344,1.00292969,0.73242188,0.36621094,-0.61035156
0.12011719,-0.03710938,1.00195312,1.52587891,-0.42724609,-0.91552734
0.0859375,-0.02783203,1.01611328,2.01416016,-0.54931641,-1.58691406
0.08154297,-0.04541016,1.01513672,1.09863281,-0.48828125,-2.07519531
0.08154297,-0.04541016,1.01513672,1.09863281,-0.48828125,-2.07519531
0.08056641,-0.04296875,1.00537109,1.15966797,-0.36621094,-2.31933594
0.14501953,-0.04248047,1.00097656,2.38037109,-1.40380859,-2.44140625
0.14746094,-0.04296875,1.00341797,2.68554688,-1.22070312,-1.52587891
0.14746094,-0.04296875,1.00341797,2.68554688,-1.22070312,-1.52587891
0.13574219,-0.04638672,1.01464844,1.58691406,-0.48828125,-0.18310547
0.10351562,-0.03857422,1.01513672,-2.01416016,0,0.18310547
0.10839844,-0.03955078,0.99707031,-1.64794922,-0.06103516,0.18310547
0.10839844,-0.03955078,0.99707031,-1.64794922,-0.06103516,0.18310547
0.11572266,-0.04101562,0.99267578,0.18310547,-0.12207031,0.24414062
0.09130859,-0.03466797,1.01708984,0.9765625,-0.54931641,0.06103516
0.10693359,-0.03662109,1.01660156,-0.24414062,-0.67138672,-0.18310547
0.10693359,-0.03662109,1.01660156,-0.24414062,-0.67138672,-0.18310547
0.10595703,-0.03564453,1.00976562,-1.09863281,-0.42724609,-0.06103516
0.10400391,-0.03710938,1.00195312,-0.12207031,-0.12207031,-0.06103516
0.10302734,-0.03759766,1.00244141,0.61035156,-0.12207031,-0.18310547
0.10302734,-0.03759766,1.00244141,0.61035156,-0.12207031,-0.18310547
0.10546875,-0.03710938,1.00878906,0.67138672,0.18310547,-0.18310547
0.10546875,-0.03320312,1.01123047,-0.54931641,0.42724609,-0.12207031
0.10595703,-0.03271484,1.00488281,-0.85449219,0.42724609,-0.36621094
0.10595703,-0.03271484,1.00488281,-0.85449219,0.42724609,-0.36621094
0.10449219,-0.03515625,1.00146484,-0.18310547,0.54931641,-0.36621094
0.10449219,-0.02929688,1.00195312,1.28173828,0.61035156,-0.54931641
0.10839844,-0.03076172,1.00390625,1.77001953,0.61035156,-0.85449219
0.10839844,-0.03076172,1.00390625,1.77001953,0.61035156,-0.85449219
0.11474609,-0.03662109,1.01904297,1.28173828,0.54931641,-0.85449219
0.109375,-0.0390625,1.00390625,-2.38037109,0.79345703,-0.12207031
0.11328125,-0.03417969,1.00292969,-1.70898438,0.85449219,0.06103516
0.11328125,-0.03417969,1.00292969,-1.70898438,0.85449219,0.06103516
0.09570312,-0.03662109,1.00634766,-1.15966797,0.67138672,-0.06103516
0.10595703,-0.03613281,1.00878906,-1.22070312,0.67138672,-0.06103516
0.10449219,-0.03662109,1.0078125,-1.28173828,0.67138672,0
0.10205078,-0.03662109,1.00976562,-1.58691406,0.67138672,0
0.10498047,-0.03662109,1.00927734,-1.953125,0.91552734,0.12207031
0.10742188,-0.03662109,1.00537109,-1.89208984,1.09863281,0.12207031
0.10107422,-0.03710938,1.00976562,-2.19726562,1.22070312,0.18310547
0.10351562,-0.03955078,1.00439453,-1.89208984,0.85449219,0
0.10546875,-0.03662109,1.00390625,-1.64794922,0.9765625,-0.12207031
0.09814453,-0.03857422,1.01123047,-1.52587891,0.9765625,0
0.09619141,-0.0390625,1.00878906,-2.01416016,0.9765625,-0.06103516
0.10253906,-0.03857422,1.00634766,-2.01416016,0.85449219,0
0.10058594,-0.03759766,1.00488281,-1.52587891,0.61035156,0.06103516
0.10205078,-0.03759766,1.00732422,-1.28173828,0.48828125,0.06103516
0.10107422,-0.03808594,1.00683594,-0.9765625,0.30517578,0.12207031
0.09423828,-0.04394531,0.99462891,-0.48828125,-0.48828125,0.12207031
0.09570312,-0.04248047,0.99365234,-0.24414062,-0.54931641,0
0.09472656,-0.04101562,0.98974609,-0.36621094,-0.61035156,-0.30517578
0.09423828,-0.04003906,0.99316406,-0.54931641,-0.42724609,-0.73242188
0.09375,-0.04150391,0.99560547,-0.36621094,-0.61035156,-0.91552734
0.08935547,-0.03857422,0.99609375,0.24414062,-0.85449219,-0.91552734
0.08691406,-0.04248047,0.99365234,0.42724609,-0.91552734,-0.36621094
0.10302734,-0.04003906,0.99121094,0.06103516,-0.79345703,-0.42724609
0.09375,-0.03710938,0.99023438,0.06103516,-0.79345703,-0.9765625
0.08837891,-0.04541016,0.99316406,0.24414062,-0.91552734,-0.85449219
0.09179688,-0.04101562,0.99414062,0.54931641,-0.9765625,-0.48828125
0.10351562,-0.04003906,0.99169922,0.61035156,-0.9765625,-0.61035156
0.09960938,-0.03955078,0.99169922,0.18310547,-0.85449219,-1.34277344
0.09960938,-0.04052734,0.9921875,0.06103516,-0.61035156,-1.953125
0.09179688,-0.0390625,0.99316406,0.06103516,-0.54931641,-2.07519531
0.09033203,-0.04296875,0.99560547,0.12207031,-0.61035156,-1.70898438
0.09423828,-0.04101562,0.99511719,0,-0.61035156,-1.52587891
0.11181641,-0.05224609,0.99853516,0.18310547,-0.79345703,-1.58691406
0.26513672,-0.11328125,0.99169922,-1.40380859,-0.91552734,-3.60107422
0.11767578,-0.03369141,0.98193359,-1.953125,-0.85449219,-5.61523438
-0.04785156,0.03417969,0.98925781,-1.09863281,-0.79345703,-2.07519531
0.00634766,-0.03369141,1.02294922,-2.86865234,0.18310547,-1.03759766
0.09619141,-0.05371094,0.97705078,0.30517578,-0.9765625,-0.73242188
0.08349609,-0.03613281,0.99658203,2.62451172,-1.52587891,-0.61035156
0.0859375,-0.04492188,0.99804688,0.67138672,-0.9765625,-0.85449219
0.0859375,-0.0390625,0.98925781,-0.18310547,-0.79345703,-0.18310547
0.08935547,-0.04296875,0.99462891,-0.42724609,-0.48828125,0.12207031
0.08935547,-0.04345703,0.9921875,-0.9765625,-0.36621094,0.12207031
0.08935547,-0.04150391,0.99267578,-1.28173828,-0.18310547,0
0.08691406,-0.04003906,0.99462891,-2.01416016,0,-0.18310547
0.09179688,-0.04296875,0.99267578,-2.38037109,0.18310547,-0.30517578
0.08837891,-0.04101562,0.99365234,-2.44140625,0.24414062,0
0.09033203,-0.04248047,0.99414062,-2.56347656,0.24414062,0
0.08984375,-0.04296875,0.9921875,-2.07519531,0,0.85449219
0.10253906,-0.04931641,0.99121094,-1.28173828,0,0.85449219
0.10693359,-0.03369141,0.99072266,-0.67138672,-0.30517578,-0.36621094
0.08984375,-0.05126953,0.99511719,-0.67138672,-0.30517578,-0.36621094
0.10986328,-0.04345703,0.99902344,1.28173828,-1.03759766,-2.01416016
0.08691406,-0.03759766,0.99462891,1.28173828,-1.03759766,-2.01416016
0.10791016,-0.05419922,0.9921875,-0.73242188,-0.30517578,-4.33349609
0.13037109,-0.05517578,0.97851562,-0.73242188,-0.30517578,-4.33349609
0.30761719,-0.18066406,1.01757812,-3.47900391,-1.70898438,-10.19287109
0.09765625,-0.04931641,0.99609375,-3.47900391,-1.70898438,-10.19287109
-0.06103516,0.05908203,0.98242188,-2.25830078,0.36621094,-1.953125
-0.06884766,0.02441406,0.98242188,-2.25830078,0.36621094,-1.953125
0.08105469,-0.0390625,0.99414062,0.36621094,-0.36621094,-0.42724609
0.08105469,-0.0390625,0.99414062,0.36621094,-0.36621094,-0.42724609
0.09033203,-0.04345703,1.00097656,-1.58691406,0.12207031,-0.06103516
0.09033203,-0.04345703,1.00097656,-1.58691406,0.12207031,-0.06103516
0.09082031,-0.04492188,0.99414062,-1.46484375,-0.18310547,0
0.09082031,-0.04492188,0.99414062,-1.46484375,-0.18310547,0
0.09570312,-0.04101562,0.98828125,-1.15966797,-0.18310547,-0.18310547
0.09570312,-0.04101562,0.98828125,-1.15966797,-0.18310547,-0.18310547
0.10107422,-0.04882812,0.99316406,-0.42724609,1.28173828,-0.73242188
0.10107422,-0.04882812,0.99316406,-0.42724609,1.28173828,-0.73242188
0.10351562,-0.04248047,0.98779297,-1.70898438,6.40869141,-0.79345703
0.10351562,-0.04248047,0.98779297,-1.70898438,6.40869141,-0.79345703
0.09082031,-0.04882812,0.99462891,-2.38037109,9.03320312,-1.70898438
0.09082031,-0.04882812,0.99462891,-2.38037109,9.03320312,-1.70898438
0.08447266,-0.04541016,0.99414062,-2.19726562,10.19287109,-1.77001953
0.08447266,-0.04541016,0.99414062,-2.19726562,10.19287109,-1.77001953
0.23730469,-0.11230469,1.015625,-4.63867188,7.44628906,-5.24902344
0.23730469,-0.11230469,1.015625,-4.63867188,7.44628906,-5.24902344
0.03417969,-0.01953125,0.97412109,-2.50244141,7.50732422,-2.99072266
0.03417969,-0.01953125,0.97412109,-2.50244141,7.50732422,-2.99072266
0.0703125,-0.04345703,1.00195312,-1.34277344,7.32421875,-1.64794922
0.0703125,-0.04345703,1.00195312,-1.34277344,7.32421875,-1.64794922
0.12744141,-0.05078125,1.00146484,-0.48828125,6.10351562,-2.56347656
0.12744141,-0.05078125,1.00146484,-0.48828125,6.10351562,-2.56347656
0.06347656,-0.03759766,0.98730469,-0.48828125,5.49316406,-2.13623047
0.06347656,-0.03759766,0.98730469,-0.48828125,5.49316406,-2.13623047
0.10302734,-0.05126953,0.99951172,-0.67138672,6.10351562,-2.56347656
0.10302734,-0.05126953,0.99951172,-0.67138672,6.10351562,-2.56347656
0.1171875,-0.04003906,0.98486328,-1.70898438,5.98144531,-2.19726562
0.1171875,-0.04003906,0.98486328,-1.70898438,5.98144531,-2.19726562
0.01220703,-0.05224609,0.98535156,-1.89208984,6.95800781,-2.07519531
0.01220703,-0.05224609,0.98535156,-1.89208984,6.95800781,-2.07519531
0.07861328,-0.05126953,0.99560547,-0.73242188,7.01904297,-2.31933594
0.07861328,-0.05126953,0.99560547,-0.73242188,7.01904297,-2.31933594
0.06103516,-0.04833984,0.99462891,-0.30517578,6.59179688,-2.38037109
0.06103516,-0.04833984,0.99462891,-0.30517578,6.59179688,-2.38037109
0.08984375,-0.05126953,1,-1.22070312,6.95800781,-2.56347656
0.08984375,-0.05126953,1,-1.22070312,6.95800781,-2.56347656
0.08740234,-0.04492188,1.00048828,-0.24414062,6.16455078,-2.99072266
0.08740234,-0.04492188,1.00048828,-0.24414062,6.16455078,-2.99072266
0.11474609,-0.04199219,1.00048828,-0.9765625,5.859375,-4.33349609
0.11474609,-0.04199219,1.00048828,-0.9765625,5.859375,-4.33349609
0.11132812,-0.04199219,1.00634766,-0.54931641,5.37109375,-6.04248047
0.11132812,-0.04199219,1.00634766,-0.54931641,5.37109375,-6.04248047
0.06738281,-0.04003906,0.98925781,-0.67138672,4.8828125,-7.26318359
0.06738281,-0.04003906,0.98925781,-0.67138672,4.8828125,-7.26318359
0.02441406,-0.05078125,0.98388672,-2.74658203,4.63867188,-7.38525391
0.02441406,-0.05078125,0.98388672,-2.74658203,4.63867188,-7.38525391
0.02587891,-0.05371094,0.99853516,0.73242188,2.50244141,-6.28662109
0.02587891,-0.05371094,0.99853516,0.73242188,2.50244141,-6.28662109
0.01953125,-0.04589844,0.99072266,3.54003906,1.15966797,-4.51660156
0.01953125,-0.04589844,0.99072266,3.54003906,1.15966797,-4.51660156
0.0546875,-0.0390625,0.99902344,1.34277344,0.18310547,-2.9296875
0.0546875,-0.0390625,0.99902344,1.34277344,0.18310547,-2.9296875
0.07714844,-0.03076172,1.00976562,-2.01416016,-1.22070312,-0.91552734
0.07714844,-0.03076172,1.00976562,-2.01416016,-1.22070312,-0.91552734
0.06738281,-0.03710938,1.00683594,0.73242188,-2.44140625,0.73242188
0.06738281,-0.03710938,1.00683594,0.73242188,-2.44140625,0.73242188
0.06201172,-0.03613281,0.99560547,2.62451172,-2.74658203,1.70898438
0.06201172,-0.03613281,0.99560547,2.62451172,-2.74658203,1.70898438
0.06054688,-0.04248047,0.99511719,1.64794922,-2.38037109,2.13623047
0.06054688,-0.04248047,0.99511719,1.64794922,-2.38037109,2.13623047
0.06201172,-0.05126953,0.98779297,1.46484375,-2.44140625,2.31933594
0.06201172,-0.05126953,0.98779297,1.46484375,-2.44140625,2.31933594
0.06396484,-0.05029297,0.9921875,1.15966797,-1.34277344,0.85449219
0.06396484,-0.05029297,0.9921875,1.15966797,-1.34277344,0.85449219
0.07617188,-0.04882812,0.99169922,-0.18310547,-0.54931641,-0.30517578
0.07617188,-0.04882812,0.99169922,-0.18310547,-0.54931641,-0.30517578
0.08154297,-0.05078125,1.00390625,0.36621094,-0.30517578,-1.64794922
0.08154297,-0.05078125,1.00390625,0.36621094,-0.30517578,-1.64794922
0.046875,-0.05322266,0.99804688,2.74658203,-1.70898438,-1.52587891
0.046875,-0.05322266,0.99804688,2.74658203,-1.70898438,-1.52587891
0.08886719,-0.05029297,1.00732422,4.15039062,-2.86865234,-0.73242188
0.08886719,-0.05029297,1.00732422,4.15039062,-2.86865234,-0.73242188
0.08154297,-0.04541016,0.99804688,4.63867188,-3.17382812,-1.03759766
0.08154297,-0.04541016,0.99804688,4.63867188,-3.17382812,-1.03759766
0.07324219,-0.04199219,1.00244141,5.92041016,-3.05175781,-1.22070312
0.07324219,-0.04199219,1.00244141,5.92041016,-3.05175781,-1.22070312
0.07324219,-0.04394531,1,5.859375,-2.13623047,-1.28173828
0.07324219,-0.04394531,1,5.859375,-2.13623047,-1.28173828
0.05859375,-0.03417969,0.99365234,5.31005859,-2.19726562,-1.83105469
0.05859375,-0.03417969,0.99365234,5.31005859,-2.19726562,-1.83105469
0.05322266,-0.04052734,0.99316406,4.33349609,-0.91552734,-0.85449219
0.05322266,-0.04052734,0.99316406,4.33349609,-0.91552734,-0.85449219
0.05029297,-0.04101562,1.00292969,4.08935547,2.25830078,0.54931641
0.05029297,-0.04101562,1.00292969,4.08935547,2.25830078,0.54931641
0.02685547,-0.04541016,0.99267578,0.9765625,7.93457031,1.89208984
0.02685547,-0.04541016,0.99267578,0.9765625,7.93457031,1.89208984
0.03857422,-0.01416016,1.02099609,2.31933594,15.07568359,1.46484375
0.03857422,-0.01416016,1.02099609,2.31933594,15.07568359,1.46484375
0.07275391,-0.05712891,1.04492188,5.12695312,23.37646484,3.72314453
0.07275391,-0.05712891,1.04492188,5.12695312,23.37646484,3.72314453
0.05273438,-0.03857422,1.04541016,1.953125,24.29199219,4.02832031
0.0390625,-0.03955078,1.03466797,0,24.53613281,4.63867188
0.04345703,-0.04736328,1.04980469,2.56347656,26.30615234,4.45556641
0.04345703,-0.04736328,1.04980469,2.56347656,26.30615234,4.45556641
-0.04589844,-0.05078125,1.05419922,6.10351562,26.30615234,3.47900391
-0.04589844,-0.05078125,1.05419922,6.10351562,26.30615234,3.47900391
0.00341797,-0.04589844,1.04833984,7.01904297,27.58789062,5.12695312
0.00341797,-0.04589844,1.04833984,7.01904297,27.58789062,5.12695312
0.00341797,-0.06005859,1.0546875,7.01904297,25.87890625,3.23486328
0.00341797,-0.06005859,1.0546875,7.01904297,25.87890625,3.23486328
-0.03271484,-0.04589844,1.02246094,3.66210938,21.24023438,3.41796875
-0.03271484,-0.04589844,1.02246094,3.66210938,21.24023438,3.41796875
0.04101562,-0.05761719,1.03125,-3.17382812,15.44189453,2.31933594
0.04101562,-0.05761719,1.03125,-3.17382812,15.44189453,2.31933594
0.07177734,-0.05322266,0.99902344,-12.26806641,9.58251953,1.09863281
0.07177734,-0.05322266,0.99902344,-12.26806641,9.58251953,1.09863281
0.06005859,-0.04296875,0.99316406,-21.17919922,4.51660156,1.89208984
0.06005859,-0.04296875,0.99316406,-21.17919922,4.51660156,1.89208984
0.05908203,-0.05908203,0.98828125,-19.40917969,-5.31005859,3.11279297
0.05908203,-0.05908203,0.98828125,-19.40917969,-5.31005859,3.11279297
0.17431641,-0.05859375,0.97021484,-12.32910156,-14.77050781,0.24414062
0.17431641,-0.05859375,0.97021484,-12.32910156,-14.77050781,0.24414062
0.13720703,-0.05615234,0.94628906,-8.17871094,-22.4609375,-1.40380859
0.13720703,-0.05615234,0.94628906,-8.17871094,-22.4609375,-1.40380859
0.09375,-0.00927734,0.890625,-4.63867188,-22.82714844,-0.9765625
0.09375,-0.00927734,0.890625,-4.63867188,-22.82714844,-0.9765625
0.00292969,0.01904297,0.88427734,1.22070312,-11.59667969,2.31933594
0.00292969,0.01904297,0.88427734,1.22070312,-11.59667969,2.31933594
-0.04931641,0.02685547,0.91552734,8.60595703,5.12695312,7.99560547
-0.04931641,0.02685547,0.91552734,8.60595703,5.12695312,7.99560547
-0.10107422,-0.03613281,0.9609375,10.7421875,13.671875,10.43701172
-0.10107422,-0.03613281,0.9609375,10.7421875,13.671875,10.43701172
-0.02392578,-0.04443359,0.98144531,10.7421875,9.46044922,7.32421875
-0.02392578,-0.04443359,0.98144531,10.7421875,9.46044922,7.32421875
-0.00146484,-0.03857422,1.00146484,13.24462891,6.77490234,4.63867188
-0.00146484,-0.03857422,1.00146484,13.24462891,6.77490234,4.63867188
0.00634766,-0.06542969,1.03076172,18.98193359,7.44628906,1.15966797
0.00634766,-0.06542969,1.03076172,18.98193359,7.44628906,1.15966797
0.0078125,-0.07519531,1.02929688,24.53613281,8.72802734,0.06103516
0.0078125,-0.07519531,1.02929688,24.53613281,8.72802734,0.06103516
0.05712891,-0.06689453,1.0625,22.09472656,4.02832031,-3.41796875
0.05712891,-0.06689453,1.0625,22.09472656,4.02832031,-3.41796875
0.13623047,-0.05078125,1.171875,20.14160156,0.67138672,-36.86523438
0.13623047,-0.05078125,1.171875,20.14160156,0.67138672,-36.86523438
0.10302734,-0.11083984,0.89501953,31.86035156,-10.25390625,-27.95410156
0.10302734,-0.11083984,0.89501953,31.86035156,-10.25390625,-27.95410156
0.11914062,-0.05908203,1.01855469,13.00048828,-7.32421875,-8.91113281
0.11914062,-0.05908203,1.01855469,13.00048828,-7.32421875,-8.91113281
0.06298828,0.00195312,0.94189453,-13.671875,-0.06103516,-4.08935547
0.06298828,0.00195312,0.94189453,-13.671875,-0.06103516,-4.08935547
0.015625,0.02246094,0.94726562,-12.20703125,3.47900391,-1.22070312
0.015625,0.02246094,0.94726562,-12.20703125,3.47900391,-1.22070312
0.02734375,0.01416016,0.93359375,2.38037109,9.03320312,-1.52587891
0.02734375,0.01416016,0.93359375,2.38037109,9.03320312,-1.52587891
0.04541016,0.02490234,0.93554688,11.90185547,10.13183594,-2.9296875
0.04541016,0.02490234,0.93554688,11.90185547,10.13183594,-2.9296875
-0.0234375,0.00976562,0.95117188,10.31494141,13.79394531,0.06103516
-0.0234375,0.00976562,0.95117188,10.31494141,13.79394531,0.06103516
-0.00976562,-0.03613281,0.99462891,8.17871094,14.40429688,5.61523438
-0.00976562,-0.03613281,0.99462891,8.17871094,14.40429688,5.61523438
-0.00146484,-0.01464844,1.03466797,3.96728516,10.31494141,4.45556641
-0.00146484,-0.01464844,1.03466797,3.96728516,6.95800781,4.27246094
0.01318359,-0.05957031,1.04931641,6.53076172,3.84521484,2.80761719
0.01318359,-0.05957031,1.04931641,9.27734375,0.91552734,1.40380859
0.05322266,-0.05810547,1.05029297,12.57324219,-2.31933594,-0.79345703
0.05322266,-0.05810547,1.05029297,14.03808594,-5.43212891,-2.9296875
0.01855469,0.00244141,1.0078125,14.09912109,-6.04248047,-4.08935547
0.01855469,0.00244141,1.0078125,12.39013672,-3.78417969,-3.72314453
-0.02832031,0.00341797,1.00488281,9.21630859,0,-2.50244141
-0.02832031,0.00341797,1.00488281,7.62939453,3.23486328,-1.64794922
-0.00439453,-0.00927734,1.05957031,9.21630859,3.84521484,-1.953125
-0.00439453,-0.00488281,1.06103516,11.04736328,2.68554688,-3.35693359
0.07421875,-0.01074219,1.06494141,13.00048828,0.91552734,-4.8828125
0.07861328,-0.01220703,1.05419922,16.17431641,-0.9765625,-6.04248047
0.06640625,-0.00341797,1.04052734,18.49365234,-1.83105469,-6.34765625
0.05810547,-0.00537109,1.046875,17.94433594,-1.58691406,-6.22558594
0.06103516,-0.01123047,1.06738281,16.11328125,-1.46484375,-6.53076172
0.06201172,-0.01855469,1.07226562,13.12255859,-1.15966797,-6.89697266
0.06103516,-0.02490234,1.07373047,9.765625,-0.85449219,-7.44628906
0.06298828,0.00439453,1.06835938,8.36181641,-0.9765625,-8.66699219
0.06005859,-0.00927734,1.05566406,7.26318359,-1.34277344,-10.49804688
0.06347656,0.00390625,1.05029297,4.63867188,-1.28173828,-12.6953125
0.05078125,0.03173828,1.04394531,5.92041016,-0.61035156,-13.12255859
0.02978516,0.05908203,1.03369141,9.27734375,0.24414062,-11.35253906
0.02685547,0.03808594,1.04345703,11.65771484,0.85449219,-9.27734375
0.02832031,0.01025391,1.05371094,12.26806641,0.18310547,-8.42285156
0.03515625,0.01025391,1.05517578,12.51220703,-1.89208984,-8.72802734
0.04199219,0.02490234,1.05078125,12.45117188,-3.90625,-9.15527344
0.0390625,0.02734375,1.0546875,12.08496094,-5.37109375,-9.39941406
0.03808594,0.02392578,1.05126953,11.71875,-6.10351562,-10.00976562
0.02441406,0.0234375,1.04296875,11.35253906,-5.73730469,-10.31494141
-0.00488281,0.03808594,1.01611328,11.59667969,-3.11279297,-9.09423828
-0.0390625,0.03662109,1.0234375,11.90185547,0.9765625,-6.40869141
-0.04931641,0.02587891,1.04736328,12.02392578,4.51660156,-4.27246094
-0.04150391,0.00537109,1.0625,12.20703125,6.59179688,-3.35693359
-0.02539062,-0.00585938,1.06396484,11.90185547,7.14111328,-3.90625
-0.00244141,0.00830078,1.06542969,11.53564453,6.8359375,-4.8828125
0.00341797,0.02246094,1.04736328,11.47460938,6.89697266,-5.06591797
-0.01660156,0.02685547,1.01904297,10.92529297,7.8125,-4.27246094
-0.02587891,0.02490234,1.00830078,9.03320312,9.52148438,-3.05175781
-0.00732422,0.02587891,1.01123047,5.859375,11.47460938,-2.44140625
0.01416016,0.04443359,1.01660156,3.17382812,12.93945312,-2.25830078
0.00634766,0.046875,1.02587891,1.64794922,13.79394531,-2.25830078
0.00195312,0.03564453,1.03271484,1.40380859,13.24462891,-2.62451172
0.01074219,0.02197266,1.03662109,0.9765625,11.53564453,-3.41796875
0.02148438,0.01074219,1.03955078,0.12207031,9.52148438,-4.76074219
0.02636719,0.015625,1.04345703,0.42724609,7.87353516,-5.73730469
0.0234375,0.01806641,1.04052734,1.953125,6.65283203,-5.61523438
0.01660156,0.01367188,1.04248047,4.76074219,5.31005859,-4.82177734
0.01269531,-0.00439453,1.04492188,8.11767578,3.41796875,-4.8828125
0.00195312,0.00878906,1.03222656,9.82666016,2.19726562,-5.67626953
-0.01220703,0.02050781,1.01708984,9.88769531,2.25830078,-5.859375
-0.02392578,0.0390625,1.01074219,8.91113281,3.29589844,-5.49316406
-0.03027344,0.05371094,1.00439453,7.20214844,4.8828125,-4.51660156
-0.02392578,0.04150391,1.01806641,5.18798828,6.53076172,-3.41796875
-0.02099609,0.02294922,1.04052734,3.66210938,7.14111328,-3.23486328
-0.02197266,0.01611328,1.04443359,3.54003906,6.65283203,-3.17382812
-0.01855469,0.01464844,1.04736328,4.8828125,6.04248047,-3.05175781
-0.01757812,0.02099609,1.04541016,6.71386719,5.43212891,-3.35693359
-0.01806641,0.01904297,1.04150391,6.8359375,5.18798828,-3.84521484
-0.03222656,0.02001953,1.04980469,6.16455078,5.18798828,-4.21142578
-0.05761719,0.03369141,1.05322266,5.24902344,5.61523438,-3.78417969
-0.06298828,0.02050781,1.05664062,4.15039062,7.93457031,-2.44140625
-0.05078125,0.00537109,1.05908203,2.38037109,7.93457031,-2.44140625
-0.03076172,0.00341797,1.05810547,-0.12207031,9.765625,-2.25830078
-0.01220703,0.01416016,1.04980469,-0.12207031,9.765625,-2.25830078
-0.0078125,0.01855469,1.04150391,0.61035156,11.65771484,-1.58691406
-0.00927734,0.02099609,1.03466797,0.61035156,11.65771484,-1.58691406
-0.01855469,0.02929688,1.02880859,3.47900391,13.42773438,-0.61035156
-0.01855469,0.02539062,1.03564453,3.47900391,13.42773438,-0.61035156
-0.01074219,0.01416016,1.04931641,6.59179688,12.63427734,-1.40380859
-0.00146484,0.00927734,1.04003906,6.59179688,12.63427734,-1.40380859
-0.00195312,0.00634766,1.03564453,1.58691406,11.90185547,-2.38037109
-0.0078125,0.0078125,1.03564453,1.58691406,11.90185547,-2.38037109
0.00195312,0.01708984,1.04199219,4.45556641,10.7421875,-3.35693359
0.01171875,0.01708984,1.04199219,4.45556641,10.7421875,-3.35693359
-0.00292969,0.02099609,1.03759766,7.56835938,9.33837891,-4.69970703
-0.00292969,0.02099609,1.03759766,7.56835938,9.33837891,-4.69970703
-0.03417969,0.01904297,1.03857422,2.9296875,8.91113281,-5.859375
-0.03417969,0.01904297,1.03857422,2.9296875,8.91113281,-5.859375
-0.02441406,0.0078125,1.04492188,-1.03759766,8.36181641,-6.89697266
-0.02441406,0.0078125,1.04492188,-1.03759766,8.36181641,-6.89697266
-0.00390625,0.03710938,1.03759766,6.46972656,5.92041016,-7.87353516
-0.00390625,0.03710938,1.03759766,6.46972656,5.92041016,-7.87353516
-0.00195312,0.04443359,0.98486328,9.94873047,3.41796875,-9.46044922
-0.00195312,0.04443359,0.98486328,9.94873047,3.41796875,-9.46044922
0.00585938,0.04492188,0.97851562,7.62939453,7.50732422,-5.92041016
0.00585938,0.04492188,0.97851562,7.62939453,7.50732422,-5.92041016
0.015625,0.05419922,0.97753906,11.10839844,11.84082031,-1.40380859
0.015625,0.05419922,0.97753906,11.10839844,11.84082031,-1.40380859
-0.00048828,0.05273438,0.98828125,10.92529297,13.36669922,-1.03759766
-0.00048828,0.05273438,0.98828125,10.92529297,13.36669922,-1.03759766
0,0.03662109,0.99511719,10.55908203,16.05224609,-0.18310547
0,0.03662109,0.99511719,10.55908203,16.05224609,-0.18310547
-0.00537109,0.03027344,1.03125,14.22119141,17.02880859,0.79345703
-0.00537109,0.03027344,1.03125,14.22119141,17.02880859,0.79345703
-0.00830078,0.02148438,1.05810547,13.30566406,12.6953125,-0.42724609
-0.00830078,0.02148438,1.05810547,13.30566406,12.6953125,-0.42724609
-0.0234375,0.01904297,1.03759766,8.66699219,7.87353516,-2.13623047
-0.0234375,0.01904297,1.03759766,8.66699219,7.87353516,-2.13623047
-0.03466797,0.04541016,1.01708984,6.71386719,7.26318359,-1.03759766
-0.03466797,0.04541016,1.01708984,6.71386719,7.26318359,-1.03759766
-0.04394531,0.04541016,0.99072266,8.60595703,6.53076172,-2.01416016
-0.04394531,0.04541016,0.99072266,8.60595703,6.53076172,-2.01416016
-0.04296875,0.07080078,0.97509766,7.8125,4.33349609,-4.51660156
-0.04296875,0.07080078,0.97509766,7.8125,4.33349609,-4.51660156
-0.00683594,0.08398438,0.97363281,10.68115234,2.62451172,-4.27246094
-0.00683594,0.08398438,0.97363281,10.68115234,2.62451172,-4.27246094
-0.02929688,0.07275391,0.94824219,14.22119141,4.21142578,-2.62451172
-0.02929688,0.07275391,0.94824219,14.22119141,4.21142578,-2.62451172
-0.07324219,0.07763672,0.98388672,12.02392578,6.34765625,-1.09863281
-0.07324219,0.07763672,0.98388672,12.02392578,6.34765625,-1.09863281
-0.06689453,0.06884766,0.98193359,13.24462891,8.42285156,-0.24414062
-0.06689453,0.06884766,0.98193359,13.24462891,8.42285156,-0.24414062
-0.06396484,0.05517578,0.97558594,12.45117188,9.88769531,-1.70898438
-0.06396484,0.05517578,0.97558594,12.45117188,9.88769531,-1.70898438
-0.05273438,0.06835938,0.97314453,11.16943359,11.90185547,-1.52587891
-0.05273438,0.06835938,0.97314453,11.16943359,11.90185547,-1.52587891
-0.02636719,0.06396484,0.98730469,11.90185547,12.57324219,-1.70898438
-0.02636719,0.06396484,0.98730469,11.90185547,12.57324219,-1.70898438
-0.03369141,0.05664062,0.98730469,9.58251953,11.65771484,-1.77001953
-0.03369141,0.05664062,0.98730469,9.58251953,11.65771484,-1.77001953
-0.04345703,0.06982422,0.99414062,8.17871094,9.64355469,-0.18310547
-0.04345703,0.06982422,0.99414062,8.17871094,9.64355469,-0.18310547
-0.04541016,0.05029297,0.99072266,6.95800781,6.28662109,-1.58691406
-0.04541016,0.05029297,0.99072266,6.95800781,6.28662109,-1.58691406
-0.04638672,0.04589844,0.97363281,3.84521484,3.66210938,-2.62451172
-0.04638672,0.04589844,0.97363281,3.84521484,3.66210938,-2.62451172
-0.04736328,0.06884766,0.93798828,4.08935547,3.54003906,-2.31933594
-0.04736328,0.06884766,0.93798828,4.08935547,3.54003906,-2.31933594
-0.04150391,0.06884766,0.96826172,1.46484375,2.01416016,-2.25830078
-0.04150391,0.06884766,0.96826172,1.46484375,2.01416016,-2.25830078
0.00683594,0.07373047,0.93994141,2.07519531,-0.18310547,0.12207031
0.00683594,0.07373047,0.93994141,2.07519531,-0.18310547,0.12207031
-0.04150391,0.09960938,0.87548828,0.30517578,1.03759766,2.68554688
-0.04150391,0.09960938,0.87548828,0.30517578,1.03759766,2.68554688
-0.04736328,0.10498047,0.86767578,-1.52587891,4.21142578,5.61523438
-0.04736328,0.10498047,0.86767578,-1.52587891,4.21142578,5.61523438
-0.09912109,0.12060547,0.88964844,5.18798828,8.48388672,8.54492188
-0.09912109,0.12060547,0.88964844,5.18798828,8.48388672,8.54492188
-0.09912109,0.13671875,0.86230469,8.85009766,11.65771484,7.8125
-0.16748047,0.10595703,0.89453125,7.8125,14.28222656,7.8125
-0.06542969,0.01513672,1.02246094,2.01416016,15.93017578,5.73730469
-0.06542969,0.01513672,1.02246094,2.01416016,15.93017578,5.73730469
0.00146484,0.02636719,1.05126953,-1.34277344,8.91113281,4.57763672
0.00146484,0.02636719,1.05126953,-1.34277344,8.91113281,4.57763672
0,0.06494141,0.97314453,-6.77490234,0.73242188,3.47900391
0,0.06494141,0.97314453,-6.77490234,0.73242188,3.47900391
-0.04589844,0.07275391,0.92431641,-14.70947266,-3.05175781,2.01416016
-0.03662109,0.08251953,0.92089844,-14.95361328,-2.44140625,2.13623047
-0.03515625,0.06054688,0.97119141,-16.35742188,-2.07519531,2.13623047
-0.03515625,0.06054688,0.97119141,-16.35742188,-2.07519531,2.13623047
-0.06054688,0.08349609,0.94726562,-5.55419922,0.18310547,3.41796875
-0.06054688,0.08349609,0.94726562,-5.55419922,0.18310547,3.41796875
-0.09179688,0.27929688,1.00976562,2.86865234,3.60107422,-0.67138672
-0.09179688,0.27929688,1.00976562,2.86865234,3.60107422,-0.67138672
-0.14501953,-0.01318359,0.96191406,13.73291016,9.46044922,2.25830078
-0.14501953,-0.01318359,0.96191406,13.73291016,9.46044922,2.25830078
-0.16259766,0.13476562,1.01806641,18.5546875,14.28222656,1.953125
-0.16259766,0.13476562,1.01806641,18.5546875,14.28222656,1.953125
-0.08886719,0.08007812,0.99707031,26.42822266,15.93017578,-0.12207031
-0.08886719,0.08007812,0.99707031,26.42822266,15.93017578,-0.12207031
0.00732422,0.07275391,0.89013672,23.62060547,12.08496094,0.61035156
0.00732422,0.07275391,0.89013672,23.62060547,12.08496094,0.61035156
-0.01660156,0.17041016,0.84033203,12.51220703,-2.13623047,-0.91552734
-0.01660156,0.17041016,0.84033203,12.51220703,-2.13623047,-0.91552734
-0.07324219,0.09472656,0.95458984,4.51660156,-11.65771484,-6.40869141
-0.07324219,0.09472656,0.95458984,4.51660156,-11.65771484,-6.40869141
-0.09033203,0.07128906,1.04345703,-0.06103516,-10.98632812,-5.73730469
-0.09033203,0.07128906,1.04345703,-0.06103516,-10.98632812,-5.73730469
-0.09863281,0.10009766,1.03808594,1.52587891,-6.40869141,-5.98144531
-0.09863281,0.10009766,1.03808594,1.52587891,-6.40869141,-5.98144531
-0.12939453,0.14404297,0.96875,0.85449219,-1.953125,-5.43212891
-0.12939453,0.14404297,0.96875,0.85449219,-1.953125,-5.43212891
-0.10839844,0.12890625,0.94677734,-0.73242188,0.61035156,-6.53076172
-0.10839844,0.12890625,0.94677734,-0.73242188,0.61035156,-6.53076172
-0.05761719,0.07128906,0.99169922,0.85449219,2.13623047,-5.37109375
-0.05761719,0.07128906,0.99169922,0.85449219,2.13623047,-5.37109375
-0.08789062,0.06152344,1.00488281,3.41796875,2.68554688,-3.35693359
-0.08789062,0.06152344,1.00488281,3.41796875,2.68554688,-3.35693359
-0.08789062,0.06152344,1.00488281,3.41796875,2.68554688,-3.35693359
-0.12744141,0.09960938,0.99365234,1.03759766,2.99072266,-2.38037109
-0.0703125,0.09375,0.98779297,0.06103516,3.60107422,-1.46484375
-0.0703125,0.09375,0.98779297,0.06103516,3.60107422,-1.46484375
-0.0703125,0.09375,0.98779297,0.06103516,3.60107422,-1.46484375
-0.04492188,0.09765625,0.98681641,0.36621094,2.86865234,-0.67138672
-0.12792969,0.078125,1.06298828,2.80761719,6.71386719,-0.30517578
-0.12792969,0.078125,1.06298828,2.80761719,6.71386719,-0.30517578
-0.12792969,0.078125,1.06298828,2.80761719,6.71386719,-0.30517578
-0.10302734,0.09082031,1.06054688,-0.06103516,10.55908203,0.67138672
-0.06201172,0.06884766,1.01464844,-1.09863281,10.43701172,0.73242188
-0.06201172,0.06884766,1.01464844,-1.09863281,10.43701172,0.73242188
-0.06201172,0.06884766,1.01464844,-1.09863281,10.43701172,0.73242188
-0.05175781,0.13232422,0.93164062,-0.24414062,7.62939453,-0.30517578
-0.03759766,0.13330078,0.92822266,-17.15087891,1.64794922,-3.54003906
-0.03759766,0.13330078,0.92822266,-17.15087891,1.64794922,-3.54003906
-0.03759766,0.13330078,0.92822266,-17.15087891,1.64794922,-4.82177734
-0.09619141,0.12060547,0.95507812,-21.97265625,-2.07519531,-6.16455078
-0.08398438,0.13769531,0.95117188,-22.88818359,-3.54003906,-8.66699219
-0.08398438,0.13769531,0.95117188,-22.88818359,-3.54003906,-8.66699219
-0.08398438,0.13769531,0.95117188,-22.88818359,-3.11279297,-8.48388672
-0.10253906,0.08789062,0.96826172,-26.06201172,-2.86865234,-7.93457031
-0.0703125,0.06738281,0.96679688,-19.16503906,-1.83105469,-6.16455078
-0.0703125,0.06738281,0.96679688,-19.16503906,-1.83105469,-6.16455078
-0.0703125,0.06738281,0.96679688,-19.16503906,-1.953125,-6.10351562
-0.07324219,0.08789062,0.93652344,-19.22607422,-2.25830078,-6.46972656
-0.06542969,0.06933594,0.95654297,-11.84082031,-2.44140625,-5.98144531
-0.06542969,0.06933594,0.95654297,-11.84082031,-2.44140625,-5.98144531
-0.06542969,0.06933594,0.95654297,-6.95800781,-2.25830078,-5.61523438
-0.07763672,0.07617188,0.97070312,-5.06591797,-2.07519531,-5.55419922
-0.07275391,0.06542969,0.98974609,-5.92041016,-2.25830078,-6.16455078
-0.07275391,0.06542969,0.98974609,-5.92041016,-2.25830078,-6.16455078
-0.07275391,0.06542969,0.98974609,-5.31005859,-1.09863281,-5.31005859
-0.06982422,0.03857422,1.01367188,-4.02832031,0.54931641,-3.84521484
-0.07763672,0.04833984,1.00732422,-3.05175781,2.56347656,-1.953125
-0.07763672,0.04833984,1.00732422,-3.05175781,2.56347656,-1.953125
-0.07763672,0.04833984,1.00732422,-3.60107422,2.99072266,-1.34277344
-0.09277344,0.0546875,1.01513672,-4.15039062,3.23486328,-1.09863281
-0.07910156,0.0546875,0.99414062,-4.94384766,3.35693359,-0.91552734
-0.07910156,0.0546875,0.99414062,-4.94384766,3.35693359,-0.91552734
-0.07910156,0.0546875,0.99414062,-4.21142578,2.80761719,-1.09863281
-0.06542969,0.04589844,0.97851562,-2.80761719,2.56347656,-0.79345703
-0.05419922,0.07080078,0.94335938,0.06103516,2.38037109,0.54931641
-0.05419922,0.07080078,0.94335938,0.06103516,2.38037109,0.54931641
-0.05419922,0.07080078,0.94335938,0.24414062,1.03759766,-0.12207031
-0.05664062,0.09521484,0.92871094,-0.42724609,-0.85449219,-1.34277344
-0.04101562,0.06835938,0.95263672,-2.68554688,-2.99072266,-2.38037109
-0.04101562,0.06835938,0.95263672,-2.68554688,-2.99072266,-2.38037109
-0.04101562,0.06835938,0.97753906,-3.41796875,-3.29589844,-2.19726562
-0.05615234,0.04199219,0.99560547,-4.08935547,-2.99072266,-1.77001953
-0.06640625,0.05126953,1.00390625,-4.08935547,-2.31933594,-1.40380859
-0.06640625,0.05126953,1.00390625,-4.08935547,-2.31933594,-1.40380859
-0.06640625,0.05566406,1.00048828,-2.68554688,-2.68554688,-1.89208984
-0.06298828,0.04736328,1.00292969,-1.15966797,-3.41796875,-2.38037109
-0.06542969,0.04003906,1.02050781,2.13623047,-3.35693359,-2.50244141
-0.06542969,0.04003906,1.02050781,2.13623047,-3.35693359,-2.50244141
-0.07617188,0.03515625,1.02685547,2.56347656,-2.31933594,-1.77001953
-0.0859375,0.04052734,1.02050781,2.44140625,-0.79345703,-0.79345703
-0.09960938,0.0625,0.99804688,1.28173828,0.91552734,-0.24414062
-0.09960938,0.0625,0.99804688,1.28173828,0.91552734,-0.24414062
-0.08837891,0.06689453,0.99169922,1.34277344,0.91552734,-0.42724609
-0.0703125,0.07128906,0.98144531,1.58691406,0.48828125,-0.79345703
-0.0703125,0.07128906,0.98144531,1.58691406,0.48828125,-0.79345703
-0.06054688,0.06152344,0.98388672,1.70898438,-1.34277344,-1.03759766
-0.06054688,0.06152344,0.98388672,1.70898438,-1.34277344,-1.03759766
-0.07275391,0.05761719,0.99755859,0.24414062,-1.58691406,-0.24414062
-0.07275391,0.05761719,0.99755859,0.24414062,-1.58691406,-0.24414062
-0.07714844,0.06884766,0.99072266,-0.67138672,-2.74658203,-0.73242188
-0.07714844,0.06884766,0.99072266,-0.67138672,-2.74658203,-0.73242188
-0.07958984,0.05664062,1.01269531,-0.85449219,-3.66210938,-1.52587891
-0.07958984,0.05664062,1.01269531,-0.85449219,-3.66210938,-1.52587891
-0.08007812,0.05322266,1.03076172,-0.79345703,-2.38037109,-1.52587891
-0.08007812,0.05322266,1.03076172,-0.79345703,-2.38037109,-1.52587891
-0.08544922,0.06298828,1.02685547,-1.09863281,-2.19726562,-2.31933594
-0.08544922,0.06298828,1.02685547,-1.09863281,-2.19726562,-2.31933594
-0.07275391,0.04541016,1.03222656,-0.61035156,-2.13623047,-2.74658203
-0.07275391,0.04541016,1.03222656,-0.61035156,-2.13623047,-2.74658203
-0.08349609,0.04296875,1.04150391,-1.40380859,0.42724609,-1.22070312
-0.08349609,0.04296875,1.04150391,-1.40380859,0.42724609,-1.22070312
-0.08691406,0.06201172,1.01367188,-2.13623047,1.22070312,-1.15966797
-0.08691406,0.06201172,1.01367188,-2.13623047,1.22070312,-1.15966797
-0.09082031,0.05566406,1.02148438,-0.12207031,1.46484375,-1.52587891
-0.09082031,0.05566406,1.02148438,-0.12207031,1.46484375,-1.52587891
-0.07763672,0.05566406,1.01416016,0.42724609,3.90625,0.18310547
-0.07763672,0.05566406,1.01416016,0.42724609,3.90625,0.18310547
-0.07324219,0.06542969,0.99755859,-0.54931641,5.18798828,1.52587891
-0.07324219,0.06542969,0.99755859,-0.54931641,5.18798828,1.52587891
-0.07373047,0.07226562,0.99267578,-0.54931641,4.02832031,1.40380859
-0.07373047,0.07226562,0.99267578,-0.54931641,4.02832031,1.40380859
-0.08105469,0.08007812,0.96923828,0.12207031,0.9765625,0.18310547
-0.08105469,0.08007812,0.96923828,0.12207031,0.9765625,0.18310547
-0.06787109,0.0546875,1.015625,-0.73242188,-2.01416016,-1.09863281
-0.06787109,0.0546875,1.015625,-0.73242188,-2.01416016,-1.09863281
-0.08935547,0.04882812,1.05126953,-1.83105469,-1.28173828,-0.61035156
-0.08935547,0.04882812,1.05126953,-1.83105469,-1.28173828,-0.61035156
-0.09130859,0.05126953,1.06201172,-1.89208984,0.12207031,-0.9765625
-0.09130859,0.05126953,1.06201172,-1.89208984,0.12207031,-0.9765625
-0.08496094,0.06152344,1.01855469,-1.22070312,1.52587891,-0.79345703
-0.08496094,0.06152344,1.01855469,-1.22070312,1.52587891,-0.79345703
-0.07421875,0.06347656,0.99853516,-1.22070312,0.67138672,-0.9765625
-0.07421875,0.06347656,0.99853516,-1.22070312,0.67138672,-0.9765625
-0.08300781,0.04980469,1.01318359,-0.91552734,1.58691406,-0.06103516
-0.08300781,0.04980469,1.01318359,-0.91552734,1.58691406,-0.06103516
-0.09375,0.0625,1.01074219,-1.70898438,3.84521484,0.67138672
-0.09375,0.0625,1.01074219,-1.70898438,3.84521484,0.67138672
-0.0859375,0.07373047,0.98632812,-1.03759766,4.63867188,0.36621094
-0.0859375,0.07373047,0.98632812,-1.03759766,4.63867188,0.36621094
-0.06591797,0.06396484,0.984375,0.12207031,4.33349609,0.42724609
-0.06591797,0.06396484,0.984375,0.12207031,4.33349609,0.42724609
-0.07861328,0.05273438,0.99755859,-0.42724609,5.06591797,1.52587891
-0.07861328,0.05273438,0.99755859,-0.42724609,5.06591797,1.52587891
-0.08496094,0.05566406,1.00195312,-1.77001953,4.08935547,1.22070312
-0.08496094,0.05566406,1.00195312,-1.77001953,4.08935547,1.22070312
-0.07910156,0.04833984,1.00488281,-1.28173828,2.44140625,1.09863281
-0.07910156,0.04833984,1.00488281,-1.28173828,2.44140625,1.09863281
-0.06933594,0.07373047,0.98291016,-0.91552734,1.15966797,1.03759766
-0.06933594,0.07373047,0.98291016,-0.91552734,1.15966797,1.03759766
-0.05761719,0.06445312,1,-1.40380859,0.24414062,0.06103516
-0.05761719,0.06445312,1,-1.40380859,0.24414062,0.06103516
-0.07177734,0.04394531,1.02685547,-1.22070312,1.52587891,1.89208984
-0.07177734,0.04394531,1.02685547,-1.22070312,1.52587891,1.89208984
-0.08105469,0.03662109,1.03466797,-1.77001953,1.83105469,2.56347656
-0.08105469,0.03662109,1.03466797,-1.77001953,1.83105469,2.56347656
-0.09277344,0.05371094,1.01855469,-2.07519531,0.36621094,2.25830078
-0.09277344,0.05371094,1.01855469,-2.07519531,0.36621094,2.25830078
-0.09375,0.05517578,1.03027344,-1.64794922,-1.03759766,1.58691406
-0.09375,0.05517578,1.03027344,-1.64794922,-1.03759766,1.58691406
-0.06982422,0.05615234,1.01953125,-2.13623047,-0.36621094,1.77001953
-0.06982422,0.05615234,1.01953125,-2.13623047,-0.36621094,1.77001953
-0.07617188,0.0546875,1.00341797,-2.74658203,-1.34277344,1.22070312
-0.07617188,0.0546875,1.00341797,-2.74658203,-1.34277344,1.22070312
-0.08496094,0.06396484,1.00927734,-2.07519531,-1.15966797,0.9765625
-0.08496094,0.06396484,1.00927734,-2.07519531,-1.15966797,0.9765625
-0.08203125,0.05175781,1.02050781,-0.42724609,0.67138672,1.46484375
-0.08203125,0.05175781,1.02050781,-0.42724609,0.67138672,1.46484375
-0.06982422,0.04833984,1.01660156,0.18310547,1.03759766,2.07519531
-0.06982422,0.04833984,1.01660156,0.18310547,1.03759766,2.07519531
-0.07958984,0.04248047,1.03271484,0.79345703,0.30517578,2.13623047
-0.07958984,0.04248047,1.03271484,0.79345703,0.30517578,2.13623047
-0.08740234,0.04492188,1.02978516,1.58691406,1.22070312,2.9296875
-0.08740234,0.04492188,1.02978516,1.58691406,1.22070312,2.9296875
-0.06884766,0.06787109,0.99707031,2.07519531,0.9765625,3.05175781
-0.06884766,0.06787109,0.99707031,2.07519531,0.9765625,3.05175781
-0.078125,0.07958984,0.99951172,1.77001953,0.12207031,2.68554688
-0.078125,0.07958984,0.99951172,1.77001953,0.12207031,2.68554688
-0.09570312,0.06787109,1.01904297,1.40380859,0.91552734,2.13623047
-0.09570312,0.06787109,1.01904297,1.40380859,0.91552734,2.13623047
-0.09716797,0.06445312,1.02099609,0.42724609,1.83105469,2.31933594
-0.09716797,0.06445312,1.02099609,0.42724609,1.83105469,2.31933594
-0.08007812,0.06884766,1.00830078,-0.91552734,1.15966797,1.953125
-0.08007812,0.06884766,1.00830078,-0.91552734,1.15966797,1.953125
-0.08544922,0.07666016,0.98730469,-1.46484375,0.12207031,1.34277344
-0.08544922,0.07666016,0.98730469,-1.46484375,0.12207031,1.34277344
-0.08105469,0.07128906,0.99365234,-0.73242188,-2.13623047,0.30517578
-0.08105469,0.07128906,0.99365234,-0.73242188,-2.13623047,0.30517578
-0.08691406,0.05761719,1.015625,0.06103516,-2.07519531,0.36621094
-0.08691406,0.05761719,1.015625,0.06103516,-2.07519531,0.36621094
-0.09033203,0.06347656,1.01416016,0.79345703,-1.03759766,0.67138672
-0.09033203,0.06347656,1.01416016,0.79345703,-1.03759766,0.67138672
-0.07861328,0.06005859,1.00488281,1.22070312,0.06103516,1.15966797
-0.07861328,0.06005859,1.00488281,1.22070312,0.06103516,1.15966797
-0.08251953,0.06103516,1.00878906,1.15966797,0.42724609,1.40380859
-0.08691406,0.05712891,1.01611328,1.03759766,0.79345703,1.77001953
-0.08447266,0.06201172,1.0078125,0.42724609,1.34277344,2.38037109
-0.08447266,0.06201172,1.0078125,0.42724609,1.34277344,2.38037109
-0.09765625,0.06982422,1.02246094,0.48828125,1.58691406,1.77001953
-0.09765625,0.06982422,1.02246094,0.48828125,1.58691406,1.77001953
-0.09619141,0.06494141,1.01513672,0.61035156,2.56347656,1.40380859
-0.09619141,0.06494141,1.01513672,0.61035156,2.56347656,1.40380859
-0.08544922,0.05957031,1.00439453,0.85449219,1.28173828,1.09863281
-0.08544922,0.05957031,1.00439453,0.85449219,1.28173828,1.09863281
-0.09521484,0.05908203,1.00488281,0.42724609,0.61035156,1.40380859
-0.09521484,0.05908203,1.00488281,0.42724609,0.61035156,1.40380859
-0.09033203,0.07080078,0.98486328,0.48828125,-0.79345703,0.9765625
-0.09033203,0.07080078,0.98486328,0.48828125,-0.79345703,0.9765625
-0.09765625,0.07373047,0.98828125,0.48828125,-1.953125,0.06103516
-0.09765625,0.07373047,0.98828125,0.48828125,-1.953125,0.06103516
-0.08691406,0.08154297,0.97509766,1.22070312,-2.19726562,-0.18310547
-0.08691406,0.08154297,0.97509766,1.22070312,-2.19726562,-0.18310547
-0.08300781,0.06884766,0.98291016,1.52587891,-2.80761719,-0.18310547
-0.08300781,0.06884766,0.98291016,1.52587891,-2.80761719,-0.18310547
-0.09375,0.06201172,0.99853516,1.03759766,-2.9296875,0.18310547
-0.09375,0.06201172,0.99853516,1.03759766,-2.9296875,0.18310547
-0.08740234,0.05517578,1.01367188,0.85449219,-3.54003906,0.12207031
-0.08740234,0.05517578,1.01367188,0.85449219,-3.54003906,0.12207031
-0.09960938,0.05322266,1.015625,0.73242188,-4.08935547,-0.06103516
-0.09960938,0.05322266,1.015625,0.73242188,-4.08935547,-0.06103516
-0.08496094,0.06640625,0.99755859,0.61035156,-5.12695312,-0.48828125
-0.08496094,0.06640625,0.99755859,0.61035156,-5.12695312,-0.48828125
-0.07421875,0.06201172,0.98681641,0.67138672,-7.14111328,-0.79345703
-0.07421875,0.06201172,0.98681641,0.67138672,-7.14111328,-0.79345703
-0.07568359,0.04882812,0.99902344,-0.12207031,-8.66699219,-0.30517578
-0.07568359,0.04882812,0.99902344,-0.12207031,-8.66699219,-0.30517578
-0.09130859,0.05322266,1.01074219,-1.52587891,-9.70458984,0.12207031
-0.09130859,0.05322266,1.01074219,-1.52587891,-9.70458984,0.12207031
-0.09863281,0.05419922,1.01660156,-1.953125,-10.98632812,-0.30517578
-0.09863281,0.05419922,1.01660156,-1.953125,-10.98632812,-0.30517578
-0.08300781,0.05957031,1.00292969,-1.77001953,-11.16943359,0
-0.08300781,0.05957031,1.00292969,-1.77001953,-11.16943359,0
-0.08837891,0.04394531,1.01416016,-2.38037109,-12.75634766,0
-0.08837891,0.04394531,1.01416016,-2.38037109,-12.75634766,0
-0.09082031,0.06152344,1.01220703,-3.35693359,-13.54980469,-0.18310547
-0.09082031,0.06152344,1.01220703,-3.35693359,-14.03808594,-0.12207031
-0.08056641,0.05859375,0.99365234,-2.99072266,-14.77050781,-0.30517578
-0.08056641,0.05859375,0.99365234,-2.99072266,-15.99121094,-0.42724609
-0.07421875,0.05078125,0.98974609,-3.84521484,-17.51708984,-0.48828125
-0.07421875,0.05078125,0.98974609,-4.39453125,-19.28710938,-0.42724609
-0.0703125,0.04199219,0.99121094,-4.8828125,-20.62988281,0
-0.0703125,0.04199219,0.99121094,-4.8828125,-20.62988281,0.73242188
-0.06396484,0.03076172,0.99072266,-5.98144531,-23.55957031,1.46484375
-0.06396484,0.03076172,0.99072266,-6.71386719,-26.24511719,1.83105469
-0.06347656,0.03564453,0.98193359,-7.93457031,-29.296875,1.77001953
-0.06347656,0.03564453,0.98193359,-9.15527344,-31.79931641,1.52587891
-0.08740234,0.05371094,0.98242188,-9.64355469,-33.99658203,1.09863281
-0.08740234,0.05371094,0.98242188,-9.82666016,-35.64453125,0.67138672
-0.09863281,0.04785156,0.99755859,-9.52148438,-36.98730469,0.36621094
-0.09863281,0.04785156,0.99755859,-7.8125,-38.26904297,-0.30517578
-0.13867188,0.03076172,1.02294922,-5.43212891,-38.57421875,-0.36621094
-0.13867188,0.03076172,1.02294922,-5.31005859,-37.65869141,0.79345703
-0.07128906,0.05224609,0.99072266,-6.16455078,-37.96386719,1.28173828
-0.07128906,0.05224609,0.99072266,-4.94384766,-39.73388672,0.18310547
-0.06054688,0.06396484,0.98974609,-2.68554688,-41.56494141,-0.73242188
-0.06054688,0.06396484,0.98974609,-1.64794922,-42.05322266,-0.85449219
-0.08056641,0.04296875,0.99316406,-1.77001953,-41.93115234,-0.42724609
-0.08056641,0.04296875,0.99316406,-2.56347656,-41.87011719,-0.36621094
-0.08447266,0.0625,0.9765625,-2.56347656,-41.87011719,-0.36621094
-0.06982422,0.07910156,0.95654297,-2.68554688,-43.45703125,-1.15966797
-0.02197266,0.05175781,0.95507812,-1.89208984,-48.33984375,-2.25830078
-0.02197266,0.05175781,0.95751953,-1.28173828,-51.14746094,-2.25830078
0.00732422,0.046875,0.95751953,-1.28173828,-51.14746094,-2.25830078
0.015625,0.03759766,0.96582031,-1.89208984,-54.93164062,-2.56347656
0.02148438,0.0234375,1.00146484,-4.76074219,-61.76757812,-2.99072266
0.02148438,0.02880859,1.00537109,-5.859375,-64.63623047,-3.23486328
0.02587891,0.02880859,1.00537109,-5.859375,-64.63623047,-3.23486328
0.01904297,0.03613281,0.99951172,-6.53076172,-67.19970703,-3.72314453
0.01904297,0.03515625,0.99121094,-7.75146484,-73.18115234,-5.18798828
0.015625,0.04052734,0.97607422,-7.87353516,-76.04980469,-5.49316406
0.015625,0.04052734,0.97607422,-7.87353516,-76.04980469,-5.49316406
0.015625,0.05761719,0.953125,-8.05664062,-79.1015625,-6.10351562
0.04345703,0.046875,0.94580078,-8.05664062,-86.48681641,-6.95800781
0.07470703,0.04199219,0.93505859,-7.8125,-88.43994141,-5.859375
0.07470703,0.04199219,0.93505859,-7.8125,-88.43994141,-5.859375
0.10351562,0.05078125,0.91113281,-8.7890625,-89.23339844,-4.76074219
0.14746094,0.05957031,0.91357422,-11.35253906,-90.57617188,-3.60107422
0.15087891,0.06347656,0.92236328,-11.35253906,-90.75927734,-2.62451172
0.15087891,0.06347656,0.92236328,-11.35253906,-90.75927734,-2.62451172
0.14599609,0.05908203,0.93847656,-10.68115234,-90.88134766,-1.89208984
0.15136719,0.03222656,0.97509766,-10.00976562,-90.39306641,-0.67138672
0.1640625,0.03320312,0.98193359,-10.13183594,-90.75927734,-0.42724609
0.1640625,0.03320312,0.98193359,-10.13183594,-90.75927734,-0.42724609
0.17578125,0.03076172,0.98388672,-10.25390625,-92.34619141,-0.54931641
0.18554688,0.0234375,0.9609375,-9.33837891,-99.48730469,-0.06103516
0.20117188,0.01513672,0.95410156,-10.07080078,-104.9804688,-0.61035156
0.20117188,0.01513672,0.95410156,-10.07080078,-104.9804688,-0.61035156
0.20800781,0.00341797,0.96777344,-11.16943359,-110.2294922,-1.34277344
0.19189453,-0.00634766,0.98242188,-16.84570312,-111.7553711,-1.34277344
0.19042969,-0.00195312,0.99023438,-19.77539062,-109.8022461,-0.48828125
0.19042969,-0.00195312,0.99023438,-19.77539062,-109.8022461,-0.48828125
0.18457031,0.01123047,0.98339844,-21.30126953,-108.6425781,0.30517578
0.17919922,0.03222656,0.95800781,-21.97265625,-107.4829102,0.54931641
0.18115234,0.04101562,0.95556641,-21.66748047,-106.5673828,0.61035156
0.18115234,0.04101562,0.95556641,-21.66748047,-106.5673828,0.61035156
0.18164062,0.03076172,0.96777344,-20.93505859,-106.0180664,0.48828125
0.21777344,0.01123047,0.984375,-19.04296875,-104.7973633,1.40380859
0.23339844,0.01171875,0.98339844,-18.37158203,-103.8818359,2.07519531
0.23339844,0.01171875,0.98339844,-18.37158203,-103.8818359,2.07519531
0.24804688,0.01806641,0.9765625,-17.82226562,-103.0883789,2.01416016
0.24755859,0.02929688,0.96191406,-16.84570312,-101.9897461,1.09863281
0.23583984,0.03613281,0.93457031,-15.93017578,-102.4780273,-0.06103516
0.23583984,0.03613281,0.93457031,-15.93017578,-102.4780273,-0.06103516
0.23291016,0.03955078,0.90039062,-15.56396484,-104.2480469,-1.52587891
0.29248047,0.03808594,0.88183594,-13.91601562,-110.168457,-3.78417969
0.32910156,0.01269531,0.88964844,-12.63427734,-112.487793,-3.72314453
0.32910156,0.01269531,0.88964844,-12.63427734,-112.487793,-3.72314453
0.35205078,-0.01025391,0.90966797,-11.35253906,-113.8305664,-3.17382812
0.35449219,-0.02246094,0.94628906,-11.35253906,-111.0839844,-1.77001953
0.36083984,-0.00244141,0.93457031,-11.59667969,-108.5205078,-1.28173828
0.36083984,-0.00244141,0.93457031,-11.59667969,-108.5205078,-1.28173828
0.35986328,0.02392578,0.93945312,-12.14599609,-106.0180664,-1.46484375
0.36181641,0.02490234,0.93310547,-12.08496094,-104.1870117,-4.51660156
0.38574219,0.00585938,0.94238281,-10.7421875,-102.6611328,-4.94384766
0.38574219,0.00585938,0.94238281,-10.7421875,-102.6611328,-4.94384766
0.41748047,-0.01123047,0.94482422,-9.39941406,-99.48730469,-4.39453125
0.45947266,-0.02587891,0.91210938,-9.09423828,-93.50585938,-2.31933594
0.47167969,-0.01513672,0.89746094,-9.46044922,-92.34619141,-1.89208984
0.47167969,-0.01513672,0.89746094,-9.46044922,-92.34619141,-1.89208984
0.48486328,-0.01367188,0.89404297,-9.52148438,-91.55273438,-1.77001953
0.49853516,-0.03662109,0.90185547,-10.07080078,-89.35546875,-0.67138672
0.51416016,-0.03369141,0.89941406,-9.70458984,-89.11132812,0.24414062
0.51416016,-0.03369141,0.89941406,-9.70458984,-89.11132812,0.24414062
0.52880859,-0.0390625,0.89746094,-8.91113281,-90.08789062,0.9765625
0.54492188,-0.04833984,0.89697266,-8.54492188,-91.796875,1.58691406
0.5546875,-0.04296875,0.88037109,-8.36181641,-94.78759766,1.89208984
0.56347656,-0.03564453,0.86181641,-7.69042969,-98.87695312,1.89208984
0.56738281,-0.02685547,0.83251953,-7.87353516,-102.5390625,1.77001953
0.57226562,-0.00048828,0.79882812,-8.85009766,-106.262207,1.52587891
0.58740234,0.01953125,0.78515625,-9.09423828,-109.6801758,0.91552734
0.59326172,0.00390625,0.81835938,-8.42285156,-111.0839844,0.24414062
0.59277344,-0.02490234,0.85693359,-8.42285156,-108.6425781,0.73242188
0.58349609,-0.03564453,0.87548828,-9.70458984,-103.4545898,1.40380859
0.57128906,-0.04394531,0.88671875,-11.41357422,-97.10693359,2.25830078
0.57177734,-0.02099609,0.875,-11.77978516,-90.69824219,3.60107422
0.58105469,-0.015625,0.85986328,-11.23046875,-85.14404297,4.33349609
0.59521484,-0.01708984,0.84716797,-11.04736328,-81.42089844,4.51660156
0.60839844,-0.02197266,0.83984375,-11.35253906,-78.79638672,4.02832031
0.625,-0.02978516,0.8359375,-12.32910156,-76.84326172,3.60107422
0.64257812,-0.03320312,0.82714844,-13.36669922,-75.25634766,3.66210938
0.65820312,-0.02441406,0.82421875,-13.79394531,-74.64599609,3.54003906
0.66748047,-0.03125,0.81298828,-14.70947266,-74.89013672,2.74658203
0.67480469,-0.0390625,0.8046875,-15.50292969,-75.56152344,1.953125
0.67919922,-0.04101562,0.79931641,-16.29638672,-76.35498047,1.83105469
0.68017578,-0.03808594,0.80078125,-17.21191406,-77.20947266,1.953125
0.67626953,-0.03857422,0.79882812,-17.51708984,-77.81982422,1.64794922
0.65869141,-0.05273438,0.76806641,-18.67675781,-78.43017578,0.79345703
0.66748047,-0.06103516,0.74023438,-18.85986328,-77.69775391,0.12207031
0.67919922,-0.06640625,0.71679688,-19.22607422,-76.59912109,-0.67138672
0.69824219,-0.05126953,0.69970703,-20.26367188,-75.01220703,-1.03759766
0.69873047,-0.02783203,0.70849609,-20.87402344,-73.36425781,-0.36621094
0.69580078,-0.02001953,0.7421875,-21.05712891,-72.75390625,0.54931641
0.68798828,-0.05517578,0.76123047,-22.21679688,-73.05908203,1.77001953
0.68554688,-0.05761719,0.765625,-21.91162109,-73.79150391,1.58691406
0.67871094,-0.04833984,0.76220703,-21.484375,-74.34082031,1.70898438
0.67041016,-0.03369141,0.77099609,-19.28710938,-75.31738281,1.58691406
0.66015625,-0.05322266,0.77734375,-16.47949219,-76.29394531,1.46484375
0.66357422,-0.05859375,0.78173828,-15.19775391,-77.33154297,0.79345703
0.66308594,-0.04931641,0.78271484,-15.99121094,-78.18603516,0.48828125
0.65380859,-0.04052734,0.77539062,-16.41845703,-79.34570312,0.54931641
0.65869141,-0.03125,0.75732422,-15.19775391,-80.74951172,0.79345703
0.67822266,-0.04492188,0.71044922,-14.46533203,-80.99365234,0.79345703
0.70166016,-0.05859375,0.69580078,-15.50292969,-80.62744141,0.18310547
0.72558594,-0.05175781,0.70703125,-16.41845703,-81.23779297,-1.09863281
0.74462891,-0.05908203,0.69726562,-17.08984375,-83.06884766,-2.86865234
0.75976562,-0.07568359,0.64355469,-17.88330078,-84.65576172,-5.31005859
0.76855469,-0.07275391,0.58154297,-19.40917969,-83.43505859,-7.32421875
0.7734375,-0.05078125,0.58154297,-20.08056641,-81.17675781,-8.05664062
0.77685547,-0.05322266,0.59179688,-19.47021484,-79.71191406,-8.60595703
0.78369141,-0.05810547,0.609375,-18.85986328,-78.97949219,-9.64355469
0.76904297,-0.05566406,0.63183594,-17.51708984,-79.1015625,-9.64355469
0.74414062,-0.06738281,0.64990234,-15.01464844,-81.42089844,-10.37597656
0.72900391,-0.06054688,0.64990234,-12.6953125,-81.42089844,-10.37597656
0.72265625,-0.04980469,0.65576172,-11.77978516,-85.57128906,-10.55908203
0.72119141,-0.02001953,0.66113281,-11.77978516,-85.57128906,-10.55908203
0.71972656,-0.02880859,0.62890625,-11.59667969,-85.08300781,-8.85009766
0.72412109,-0.05322266,0.56396484,-11.59667969,-85.08300781,-8.85009766
0.72949219,-0.03710938,0.51513672,-11.16943359,-76.35498047,-6.53076172
0.74169922,-0.02880859,0.49853516,-11.16943359,-76.35498047,-6.53076172
0.72900391,-0.04882812,0.52636719,-13.97705078,-71.35009766,-6.04248047
0.70703125,-0.02783203,0.54199219,-13.97705078,-71.35009766,-6.04248047
0.69335938,-0.00878906,0.50341797,-11.29150391,-70.98388672,-5.37109375
0.70068359,-0.02050781,0.50341797,-11.29150391,-70.98388672,-5.37109375
0.74951172,-0.02050781,0.45996094,-12.08496094,-65.61279297,-5.37109375
0.74951172,-0.02050781,0.45996094,-12.08496094,-65.61279297,-5.37109375
0.77929688,-0.06933594,0.51464844,-10.98632812,-59.69238281,-5.55419922
0.77929688,-0.06933594,0.51464844,-10.98632812,-59.69238281,-5.55419922
0.76757812,-0.05126953,0.59082031,-7.87353516,-57.31201172,-7.14111328
0.76757812,-0.05126953,0.59082031,-7.87353516,-57.31201172,-7.14111328
0.77587891,-0.04833984,0.63964844,-8.42285156,-63.35449219,-9.33837891
0.77587891,-0.04833984,0.63964844,-8.42285156,-63.35449219,-9.33837891
0.81347656,-0.04638672,0.6328125,-6.71386719,-72.265625,-12.02392578
0.81347656,-0.04638672,0.6328125,-6.71386719,-72.265625,-12.02392578
0.79785156,0.00341797,0.60693359,-8.66699219,-78.125,-11.59667969
0.79785156,0.00341797,0.60693359,-8.66699219,-78.125,-11.59667969
0.81103516,-0.04003906,0.61621094,-6.34765625,-80.81054688,-8.85009766
0.81103516,-0.04003906,0.61621094,-6.34765625,-80.81054688,-8.85009766
0.81689453,-0.05175781,0.54492188,-11.23046875,-82.15332031,-7.93457031
0.81689453,-0.05175781,0.54492188,-11.23046875,-82.15332031,-7.93457031
0.85644531,-0.04638672,0.4609375,-15.56396484,-76.90429688,-6.22558594
0.85644531,-0.04638672,0.4609375,-15.56396484,-76.90429688,-6.22558594
0.84960938,-0.11621094,0.46240234,-10.62011719,-69.70214844,-5.06591797
0.84960938,-0.11621094,0.46240234,-10.62011719,-69.70214844,-5.06591797
0.85351562,-0.08349609,0.46728516,-6.8359375,-66.22314453,-3.66210938
0.85351562,-0.08349609,0.46728516,-6.8359375,-66.22314453,-3.66210938
0.90234375,-0.08105469,0.45996094,-1.52587891,-63.35449219,-6.40869141
0.90234375,-0.08105469,0.45996094,-1.52587891,-63.35449219,-6.40869141
0.89892578,-0.03710938,0.46630859,-3.11279297,-65.73486328,-7.99560547
0.89892578,-0.03710938,0.46630859,-3.11279297,-65.73486328,-7.99560547
0.93603516,-0.04980469,0.38476562,-1.46484375,-61.21826172,-6.28662109
0.93603516,-0.04980469,0.38476562,-1.46484375,-61.21826172,-6.28662109
0.96337891,-0.03710938,0.48388672,1.89208984,-56.09130859,-5.06591797
0.96337891,-0.03710938,0.48388672,1.89208984,-56.09130859,-5.06591797
0.94140625,-0.05957031,0.41503906,-2.25830078,-55.35888672,-4.33349609
0.94140625,-0.05957031,0.41503906,-2.25830078,-55.35888672,-4.33349609
0.94238281,-0.04785156,0.36621094,1.28173828,-52.55126953,-3.84521484
0.94238281,-0.04785156,0.36621094,1.28173828,-52.55126953,-3.84521484
0.91796875,-0.04248047,0.38427734,-0.06103516,-50.65917969,-3.54003906
0.91796875,-0.04248047,0.38427734,-0.06103516,-50.65917969,-3.54003906
0.91357422,-0.04785156,0.37988281,3.29589844,-49.86572266,-3.23486328
0.91357422,-0.04785156,0.37988281,3.29589844,-49.86572266,-3.23486328
0.94580078,-0.05810547,0.36035156,2.01416016,-48.15673828,-2.74658203
0.94580078,-0.05810547,0.36035156,2.01416016,-48.15673828,-2.74658203
0.94189453,-0.05908203,0.36035156,1.40380859,-46.44775391,-3.17382812
0.94189453,-0.05908203,0.36035156,1.40380859,-46.44775391,-3.17382812
0.93310547,-0.0546875,0.37402344,0.79345703,-45.47119141,-3.72314453
0.93310547,-0.0546875,0.37402344,0.79345703,-45.47119141,-3.72314453
0.93847656,-0.05126953,0.37939453,1.52587891,-47.24121094,-5.37109375
0.93847656,-0.05126953,0.37939453,1.52587891,-47.24121094,-5.37109375
0.96777344,-0.04345703,0.35546875,2.9296875,-50.17089844,-6.22558594
0.96777344,-0.04345703,0.35546875,2.9296875,-50.17089844,-6.22558594
0.95214844,-0.01367188,0.38232422,4.08935547,-52.91748047,-4.39453125
0.95214844,-0.01367188,0.38232422,4.08935547,-52.91748047,-4.39453125
0.97070312,-0.03320312,0.40771484,5.31005859,-57.6171875,-2.38037109
0.97070312,-0.03320312,0.40771484,5.31005859,-57.6171875,-2.38037109
0.95556641,-0.0234375,0.42626953,7.93457031,-67.07763672,-1.83105469
0.95556641,-0.0234375,0.42626953,7.93457031,-67.07763672,-1.83105469
0.97460938,-0.02539062,0.40185547,15.13671875,-76.96533203,-1.15966797
0.97460938,-0.02539062,0.40185547,15.13671875,-76.96533203,-1.15966797
0.95556641,-0.02001953,0.39355469,17.33398438,-80.26123047,0.67138672
0.95556641,-0.02001953,0.39355469,17.33398438,-80.26123047,0.67138672
0.94384766,-0.01953125,0.30712891,21.24023438,-80.078125,1.953125
0.94384766,-0.01953125,0.30712891,21.24023438,-80.078125,1.953125
0.97314453,-0.05957031,0.1875,25.390625,-72.50976562,3.47900391
0.97314453,-0.05957031,0.1875,25.390625,-72.50976562,3.47900391
0.97705078,-0.07177734,0.06494141,15.07568359,-55.23681641,2.44140625
0.97705078,-0.07177734,0.06494141,15.07568359,-55.23681641,2.44140625
0.97216797,-0.07519531,0.10888672,9.765625,-38.51318359,1.28173828
0.97216797,-0.07519531,0.10888672,9.765625,-38.51318359,1.28173828
0.99560547,-0.04394531,0.22119141,4.57763672,-29.90722656,-1.77001953
0.99560547,-0.04394531,0.22119141,4.57763672,-29.90722656,-1.77001953
0.99365234,-0.01708984,0.29589844,5.49316406,-30.02929688,-2.25830078
0.99365234,-0.01708984,0.29589844,5.49316406,-30.02929688,-2.25830078
0.97802734,-0.02783203,0.30517578,8.66699219,-32.04345703,-1.52587891
0.97802734,-0.02783203,0.30517578,8.66699219,-32.04345703,-1.52587891
0.98486328,-0.03222656,0.23583984,9.94873047,-28.74755859,0.30517578
0.98486328,-0.03222656,0.23583984,9.94873047,-28.74755859,0.30517578
0.99316406,-0.04638672,0.20947266,10.00976562,-24.23095703,1.89208984
0.99316406,-0.04638672,0.20947266,10.00976562,-24.23095703,1.89208984
0.98779297,-0.04980469,0.18066406,8.36181641,-20.56884766,1.28173828
0.98779297,-0.04980469,0.18066406,8.36181641,-20.56884766,1.28173828
0.98046875,-0.03173828,0.18701172,6.77490234,-16.54052734,0.42724609
0.98046875,-0.03173828,0.18701172,6.77490234,-16.54052734,0.42724609
0.98779297,-0.02880859,0.203125,6.71386719,-15.25878906,-0.12207031
0.98779297,-0.02880859,0.203125,6.71386719,-15.25878906,-0.12207031
0.97998047,-0.04101562,0.26367188,6.95800781,-16.35742188,-0.9765625
0.97998047,-0.04101562,0.26367188,6.95800781,-16.35742188,-0.9765625
0.96679688,-0.03857422,0.296875,7.62939453,-20.5078125,-2.80761719
0.96679688,-0.03857422,0.296875,7.62939453,-20.5078125,-2.80761719
0.93994141,-0.04199219,0.28125,8.30078125,-24.4140625,-5.859375
0.93994141,-0.04199219,0.28125,8.30078125,-24.4140625,-5.859375
0.93115234,-0.05712891,0.26318359,8.66699219,-25.57373047,-8.91113281
0.93115234,-0.05712891,0.26318359,8.66699219,-25.57373047,-8.91113281
0.94628906,-0.05029297,0.20166016,7.75146484,-22.76611328,-11.23046875
0.94628906,-0.05029297,0.20166016,7.75146484,-22.76611328,-11.23046875
0.96044922,-0.05810547,0.16845703,6.65283203,-16.78466797,-12.81738281
0.96044922,-0.05810547,0.16845703,6.65283203,-16.78466797,-12.81738281
0.99169922,-0.04833984,0.17578125,5.06591797,-12.6953125,-15.31982422
0.99169922,-0.04833984,0.17578125,5.06591797,-12.6953125,-15.31982422
1.00830078,-0.02685547,0.18164062,3.96728516,-12.14599609,-16.47949219
1.00830078,-0.02685547,0.18164062,3.96728516,-12.14599609,-16.47949219
0.99658203,-0.02880859,0.13378906,2.68554688,-9.58251953,-14.40429688
0.99658203,-0.02880859,0.13378906,2.68554688,-9.58251953,-14.40429688
1.02001953,-0.0390625,0.17236328,0.73242188,-3.66210938,-12.02392578
1.02001953,-0.0390625,0.17236328,0.73242188,-3.66210938,-12.02392578
0.99658203,-0.01660156,0.23779297,-0.18310547,-3.41796875,-10.98632812
0.99658203,-0.01660156,0.23779297,-0.18310547,-3.41796875,-10.98632812
0.97216797,-0.01269531,0.24853516,1.40380859,-3.90625,-10.62011719
0.97216797,-0.01269531,0.24853516,1.40380859,-3.90625,-10.62011719
0.97851562,-0.01708984,0.23535156,2.68554688,-0.67138672,-10.92529297
0.97851562,-0.01708984,0.23535156,2.68554688,-0.67138672,-10.92529297
0.98828125,-0.01318359,0.23925781,3.54003906,2.25830078,-12.08496094
0.98828125,-0.01318359,0.23925781,3.54003906,2.25830078,-12.08496094
1.00830078,-0.00732422,0.25097656,4.39453125,1.52587891,-12.63427734
1.00830078,-0.00732422,0.25097656,4.39453125,1.52587891,-12.63427734
1.02636719,-0.00341797,0.24755859,5.67626953,-1.15966797,-12.87841797
1.02636719,-0.00341797,0.24755859,5.67626953,-1.15966797,-12.87841797
1.015625,-0.00292969,0.22509766,6.65283203,-4.02832031,-12.51220703
1.015625,-0.00292969,0.22509766,6.65283203,-4.02832031,-12.51220703
1.01318359,-0.02832031,0.18798828,6.53076172,-3.66210938,-12.57324219
1.01318359,-0.02832031,0.18798828,6.53076172,-3.66210938,-12.57324219
1.01367188,-0.04492188,0.15771484,3.66210938,0.91552734,-14.40429688
1.01367188,-0.04492188,0.15771484,3.66210938,0.91552734,-14.40429688
0.97998047,0.02099609,0.19287109,1.46484375,5.37109375,-15.01464844
0.97998047,0.02099609,0.19287109,1.46484375,5.37109375,-15.01464844
0.97802734,0.04736328,0.20556641,3.05175781,6.53076172,-12.08496094
0.97802734,0.04736328,0.20556641,3.05175781,6.53076172,-12.08496094
1.00732422,0.0234375,0.20947266,4.63867188,6.16455078,-9.39941406
1.00732422,0.0234375,0.20947266,4.63867188,6.16455078,-9.39941406
1.01904297,0.01953125,0.20410156,4.45556641,4.57763672,-7.38525391
1.01904297,0.01953125,0.20410156,4.45556641,4.57763672,-7.38525391
1.00439453,0.0234375,0.20751953,4.57763672,4.21142578,-5.18798828
1.00439453,0.0234375,0.20751953,4.57763672,4.21142578,-5.18798828
0.99658203,0.00683594,0.21777344,4.76074219,3.78417969,-3.90625
0.99658203,0.00683594,0.21777344,4.76074219,3.78417969,-3.90625
0.98974609,0.015625,0.203125,4.39453125,5.31005859,-3.54003906
0.98974609,0.015625,0.203125,4.39453125,5.31005859,-3.54003906
0.98632812,0.01416016,0.24023438,5.00488281,6.28662109,-2.9296875
0.98632812,0.01416016,0.24023438,5.00488281,6.28662109,-2.9296875
0.98681641,0.0234375,0.24707031,5.61523438,3.78417969,-3.66210938
0.98681641,0.0234375,0.24707031,5.61523438,3.78417969,-3.66210938
0.98388672,0.02441406,0.24072266,6.28662109,2.01416016,-3.29589844
0.98388672,0.02441406,0.24072266,6.28662109,2.01416016,-3.29589844
0.98339844,0.0234375,0.23974609,6.59179688,1.09863281,-2.31933594
0.98339844,0.0234375,0.23974609,6.59179688,1.09863281,-2.31933594
0.98046875,0.02246094,0.23730469,6.65283203,-0.54931641,-1.46484375
0.98046875,0.02246094,0.23730469,6.65283203,-0.54931641,-1.46484375
0.97021484,0.02832031,0.23095703,7.26318359,-1.953125,-1.28173828
0.97021484,0.02832031,0.23095703,7.26318359,-1.953125,-1.28173828
0.97705078,0.02294922,0.21337891,7.93457031,-0.12207031,-0.67138672
0.97705078,0.02294922,0.21337891,7.93457031,-0.12207031,-0.67138672
0.98046875,0.01660156,0.23779297,8.05664062,1.70898438,-0.85449219
0.98046875,0.01660156,0.23779297,8.05664062,1.70898438,-0.85449219
0.97265625,0.03125,0.22558594,8.72802734,2.56347656,-0.79345703
0.97265625,0.03125,0.22558594,8.72802734,2.56347656,-0.79345703
0.97509766,0.02978516,0.2265625,9.46044922,3.78417969,0.24414062
0.97509766,0.02978516,0.2265625,9.46044922,3.78417969,0.91552734
0.98291016,0.02392578,0.24072266,9.58251953,2.31933594,1.34277344
0.98291016,0.02392578,0.24072266,9.52148438,1.22070312,2.01416016
0.98681641,0.01708984,0.22412109,9.21630859,0.48828125,2.74658203
0.98681641,0.01708984,0.22412109,8.7890625,-0.06103516,3.11279297
0.99169922,0.00146484,0.21972656,8.23974609,-0.36621094,3.35693359
0.99169922,0.00146484,0.21972656,7.44628906,-0.24414062,3.47900391
0.97802734,0.00927734,0.20654297,6.89697266,0.36621094,3.47900391
0.97802734,0.00927734,0.20654297,6.71386719,1.22070312,3.47900391
0.97363281,0,0.22802734,6.04248047,1.28173828,2.86865234
0.97363281,0,0.22802734,4.39453125,0.73242188,2.07519531
0.97998047,0.00390625,0.24414062,3.47900391,0.12207031,1.70898438
0.97998047,0.01220703,0.23974609,3.66210938,-0.79345703,1.58691406
0.96435547,0.02099609,0.23730469,4.57763672,-1.46484375,2.01416016
0.95507812,0.02001953,0.22949219,5.37109375,-1.52587891,2.68554688
0.95996094,0.00244141,0.21142578,5.31005859,-0.36621094,2.99072266
0.96728516,-0.01074219,0.20361328,4.21142578,1.34277344,2.56347656
0.9765625,-0.01123047,0.20361328,3.05175781,3.11279297,2.01416016
0.98095703,-0.00195312,0.21728516,1.89208984,4.45556641,1.52587891
0.97607422,0.00927734,0.22509766,1.15966797,4.8828125,1.52587891
0.96679688,0.01757812,0.22949219,0.85449219,4.94384766,1.89208984
0.96728516,0.01025391,0.23583984,0.73242188,4.76074219,2.25830078
0.97070312,0.00195312,0.23974609,0.36621094,4.39453125,2.31933594
0.97412109,0.00195312,0.23779297,-0.24414062,4.15039062,2.19726562
0.97753906,0.00341797,0.23681641,-0.61035156,3.96728516,2.01416016
0.97363281,0.00439453,0.23828125,-0.91552734,3.72314453,1.64794922
0.97119141,0.00634766,0.23632812,-1.40380859,3.66210938,1.52587891
0.96826172,0.00732422,0.23730469,-1.953125,3.47900391,1.64794922
0.96923828,0.01025391,0.23730469,-2.31933594,3.29589844,1.953125
0.97265625,0.01220703,0.22851562,-2.56347656,3.05175781,2.19726562
0.97412109,0.00585938,0.21386719,-2.62451172,2.99072266,2.19726562
0.97998047,0.00488281,0.20117188,-3.29589844,3.84521484,2.25830078
0.98535156,0.00683594,0.20068359,-4.02832031,5.18798828,2.44140625
0.97949219,0.01611328,0.20458984,-4.33349609,6.53076172,2.80761719
0.98339844,0.01611328,0.19970703,-4.45556641,8.17871094,3.41796875
0.98339844,0.00195312,0.20166016,-4.57763672,10.37597656,3.84521484
0.97705078,-0.00048828,0.21923828,-5.18798828,12.63427734,3.96728516
0.97851562,0.00292969,0.23486328,-5.43212891,14.40429688,3.90625
0.98095703,0.00634766,0.24560547,-5.49316406,15.68603516,3.72314453
0.97998047,0.00927734,0.26171875,-5.31005859,16.05224609,3.47900391
0.97460938,0.02001953,0.26904297,-4.63867188,15.56396484,3.23486328
0.97558594,0.02685547,0.27050781,-3.78417969,15.19775391,3.29589844
0.98046875,0.01611328,0.27636719,-2.74658203,14.83154297,3.23486328
0.984375,0.01074219,0.27636719,-1.89208984,14.70947266,2.9296875
0.9921875,0.01708984,0.27636719,-1.15966797,14.70947266,2.80761719
1.00341797,0.01953125,0.27246094,-0.24414062,14.40429688,2.68554688
1.0390625,0.01660156,0.25634766,0,13.18359375,1.953125
0.97509766,0.03125,0.25927734,0.73242188,14.46533203,2.68554688
0.99462891,-0.00341797,0.28613281,1.09863281,12.75634766,3.23486328
0.9921875,0.03564453,0.29199219,2.13623047,10.62011719,2.99072266
0.98046875,0.02392578,0.2890625,2.44140625,8.48388672,3.11279297
0.97216797,0.01855469,0.28369141,3.17382812,6.77490234,3.11279297
0.97753906,0.01074219,0.26416016,3.96728516,5.92041016,3.29589844
0.98291016,0.01123047,0.23925781,4.08935547,6.46972656,3.35693359
0.98681641,0.00439453,0.22753906,3.96728516,7.69042969,3.11279297
0.98388672,0.00488281,0.23095703,3.96728516,8.97216797,2.44140625
0.96679688,0.01757812,0.23486328,3.84521484,10.43701172,1.83105469
0.95800781,0.015625,0.24365234,4.21142578,11.90185547,1.70898438
0.95800781,0.00634766,0.23974609,4.51660156,13.671875,1.34277344
0.95800781,0.00634766,0.23974609,4.51660156,13.671875,1.34277344
0.96191406,0.00341797,0.23046875,4.21142578,18.61572266,0.79345703
0.97167969,-0.00537109,0.19726562,3.66210938,25.75683594,-0.18310547
0.97509766,-0.00830078,0.18847656,2.56347656,25.75683594,-0.18310547
0.99023438,-0.01123047,0.20214844,0.73242188,32.95898438,-1.09863281
1.00292969,-0.01074219,0.22753906,0.73242188,32.95898438,-1.09863281
1.01171875,-0.00488281,0.25488281,1.40380859,36.19384766,-2.19726562
0.98339844,0.01806641,0.26757812,1.40380859,36.19384766,-2.19726562
0.99511719,-0.00585938,0.29296875,2.13623047,37.29248047,-2.01416016
0.99414062,0.00146484,0.29980469,2.13623047,37.29248047,-2.01416016
0.99902344,0.00439453,0.30371094,0.42724609,34.85107422,-2.99072266
1,0.01611328,0.30615234,0.42724609,34.85107422,-2.99072266
1.00244141,0.00537109,0.3125,3.90625,32.77587891,-2.62451172
1.01269531,0.01025391,0.3125,3.90625,32.77587891,-2.62451172
1.00878906,-0.00830078,0.31298828,3.05175781,33.14208984,-2.31933594
0.99658203,-0.00830078,0.31298828,3.05175781,33.14208984,-2.31933594
1.00195312,0.00878906,0.32421875,3.78417969,34.66796875,-1.40380859
1.00195312,0.00878906,0.32421875,3.78417969,34.66796875,-1.40380859
0.99853516,0.0234375,0.34082031,4.76074219,35.64453125,-0.06103516
0.99853516,0.0234375,0.34082031,4.76074219,35.64453125,-0.06103516
0.95898438,0.02050781,0.35546875,6.8359375,33.50830078,1.28173828
0.95898438,0.02050781,0.35546875,6.8359375,33.50830078,1.28173828
0.94482422,0.00048828,0.30224609,7.32421875,34.60693359,2.62451172
0.94482422,0.00048828,0.30224609,7.32421875,34.60693359,2.62451172
0.9609375,-0.00683594,0.26513672,5.31005859,43.15185547,2.62451172
0.9609375,-0.00683594,0.26513672,5.31005859,43.15185547,2.62451172
0.95117188,0.01611328,0.32324219,3.84521484,49.19433594,2.01416016
0.95117188,0.01611328,0.32324219,3.84521484,49.19433594,2.01416016
0.91894531,0.04199219,0.39208984,6.22558594,46.44775391,1.83105469
0.91894531,0.04199219,0.39208984,6.22558594,46.44775391,1.83105469
0.91064453,0.03125,0.38427734,8.54492188,43.21289062,2.56347656
0.91064453,0.03125,0.38427734,8.54492188,43.21289062,2.56347656
0.91894531,0.01269531,0.36767578,9.21630859,42.72460938,2.31933594
0.91894531,0.01269531,0.36767578,9.21630859,42.72460938,2.31933594
0.91650391,0.01953125,0.34619141,9.09423828,41.62597656,1.03759766
0.91650391,0.01953125,0.34619141,9.09423828,41.62597656,1.03759766
0.92431641,-0.00390625,0.33447266,8.30078125,44.61669922,0.18310547
0.92431641,-0.00390625,0.33447266,8.30078125,44.61669922,0.18310547
0.92236328,0.01318359,0.390625,6.8359375,44.67773438,-1.15966797
0.92236328,0.01318359,0.390625,6.8359375,44.67773438,-1.15966797
0.90527344,0.02001953,0.40429688,7.69042969,40.64941406,-2.01416016
0.90527344,0.02001953,0.40429688,7.69042969,40.64941406,-2.01416016
0.90722656,0.00878906,0.40429688,7.50732422,39.79492188,-1.953125
0.90722656,0.00878906,0.40429688,7.50732422,39.79492188,-1.953125
0.91259766,0.02783203,0.42773438,7.44628906,37.90283203,-2.25830078
0.91259766,0.02783203,0.42773438,7.44628906,37.90283203,-2.25830078
0.89746094,0.02978516,0.43505859,8.60595703,34.24072266,-2.07519531
0.89746094,0.02978516,0.43505859,8.60595703,34.24072266,-2.07519531
0.8984375,0.02636719,0.42480469,9.21630859,32.71484375,-1.83105469
0.8984375,0.02636719,0.42480469,9.21630859,32.71484375,-1.83105469
0.90869141,0.01806641,0.41601562,9.21630859,32.95898438,-1.46484375
0.90869141,0.01806641,0.41601562,9.21630859,32.95898438,-1.46484375
0.90966797,0.02539062,0.42724609,8.66699219,33.32519531,-1.03759766
0.90966797,0.02539062,0.42724609,8.66699219,33.32519531,-1.03759766
0.90673828,0.03173828,0.43261719,9.09423828,32.34863281,0.06103516
0.90673828,0.03173828,0.43261719,9.09423828,32.34863281,0.06103516
0.91259766,0.03613281,0.43457031,9.33837891,30.45654297,1.34277344
0.91259766,0.03613281,0.43457031,9.33837891,30.45654297,1.34277344
0.92041016,0.01904297,0.42382812,9.52148438,31.06689453,2.38037109
0.92041016,0.01904297,0.42382812,9.52148438,31.06689453,2.38037109
0.91992188,0.02587891,0.46386719,8.91113281,31.49414062,2.80761719
0.91992188,0.02587891,0.46386719,8.91113281,31.49414062,2.80761719
0.90625,0.03076172,0.47216797,9.27734375,30.21240234,3.29589844
0.90625,0.03076172,0.47216797,9.27734375,30.21240234,3.29589844
0.88818359,0.02441406,0.48681641,9.15527344,29.47998047,3.66210938
0.88818359,0.02441406,0.48681641,9.15527344,29.47998047,3.66210938
0.87646484,0.02099609,0.46533203,7.99560547,30.33447266,3.17382812
0.87646484,0.02099609,0.46533203,7.99560547,30.33447266,3.17382812
0.875,0.02148438,0.45947266,5.18798828,33.87451172,2.31933594
0.875,0.02148438,0.45947266,5.18798828,33.87451172,2.31933594
0.88427734,0.01757812,0.44580078,3.78417969,37.84179688,1.34277344
0.88427734,0.01757812,0.44580078,3.78417969,37.84179688,1.34277344
0.87451172,0.03808594,0.45898438,4.94384766,41.50390625,0.61035156
0.87451172,0.03808594,0.45898438,4.94384766,41.50390625,0.61035156
0.88916016,0.03320312,0.46923828,7.87353516,43.82324219,0.42724609
0.88916016,0.03320312,0.46923828,7.87353516,43.82324219,0.42724609
0.89160156,0.02929688,0.48632812,8.36181641,46.32568359,0.9765625
0.89160156,0.02929688,0.48632812,8.36181641,46.32568359,0.9765625
0.90625,0.02832031,0.50634766,7.32421875,48.03466797,2.31933594
0.90625,0.02832031,0.50634766,7.32421875,48.03466797,2.31933594
0.90722656,0.04101562,0.51464844,4.57763672,48.64501953,4.94384766
0.90722656,0.04101562,0.51464844,4.57763672,48.64501953,4.94384766
0.92041016,0.02587891,0.50390625,1.09863281,47.8515625,7.62939453
0.92041016,0.02587891,0.50390625,1.09863281,47.8515625,7.62939453
0.88671875,0.02246094,0.51269531,0.24414062,45.59326172,8.66699219
0.88671875,0.02246094,0.51269531,0.24414062,45.59326172,8.66699219
0.85449219,0.02099609,0.52685547,2.74658203,43.27392578,8.85009766
0.85449219,0.02099609,0.52685547,2.74658203,43.27392578,8.85009766
0.82666016,0.00878906,0.5078125,5.06591797,42.11425781,7.56835938
0.82666016,0.00878906,0.5078125,5.06591797,42.11425781,7.56835938
0.80078125,0.01660156,0.48388672,2.62451172,45.47119141,6.22558594
0.80078125,0.01660156,0.48388672,2.62451172,45.47119141,6.22558594
0.79785156,-0.00439453,0.45214844,-0.79345703,52.30712891,5.18798828
0.79785156,-0.00439453,0.45214844,-0.79345703,52.30712891,5.18798828
0.80957031,0.00439453,0.45947266,-3.17382812,61.76757812,4.39453125
0.80957031,0.00439453,0.45947266,-3.17382812,61.76757812,4.39453125
0.78417969,0.01611328,0.53222656,0.24414062,67.07763672,3.54003906
0.80224609,0.03271484,0.56689453,-0.30517578,67.87109375,3.35693359
0.80078125,0.03662109,0.58740234,4.15039062,68.96972656,3.11279297
0.80078125,0.03662109,0.58740234,4.15039062,68.96972656,3.11279297
0.79394531,0.02685547,0.58789062,5.24902344,69.03076172,2.31933594
0.79394531,0.02685547,0.58789062,5.24902344,69.03076172,2.31933594
0.77734375,0.04345703,0.57470703,4.02832031,66.77246094,1.58691406
0.77734375,0.04345703,0.57470703,4.02832031,66.77246094,1.58691406
0.76416016,0.02539062,0.60498047,2.31933594,64.14794922,1.22070312
0.76416016,0.02539062,0.60498047,2.31933594,64.14794922,1.22070312
0.75097656,0.03710938,0.59472656,-0.06103516,61.70654297,0.54931641
0.75097656,0.03710938,0.59472656,-0.06103516,61.70654297,0.54931641
0.72460938,0.04003906,0.5859375,-2.99072266,57.67822266,-0.61035156
0.72460938,0.04003906,0.5859375,-2.99072266,57.67822266,-0.61035156
0.73339844,0.05175781,0.58300781,-4.94384766,51.39160156,-1.77001953
0.73339844,0.05175781,0.58300781,-4.94384766,51.39160156,-1.77001953
0.73730469,0.02148438,0.65625,-4.27246094,50.04882812,-2.68554688
0.73730469,0.02148438,0.65625,-4.27246094,50.04882812,-2.68554688
0.75878906,0.01611328,0.64404297,-2.38037109,56.09130859,-2.31933594
0.75878906,0.01611328,0.64404297,-2.38037109,56.09130859,-2.31933594
0.74121094,0.03027344,0.62158203,-0.54931641,58.16650391,-3.78417969
0.74121094,0.03027344,0.62158203,-0.54931641,58.16650391,-3.78417969
0.71728516,0.02783203,0.66699219,0.79345703,57.55615234,-4.39453125
0.71728516,0.02783203,0.66699219,0.79345703,57.55615234,-4.39453125
0.71728516,0.02783203,0.66699219,0.79345703,57.55615234,-5.12695312
0.74902344,0.02001953,0.6875,0.06103516,61.58447266,-5.37109375
0.76513672,-0.00244141,0.72265625,-1.83105469,70.61767578,-4.02832031
0.76513672,-0.00244141,0.72265625,-1.83105469,70.61767578,-4.02832031
0.76513672,-0.00244141,0.72265625,-1.83105469,70.61767578,-3.47900391
0.75683594,0.02294922,0.72363281,-3.05175781,79.16259766,-3.23486328
0.72900391,0.03710938,0.69580078,-1.22070312,78.06396484,-3.05175781
0.72900391,0.03710938,0.69580078,-1.22070312,78.06396484,-3.05175781
0.72900391,0.03710938,0.69580078,-1.22070312,75.92773438,-3.11279297
0.71630859,0.02832031,0.72363281,-0.54931641,75.07324219,-3.35693359
0.6953125,0.04589844,0.69873047,-0.61035156,72.81494141,-4.02832031
0.6953125,0.04589844,0.69873047,-0.61035156,72.81494141,-4.02832031
0.6953125,0.04589844,0.69873047,-0.61035156,70.00732422,-4.15039062
0.68066406,0.04638672,0.70849609,0.36621094,66.34521484,-4.51660156
0.72607422,0.03857422,0.71582031,1.70898438,61.27929688,-3.90625
0.72607422,0.03857422,0.71582031,1.70898438,61.27929688,-3.90625
0.72607422,0.03857422,0.71582031,2.13623047,60.24169922,-3.35693359
0.71630859,0.0234375,0.73876953,2.38037109,59.63134766,-3.17382812
0.69970703,-0.00244141,0.80517578,2.13623047,64.08691406,-1.46484375
0.69970703,-0.00244141,0.80517578,2.13623047,64.08691406,-1.46484375
0.69970703,-0.00244141,0.80517578,1.58691406,68.23730469,-0.24414062
0.70947266,0.01806641,0.77832031,1.40380859,70.19042969,0.36621094
0.66992188,0.01855469,0.77880859,0.9765625,70.55664062,1.58691406
0.66992188,0.01855469,0.77880859,0.9765625,70.55664062,1.58691406
0.66992188,0.01855469,0.77880859,-0.06103516,68.90869141,1.83105469
0.65185547,0.04101562,0.75927734,-1.15966797,65.79589844,1.89208984
0.64990234,0.05761719,0.75732422,-2.80761719,59.14306641,0.85449219
0.64990234,0.05761719,0.75732422,-2.80761719,59.14306641,0.85449219
0.64990234,0.05761719,0.75732422,-3.60107422,57.6171875,0.42724609
0.60644531,0.04003906,0.80126953,-4.82177734,58.22753906,0.12207031
0.62060547,0.05175781,0.78857422,-5.37109375,61.5234375,-0.54931641
0.62060547,0.05175781,0.78857422,-5.37109375,61.5234375,-0.54931641
0.62060547,0.05175781,0.78857422,-3.90625,62.43896484,-1.09863281
0.60742188,0.04052734,0.81005859,-2.07519531,62.98828125,-1.64794922
0.61962891,0.02783203,0.84472656,2.44140625,65.18554688,-1.22070312
0.61962891,0.02783203,0.84472656,2.44140625,65.18554688,-1.22070312
0.61962891,0.02783203,0.84472656,3.78417969,64.51416016,-0.79345703
0.63623047,0.01416016,0.81933594,4.15039062,61.88964844,-0.24414062
0.62695312,0.01367188,0.81542969,2.56347656,57.18994141,2.68554688
0.62695312,0.01367188,0.81542969,2.56347656,57.18994141,2.68554688
0.62695312,0.01660156,0.79833984,0.18310547,54.44335938,3.72314453
0.59667969,0.03222656,0.79785156,-2.56347656,50.59814453,4.27246094
0.56298828,0.04492188,0.84570312,-7.14111328,42.54150391,4.08935547
0.56298828,0.04492188,0.84570312,-7.14111328,42.54150391,4.08935547
0.54394531,0.03320312,0.88818359,-8.36181641,41.9921875,3.60107422
0.52050781,0.03417969,0.91455078,-7.32421875,44.31152344,2.99072266
0.52392578,0.05175781,0.86572266,-3.78417969,52.30712891,2.25830078
0.52392578,0.05175781,0.86572266,-3.78417969,52.30712891,2.25830078
0.53369141,0.04296875,0.84033203,-3.41796875,54.50439453,1.58691406
0.53222656,0.04736328,0.83837891,-3.72314453,54.93164062,0.67138672
0.53027344,0.02001953,0.8828125,-4.94384766,56.82373047,0.06103516
0.53027344,0.02001953,0.8828125,-4.94384766,56.82373047,0.06103516
0.54492188,0.00830078,0.89404297,-3.66210938,59.38720703,0.54931641
0.57128906,0.00927734,0.88085938,-1.953125,60.30273438,1.22070312
0.57714844,0.00878906,0.86328125,1.15966797,56.03027344,2.68554688
0.57714844,0.00878906,0.86328125,1.15966797,56.03027344,2.68554688
0.55273438,-0.00195312,0.86669922,0.67138672,52.734375,3.60107422
0.54638672,-0.00683594,0.875,-0.79345703,49.92675781,4.57763672
0.54052734,0.01513672,0.85839844,-2.86865234,44.86083984,6.10351562
0.54052734,0.01513672,0.85839844,-2.86865234,44.86083984,6.10351562
0.52441406,0.02050781,0.85498047,-2.56347656,43.02978516,6.46972656
0.51660156,0.02978516,0.87158203,-2.74658203,41.93115234,6.89697266
0.51660156,0.02978516,0.87158203,-2.74658203,41.93115234,6.89697266
0.48046875,0.03613281,0.90527344,-5.12695312,41.93115234,6.71386719
0.48046875,0.03613281,0.90527344,-5.12695312,41.93115234,6.71386719
0.43164062,0.04638672,0.91650391,-7.8125,41.62597656,5.18798828
0.43164062,0.04638672,0.91650391,-7.8125,41.62597656,5.18798828
0.41845703,0.04052734,0.91699219,-8.7890625,43.9453125,3.54003906
0.41845703,0.04052734,0.91699219,-8.7890625,43.9453125,3.54003906
0.43603516,0.03417969,0.87988281,-9.82666016,46.75292969,2.50244141
0.43603516,0.03417969,0.87988281,-9.82666016,46.75292969,2.50244141
0.42382812,0.03759766,0.85986328,-5.24902344,46.75292969,1.58691406
0.42382812,0.03759766,0.85986328,-5.24902344,46.75292969,1.58691406
0.43505859,0.01806641,0.88183594,-2.80761719,47.97363281,0.61035156
0.43505859,0.01806641,0.88183594,-2.80761719,47.97363281,0.61035156
0.43457031,0.00146484,0.90820312,0.18310547,51.57470703,0.61035156
0.43457031,0.00146484,0.90820312,0.18310547,51.57470703,0.61035156
0.43554688,0.00634766,0.90673828,0.9765625,54.87060547,0.30517578
0.43554688,0.00634766,0.90673828,0.9765625,54.87060547,0.30517578
0.43261719,0.00292969,0.89746094,-0.12207031,51.39160156,0.36621094
0.43261719,0.00292969,0.89746094,-0.12207031,51.39160156,0.36621094
0.41699219,-0.00439453,0.91894531,-2.38037109,45.41015625,0.67138672
0.41699219,-0.00439453,0.91894531,-2.38037109,45.41015625,0.67138672
0.38964844,0.00585938,0.92871094,-4.08935547,44.31152344,1.03759766
0.38964844,0.00585938,0.92871094,-4.08935547,44.31152344,1.03759766
0.37158203,0.00976562,0.93066406,-6.34765625,45.8984375,0.73242188
0.37158203,0.00976562,0.93066406,-6.34765625,45.8984375,0.73242188
0.37011719,0.02539062,0.93212891,-5.92041016,48.828125,-0.42724609
0.37011719,0.02539062,0.93212891,-5.92041016,48.828125,-0.42724609
0.37841797,0.03173828,0.90429688,-3.41796875,48.03466797,-1.953125
0.37841797,0.03173828,0.90429688,-3.41796875,48.03466797,-1.953125
0.38671875,0.00292969,0.92236328,-2.44140625,46.50878906,-2.25830078
0.38671875,0.00292969,0.92236328,-2.44140625,46.50878906,-2.25830078
0.35986328,0.00097656,0.93554688,0,50.23193359,-1.70898438
0.35986328,0.00097656,0.93554688,0,50.23193359,-1.70898438
0.36474609,0.00634766,0.9140625,1.89208984,51.87988281,-1.89208984
0.36474609,0.00634766,0.9140625,1.89208984,51.87988281,-1.89208984
0.36621094,-0.00048828,0.93847656,4.02832031,52.18505859,-1.70898438
0.36621094,-0.00048828,0.93847656,4.02832031,52.18505859,-1.70898438
0.35644531,-0.02539062,0.96777344,4.57763672,53.10058594,-0.42724609
0.35644531,-0.02539062,0.96777344,4.57763672,53.10058594,-0.42724609
0.375,-0.00878906,0.94482422,3.11279297,49.49951172,1.22070312
0.375,-0.00878906,0.94482422,3.11279297,49.49951172,1.22070312
0.35546875,-0.02050781,0.96923828,-0.06103516,44.921875,2.99072266
0.35546875,-0.02050781,0.96923828,-0.06103516,44.921875,2.99072266
0.32666016,-0.00927734,0.96972656,-4.33349609,45.95947266,4.82177734
0.32666016,-0.00927734,0.96972656,-4.33349609,45.95947266,4.82177734
0.30078125,0.015625,0.95117188,-7.14111328,46.69189453,4.82177734
0.30078125,0.015625,0.95117188,-7.14111328,46.69189453,4.82177734
0.27001953,0.02050781,0.97216797,-5.98144531,49.13330078,3.72314453
0.27001953,0.02050781,0.97216797,-5.98144531,49.13330078,3.72314453
0.28808594,0.01855469,0.98876953,-3.29589844,55.96923828,2.9296875
0.28808594,0.01855469,0.98876953,-3.29589844,55.96923828,2.9296875
0.29541016,0.01904297,0.95800781,-2.01416016,56.57958984,2.07519531
0.29541016,0.01904297,0.95800781,-2.01416016,56.57958984,2.07519531
0.28271484,0.01367188,0.96044922,-1.09863281,54.32128906,1.83105469
0.28271484,0.01367188,0.96044922,-1.09863281,54.32128906,1.83105469
0.27050781,0.01757812,0.94873047,-0.54931641,53.16162109,1.58691406
0.27050781,0.01757812,0.94873047,-0.54931641,53.16162109,1.58691406
0.26318359,0.01855469,0.95605469,-0.67138672,51.57470703,0.85449219
0.26318359,0.01855469,0.95605469,-0.67138672,51.57470703,0.85449219
0.26416016,-0.01171875,1.01025391,-0.48828125,56.15234375,1.28173828
0.26416016,-0.01171875,1.01025391,-0.48828125,56.15234375,1.28173828
0.28125,-0.00537109,0.97705078,1.34277344,59.08203125,2.25830078
0.28125,-0.00537109,0.97705078,1.34277344,59.08203125,2.25830078
0.24462891,0.00048828,0.98242188,1.46484375,52.55126953,2.38037109
0.24462891,0.00048828,0.98242188,1.46484375,52.55126953,2.38037109
0.23535156,-0.00537109,1.02880859,-0.9765625,52.67333984,3.17382812
0.23535156,-0.00537109,1.02880859,-0.9765625,52.67333984,3.17382812
0.24755859,0.00195312,0.98388672,-3.47900391,52.85644531,4.45556641
0.24755859,0.00195312,0.98388672,-3.47900391,52.85644531,4.45556641
0.22265625,0.01269531,0.95996094,-6.71386719,46.20361328,4.21142578
0.22265625,0.01269531,0.95996094,-6.71386719,46.20361328,4.21142578
0.20849609,-0.00244141,1.03662109,-6.71386719,46.63085938,4.21142578
0.20849609,-0.00244141,1.03662109,-6.71386719,46.63085938,4.21142578
0.21142578,0.00683594,1.01220703,-6.28662109,51.87988281,4.63867188
0.21142578,0.00683594,1.01220703,-6.28662109,51.87988281,4.63867188
0.20605469,0.00878906,0.96191406,-6.71386719,49.92675781,3.96728516
0.20605469,0.00878906,0.96191406,-6.71386719,49.92675781,3.96728516
0.20800781,-0.01611328,1.01171875,-6.10351562,50.59814453,4.33349609
0.20800781,-0.01611328,1.01171875,-6.10351562,50.59814453,4.33349609
0.23339844,-0.03076172,1.015625,-5.55419922,55.48095703,6.34765625
0.23339844,-0.03076172,1.015625,-5.55419922,55.48095703,6.34765625
0.22509766,-0.01318359,0.96435547,-5.859375,52.79541016,7.99560547
0.22509766,-0.01318359,0.96435547,-5.859375,52.79541016,7.99560547
0.18505859,-0.00634766,0.96826172,-4.08935547,48.70605469,7.87353516
0.18505859,-0.00634766,0.96826172,-4.08935547,48.70605469,7.87353516
0.1640625,-0.00341797,0.97119141,-2.19726562,47.8515625,7.32421875
0.1640625,-0.00341797,0.97119141,-2.19726562,47.8515625,7.32421875
0.13769531,0.01171875,0.97167969,-1.52587891,45.16601562,6.34765625
0.13769531,0.01171875,0.97167969,-1.52587891,45.16601562,6.34765625
0.11816406,0.00341797,1.00732422,-0.48828125,47.18017578,5.61523438
0.11816406,0.00341797,1.00732422,-0.48828125,47.18017578,5.61523438
0.12109375,0.0078125,0.984375,1.22070312,50.17089844,5.12695312
0.12109375,0.0078125,0.984375,1.22070312,50.17089844,5.12695312
0.13427734,-0.00097656,0.96533203,3.17382812,50.04882812,5.24902344
0.13427734,-0.00097656,0.96533203,3.17382812,50.04882812,5.24902344
0.12451172,-0.01220703,0.97216797,3.60107422,48.46191406,6.04248047
0.12451172,-0.01220703,0.97216797,3.60107422,48.46191406,6.04248047
0.10302734,0.01074219,0.95117188,2.44140625,48.03466797,6.04248047
0.10302734,0.01074219,0.95117188,2.44140625,48.03466797,6.04248047
0.0703125,0.02832031,0.97021484,2.99072266,47.24121094,4.08935547
0.0703125,0.02832031,0.97021484,2.99072266,47.24121094,4.08935547
0.0625,0.01318359,0.99560547,5.06591797,52.06298828,2.80761719
0.0625,0.01318359,0.99560547,5.06591797,52.06298828,2.80761719
0.08398438,0.00927734,0.97900391,8.42285156,57.18994141,2.86865234
0.08398438,0.00927734,0.97900391,8.42285156,57.18994141,2.86865234
0.07373047,-0.00341797,1.01367188,11.41357422,62.5,3.72314453
0.07373047,-0.00341797,1.01367188,11.41357422,62.5,3.72314453
0.05908203,-0.00634766,1.015625,11.84082031,65.73486328,4.08935547
0.05908203,-0.00634766,1.015625,11.84082031,65.73486328,4.08935547
0.04003906,0.00585938,1.00878906,10.43701172,62.13378906,3.84521484
0.04003906,0.00585938,1.00878906,10.43701172,62.13378906,3.84521484
0.04248047,-0.00292969,0.99560547,9.58251953,56.88476562,3.78417969
0.04248047,-0.00292969,0.99560547,9.58251953,56.88476562,3.78417969
0.03515625,-0.00683594,0.99951172,8.72802734,52.85644531,4.33349609
0.03515625,-0.00683594,0.99951172,8.72802734,52.85644531,4.33349609
-0.00292969,0.00439453,0.99267578,7.50732422,51.69677734,4.76074219
-0.00292969,0.00439453,0.99267578,7.50732422,51.69677734,4.76074219
-0.02441406,0.01757812,1.00927734,7.32421875,51.26953125,3.60107422
-0.02441406,0.01757812,1.00927734,7.32421875,51.26953125,3.60107422
-0.06445312,0.03466797,1.02441406,7.01904297,54.01611328,1.22070312
-0.06445312,0.03466797,1.02441406,7.01904297,54.01611328,1.22070312
-0.06933594,0.03320312,1.02978516,8.48388672,60.42480469,-1.28173828
-0.06933594,0.03320312,1.02978516,8.48388672,60.42480469,-1.28173828
-0.04248047,0.01416016,1.0234375,8.66699219,64.27001953,-2.01416016
-0.04248047,0.01416016,1.0234375,8.66699219,64.27001953,-1.89208984
-0.0390625,0.0078125,1.00341797,7.62939453,62.68310547,-1.70898438
-0.0390625,0.0078125,1.00341797,7.62939453,62.68310547,-1.40380859
-0.06787109,0.00830078,0.98828125,5.18798828,60.30273438,-1.03759766
-0.06787109,0.00830078,0.98828125,5.18798828,58.59375,-0.9765625
-0.08789062,0.00976562,0.97998047,4.33349609,56.39648438,-0.67138672
-0.08789062,0.00976562,0.97998047,4.33349609,54.07714844,-0.36621094
-0.08984375,0.00244141,0.97363281,2.38037109,52.12402344,-0.24414062
-0.08984375,0.00244141,0.97363281,2.38037109,50.53710938,0.30517578
-0.109375,0.00488281,0.95996094,1.03759766,47.97363281,0.73242188
-0.109375,0.00488281,0.95996094,-0.06103516,44.18945312,0.61035156
-0.12451172,0.01806641,0.94384766,-1.28173828,39.85595703,0.36621094
-0.12451172,0.01806641,0.94384766,-1.953125,35.27832031,-0.06103516
-0.12792969,0.03417969,0.95263672,-2.74658203,31.43310547,-0.42724609
-0.12792969,0.03417969,0.95263672,-3.47900391,28.68652344,-0.85449219
-0.16113281,0.03222656,0.97314453,-4.51660156,27.09960938,-1.15966797
-0.16113281,0.03222656,0.97314453,-5.24902344,26.67236328,-1.58691406
-0.17480469,0.03564453,0.96679688,-5.31005859,26.12304688,-2.31933594
-0.17480469,0.03564453,0.96679688,-4.94384766,25.32958984,-2.74658203
-0.17578125,0.02734375,0.98388672,-4.27246094,24.84130859,-3.11279297
-0.17578125,0.02734375,0.98388672,-3.41796875,24.71923828,-3.47900391
-0.16894531,0.02050781,0.99755859,-2.19726562,24.16992188,-3.66210938
-0.16894531,0.02050781,0.99755859,-1.34277344,22.21679688,-3.78417969
-0.16357422,0.00830078,0.98242188,-1.28173828,19.47021484,-3.72314453
-0.16357422,0.00830078,0.98242188,-1.22070312,15.74707031,-3.29589844
-0.15966797,-0.00390625,0.95800781,-2.01416016,10.68115234,-2.86865234
-0.15966797,-0.00390625,0.95800781,-3.47900391,5.92041016,-2.25830078
-0.16064453,0.00585938,0.95947266,-5.00488281,2.07519531,-1.58691406
-0.16064453,0.00585938,0.95947266,-6.28662109,-0.73242188,-1.15966797
-0.14160156,0.02099609,0.96386719,-7.14111328,-3.05175781,-1.03759766
-0.14160156,0.02099609,0.99316406,-7.38525391,-5.06591797,-1.22070312
-0.16064453,0.02539062,1.01318359,-7.26318359,-5.55419922,-1.15966797
-0.16064453,0.02832031,1.01367188,-7.14111328,-5.31005859,-1.40380859
-0.16064453,0.02929688,1.01611328,-6.34765625,-4.8828125,-1.58691406
-0.16064453,0.02832031,1.01904297,-5.31005859,-4.08935547,-2.07519531
-0.16650391,0.02685547,1.02246094,-4.08935547,-3.23486328,-2.56347656
-0.16650391,0.03125,1.0234375,-3.05175781,-1.83105469,-3.11279297
-0.14794922,0.02880859,1.02734375,-1.953125,-0.18310547,-3.41796875
-0.13574219,0.02148438,1.02490234,-1.09863281,1.64794922,-3.66210938
-0.13574219,0.02148438,1.02490234,-1.09863281,1.64794922,-3.66210938
-0.12548828,0.01708984,1.01171875,-0.61035156,2.74658203,-3.78417969
-0.11328125,0.00878906,0.98632812,-1.52587891,2.19726562,-3.66210938
-0.11328125,0.00830078,0.98730469,-1.89208984,1.58691406,-3.60107422
-0.11328125,0.00830078,0.98730469,-1.89208984,1.58691406,-3.60107422
-0.10986328,0.00390625,0.99072266,-2.56347656,1.40380859,-3.29589844
-0.08642578,0.00146484,0.99707031,-2.68554688,1.22070312,-2.9296875
-0.09277344,-0.00634766,1.01904297,-2.25830078,1.58691406,-2.50244141
-0.09277344,-0.00634766,1.01904297,-2.25830078,1.58691406,-2.50244141
-0.10888672,-0.00732422,1.02197266,-1.83105469,2.9296875,-2.01416016
-0.10888672,-0.00097656,0.97949219,-0.48828125,4.02832031,-1.34277344
-0.09863281,-0.00488281,0.97949219,-0.42724609,3.41796875,-1.15966797
-0.09863281,-0.00488281,0.97949219,-0.42724609,3.41796875,-1.15966797
-0.09423828,-0.00732422,0.99169922,-0.24414062,3.29589844,-0.67138672
-0.109375,-0.00048828,0.98974609,-1.22070312,3.54003906,0.18310547
-0.11669922,0.00537109,0.99121094,-1.83105469,3.41796875,0.18310547
-0.11669922,0.00537109,0.99121094,-1.83105469,3.41796875,0.18310547
-0.11962891,0.01416016,1.00097656,-2.19726562,3.60107422,0.06103516
-0.1328125,0.015625,1.03027344,-2.38037109,7.38525391,-0.48828125
-0.12841797,0.02001953,1.015625,-1.953125,9.82666016,-0.85449219
-0.12841797,0.02001953,1.015625,-1.953125,9.82666016,-0.85449219
-0.12402344,0.02099609,0.99658203,-1.40380859,10.7421875,-1.22070312
-0.125,0.01660156,0.99316406,-1.46484375,10.86425781,-1.77001953
-0.13232422,0.02001953,1.00488281,-1.46484375,12.14599609,-1.89208984
-0.13232422,0.02001953,1.00488281,-1.46484375,12.14599609,-1.89208984
-0.12451172,0.02587891,1.01074219,-1.28173828,14.89257812,-1.77001953
-0.10986328,0.00146484,1.00048828,-0.06103516,17.15087891,-1.64794922
-0.09521484,-0.00244141,1.00537109,-0.30517578,16.35742188,-1.34277344
-0.09521484,-0.00244141,1.00537109,-0.30517578,16.35742188,-1.34277344
-0.09863281,0.00195312,1.02246094,-0.73242188,15.74707031,-1.03759766
-0.11474609,0.01367188,1.00488281,-1.09863281,16.29638672,-0.54931641
-0.1171875,0.01513672,0.98828125,-1.28173828,15.86914062,-0.67138672
-0.1171875,0.01513672,0.98828125,-1.28173828,15.86914062,-0.67138672
-0.11865234,0.01269531,0.97363281,-1.34277344,15.19775391,-0.54931641
-0.12988281,0.01220703,0.96582031,-1.09863281,15.07568359,-0.18310547
-0.14160156,0.01611328,0.97363281,-0.54931641,15.86914062,-0.24414062
-0.14160156,0.01611328,0.97363281,-0.54931641,15.86914062,-0.24414062
-0.15234375,0.02539062,0.97753906,0.24414062,16.72363281,-0.54931641
-0.15185547,0.015625,0.97119141,2.31933594,18.92089844,-1.34277344
-0.13818359,0.00146484,0.97021484,3.17382812,20.20263672,-0.9765625
-0.13818359,0.00146484,0.97021484,3.17382812,20.20263672,-0.9765625
-0.12207031,-0.00537109,0.95996094,4.76074219,20.5078125,-0.42724609
-0.13085938,0,0.98779297,5.79833984,18.12744141,0.67138672
-0.15380859,0.00830078,1.00537109,6.22558594,18.43261719,0.9765625
-0.15380859,0.00830078,1.00537109,6.22558594,18.43261719,0.9765625
-0.17041016,0.00634766,1.00488281,6.89697266,18.98193359,1.03759766
-0.14013672,0.00341797,0.98486328,7.50732422,17.578125,0.9765625
-0.13134766,-0.00146484,0.98144531,6.16455078,15.625,1.15966797
-0.13134766,-0.00146484,0.98144531,6.16455078,15.625,1.15966797
-0.13964844,-0.00341797,0.99560547,4.39453125,13.24462891,1.40380859
-0.15820312,0.00195312,1.03662109,0.54931641,12.93945312,1.40380859
-0.16357422,0.00146484,1.03808594,0,14.83154297,1.40380859
-0.16357422,0.00146484,1.03808594,0,14.83154297,1.40380859
-0.16552734,0.00048828,1.02197266,0.18310547,16.05224609,1.52587891
-0.15234375,-0.00390625,1.00146484,1.03759766,13.73291016,1.58691406
-0.15283203,-0.00830078,1.00585938,1.40380859,12.57324219,2.01416016
-0.15283203,-0.00830078,1.00585938,1.40380859,12.57324219,2.01416016
-0.16015625,-0.00341797,1.01855469,1.58691406,12.20703125,2.25830078
-0.18164062,0.00097656,1.03027344,1.34277344,13.18359375,2.44140625
-0.19677734,0.00976562,1.04052734,1.15966797,15.19775391,2.44140625
-0.19677734,0.01318359,1.05419922,1.46484375,20.32470703,1.953125
-0.19677734,0.01367188,1.05761719,2.07519531,22.15576172,1.83105469
-0.19677734,0.01367188,1.05761719,2.07519531,22.15576172,1.83105469
-0.19433594,0.01660156,1.06787109,2.74658203,23.74267578,1.70898438
-0.19824219,0.01269531,1.0859375,3.41796875,26.06201172,1.52587891
-0.1953125,0.01416016,1.09130859,4.33349609,29.17480469,1.52587891
-0.18945312,0.01220703,1.08544922,5.37109375,30.94482422,1.46484375
-0.18554688,0.00732422,1.07568359,5.67626953,30.70068359,1.22070312
-0.18212891,0.00683594,1.06396484,5.00488281,28.99169922,0.9765625
-0.18261719,0.00537109,1.06152344,3.72314453,26.55029297,0.91552734
-0.19238281,-0.00195312,1.06738281,1.89208984,24.4140625,0.9765625
-0.20166016,-0.00488281,1.06591797,0.24414062,23.4375,1.15966797
-0.20556641,0.00927734,1.04394531,0.06103516,22.94921875,1.15966797
-0.20947266,0.01708984,1.03222656,-0.06103516,22.52197266,0.9765625
-0.22216797,0.01074219,1.03564453,0.79345703,22.33886719,0.54931641
-0.23193359,0.01269531,1.03613281,1.40380859,22.76611328,0.06103516
-0.22900391,0.00878906,1.03271484,1.83105469,23.80371094,-0.18310547
-0.21923828,0.00537109,1.02246094,2.01416016,24.59716797,-0.54931641
-0.21679688,0.00195312,1.00732422,2.13623047,24.84130859,-0.61035156
-0.22119141,-0.00341797,0.98730469,2.01416016,24.84130859,-0.36621094
-0.22070312,-0.00146484,0.96435547,1.34277344,24.47509766,-0.06103516
-0.20898438,0,0.95898438,0.73242188,23.92578125,0.06103516
-0.20214844,-0.00683594,0.97949219,0.85449219,24.04785156,0.36621094
-0.21044922,-0.01025391,0.99951172,0.79345703,25.26855469,0.9765625
-0.22460938,-0.00439453,1.00488281,0.61035156,27.28271484,1.34277344
-0.23486328,0.0078125,0.99365234,0.30517578,29.11376953,1.46484375
-0.24169922,0.00976562,0.984375,0.36621094,31.06689453,1.52587891
-0.25146484,0.01025391,0.97216797,0.54931641,32.65380859,1.52587891
-0.25195312,0.01757812,0.95605469,0.42724609,33.99658203,1.40380859
-0.25341797,0.02197266,0.95166016,0.85449219,34.54589844,1.15966797
-0.25585938,0.02001953,0.96142578,0.91552734,34.97314453,0.91552734
-0.2578125,0.02246094,0.97314453,0.91552734,36.43798828,0.79345703
-0.26269531,0.02050781,0.98339844,1.58691406,38.02490234,0.67138672
-0.26855469,0.01855469,0.98388672,1.89208984,39.30664062,0.91552734
-0.26757812,0.02392578,0.97070312,2.07519531,39.42871094,0.85449219
-0.27148438,0.03027344,0.95898438,1.953125,38.63525391,0.48828125
-0.28710938,0.01904297,0.96826172,2.80761719,37.04833984,0.48828125
-0.28808594,0.02539062,0.96826172,4.02832031,36.1328125,0.30517578
-0.29931641,0.02929688,0.96484375,5.18798828,35.64453125,0.48828125
-0.28955078,0.02099609,0.98681641,6.28662109,34.91210938,0.54931641
-0.28515625,0.02734375,1.00488281,7.08007812,33.38623047,0.48828125
-0.29638672,0.01757812,1.00341797,6.95800781,31.55517578,0.36621094
-0.31005859,0.01611328,0.98925781,5.61523438,30.33447266,0
-0.31982422,0.01611328,0.98242188,3.72314453,29.54101562,-0.54931641
-0.32617188,0.02099609,0.95947266,2.25830078,29.54101562,-1.34277344
-0.32226562,0.02685547,0.94335938,1.22070312,31.00585938,-1.83105469
-0.31103516,0.03320312,0.93603516,1.83105469,33.08105469,-2.01416016
-0.296875,0.03613281,0.93554688,2.44140625,34.79003906,-1.83105469
-0.28710938,0.03466797,0.93359375,2.9296875,35.76660156,-1.40380859
-0.28417969,0.03662109,0.93896484,3.54003906,35.52246094,-0.73242188
-0.28320312,0.0390625,0.93652344,3.78417969,34.66796875,0.12207031
-0.28417969,0.03955078,0.92236328,3.60107422,34.1796875,0.91552734
-0.29150391,0.04101562,0.91455078,3.54003906,34.91210938,1.77001953
-0.30126953,0.03027344,0.92431641,4.21142578,38.57421875,2.80761719
-0.31982422,0.03320312,0.93652344,4.51660156,38.57421875,2.80761719
-0.32421875,0.03222656,0.95361328,6.10351562,39.55078125,3.72314453
-0.31982422,0.02880859,0.96240234,6.10351562,39.55078125,3.72314453
-0.32714844,0.02539062,0.95556641,6.8359375,37.96386719,4.39453125
-0.33544922,0.02392578,0.953125,6.8359375,37.96386719,4.39453125
-0.34423828,0.02783203,0.95556641,7.32421875,35.88867188,4.21142578
-0.35253906,0.02392578,0.95019531,7.32421875,35.88867188,4.21142578
-0.35986328,0.02587891,0.94433594,6.59179688,34.48486328,3.90625
-0.35253906,0.02978516,0.95263672,6.59179688,34.48486328,3.90625
-0.35595703,0.03076172,0.9140625,4.94384766,34.30175781,4.27246094
-0.36230469,0.02880859,0.9140625,4.94384766,34.30175781,4.27246094
-0.36572266,0.03369141,0.89746094,3.84521484,35.88867188,4.33349609
-0.35595703,0.03369141,0.89746094,3.84521484,35.88867188,4.33349609
-0.40673828,0.02148438,0.90673828,3.96728516,39.18457031,5.43212891
-0.40673828,0.02148438,0.90673828,3.96728516,39.18457031,5.43212891
-0.35595703,0.04980469,0.88085938,4.82177734,37.65869141,5.55419922
-0.35595703,0.04980469,0.88085938,4.82177734,37.65869141,5.55419922
-0.37207031,0.04394531,0.89501953,5.98144531,38.26904297,6.95800781
-0.37207031,0.04394531,0.89501953,5.98144531,38.26904297,6.95800781
-0.36572266,0.03613281,0.90869141,7.87353516,36.98730469,7.8125
-0.36572266,0.03613281,0.90869141,7.87353516,36.98730469,7.8125
-0.37353516,0.04101562,0.90380859,8.91113281,35.94970703,8.05664062
-0.37353516,0.04101562,0.90380859,8.91113281,35.94970703,8.05664062
-0.39111328,0.03564453,0.91064453,8.97216797,34.91210938,8.36181641
-0.39111328,0.03564453,0.91064453,8.97216797,34.91210938,8.36181641
-0.38574219,0.04052734,0.90820312,7.44628906,32.40966797,8.72802734
-0.38574219,0.04052734,0.90820312,7.44628906,32.40966797,8.72802734
-0.38964844,0.04003906,0.90234375,5.00488281,29.60205078,8.60595703
-0.38964844,0.04003906,0.90234375,5.00488281,29.60205078,8.60595703
-0.42236328,0.05566406,0.87988281,1.64794922,31.18896484,8.54492188
-0.42236328,0.05566406,0.87988281,1.64794922,31.18896484,8.54492188
-0.44287109,0.06689453,0.86865234,0.30517578,33.32519531,7.44628906
-0.44287109,0.06689453,0.86865234,0.30517578,33.32519531,7.44628906
-0.48535156,0.06835938,0.85205078,1.03759766,33.32519531,6.28662109
-0.48535156,0.06835938,0.85205078,1.03759766,33.32519531,6.28662109
-0.48730469,0.07080078,0.85205078,2.9296875,33.203125,4.57763672
-0.48730469,0.07080078,0.85205078,2.9296875,33.203125,4.57763672
-0.47998047,0.07861328,0.85400391,5.43212891,32.59277344,2.80761719
-0.47998047,0.07861328,0.85400391,5.43212891,32.59277344,2.80761719
-0.47900391,0.08740234,0.83935547,6.40869141,34.54589844,1.58691406
-0.47900391,0.08740234,0.83935547,6.40869141,34.54589844,1.58691406
-0.48486328,0.08203125,0.85449219,6.59179688,35.33935547,0.61035156
-0.48486328,0.08203125,0.85449219,6.59179688,35.33935547,0.61035156
-0.46484375,0.07568359,0.87353516,5.73730469,32.77587891,-0.85449219
-0.46484375,0.07568359,0.87353516,5.73730469,32.77587891,-0.85449219
-0.46289062,0.07666016,0.86083984,4.8828125,32.04345703,-1.28173828
-0.46289062,0.07666016,0.86083984,4.8828125,32.04345703,-1.28173828
-0.45947266,0.07666016,0.86523438,3.90625,33.56933594,-1.03759766
-0.45947266,0.07666016,0.86523438,3.90625,33.56933594,-1.03759766
-0.39501953,0.04296875,0.90429688,3.90625,30.94482422,-1.70898438
-0.39501953,0.04296875,0.90429688,3.90625,30.94482422,-1.70898438
-0.49072266,0.02246094,0.88037109,2.38037109,28.3203125,0.48828125
-0.49072266,0.02246094,0.88037109,2.38037109,28.3203125,0.48828125
-0.46386719,0.07617188,0.85009766,-1.34277344,24.10888672,1.70898438
-0.46386719,0.07617188,0.85009766,-1.34277344,24.10888672,1.70898438
-0.484375,0.05664062,0.79980469,-3.23486328,23.49853516,1.70898438
-0.484375,0.05664062,0.79980469,-3.23486328,23.49853516,1.70898438
-0.49072266,0.06542969,0.78759766,-2.31933594,26.55029297,1.70898438
-0.49072266,0.06542969,0.78759766,-2.31933594,26.55029297,1.70898438
-0.48486328,0.07617188,0.78417969,2.68554688,32.10449219,2.86865234
-0.48486328,0.07617188,0.78417969,2.68554688,32.10449219,2.86865234
-0.44921875,0.07568359,0.67724609,22.27783203,39.36767578,5.73730469
-0.44921875,0.07568359,0.67724609,22.27783203,39.36767578,5.73730469
-0.46582031,0.08105469,0.68652344,51.81884766,46.20361328,9.09423828
-0.46582031,0.08105469,0.68652344,51.81884766,46.20361328,9.09423828
-0.44873047,0.08544922,0.78222656,59.26513672,49.74365234,12.45117188
-0.44873047,0.08544922,0.78222656,59.26513672,49.74365234,12.45117188
-0.43457031,0.08300781,0.82763672,70.98388672,49.07226562,14.70947266
-0.43457031,0.08300781,0.82763672,70.98388672,49.07226562,14.70947266
-0.47216797,0.06152344,0.83105469,78.73535156,44.921875,16.17431641
-0.47216797,0.06152344,0.83105469,78.73535156,44.921875,16.17431641
-0.48291016,0.10644531,0.82421875,71.22802734,44.79980469,15.56396484
-0.48291016,0.10644531,0.82421875,71.22802734,44.79980469,15.56396484
-0.48046875,0.11767578,0.8359375,55.90820312,40.28320312,15.80810547
-0.48046875,0.11767578,0.8359375,55.90820312,40.28320312,15.80810547
-0.52490234,0.17773438,0.84228516,37.23144531,38.20800781,15.19775391
-0.52490234,0.17773438,0.84228516,37.23144531,38.20800781,15.19775391
-0.51660156,0.14501953,0.89404297,17.88330078,32.65380859,15.80810547
-0.51660156,0.14501953,0.89404297,17.88330078,32.65380859,15.80810547
-0.60449219,0.12158203,0.84472656,2.56347656,29.296875,13.671875
-0.60449219,0.12158203,0.84472656,2.56347656,29.296875,13.671875
-0.61572266,0.13916016,0.76611328,-1.89208984,35.09521484,10.68115234
-0.61572266,0.13916016,0.76611328,-1.89208984,35.09521484,10.68115234
-0.62548828,0.11669922,0.78027344,-3.23486328,38.81835938,5.24902344
-0.62548828,0.11669922,0.78027344,-3.23486328,38.81835938,5.24902344
-0.54101562,0.17138672,0.79394531,0.30517578,40.83251953,3.54003906
-0.54101562,0.17138672,0.79394531,0.30517578,40.83251953,3.54003906
-0.51660156,0.14208984,0.78222656,3.60107422,45.22705078,5.12695312
-0.51660156,0.14208984,0.78222656,3.60107422,45.22705078,5.12695312
-0.48046875,0.16650391,0.80566406,1.953125,50.35400391,9.70458984
-0.48046875,0.16650391,0.80566406,1.953125,50.35400391,9.70458984
-0.49414062,0.14453125,0.78515625,-18.31054688,52.24609375,14.03808594
-0.49414062,0.14453125,0.78515625,-18.31054688,52.24609375,14.03808594
-0.58935547,0.09863281,0.69580078,-10.7421875,54.07714844,11.84082031
-0.58935547,0.09863281,0.69580078,-10.7421875,54.07714844,11.84082031
-0.61376953,0.13720703,0.74755859,-13.06152344,55.11474609,10.37597656
-0.61376953,0.13720703,0.74755859,-13.06152344,55.11474609,10.37597656
-0.62646484,0.12060547,0.70507812,-11.41357422,55.35888672,9.39941406
-0.62646484,0.12060547,0.70507812,-11.41357422,55.35888672,9.39941406
-0.65380859,0.13525391,0.67285156,-4.02832031,65.91796875,8.30078125
-0.65380859,0.13525391,0.67285156,-4.02832031,65.91796875,8.30078125
-0.67871094,0.15234375,0.66162109,-4.39453125,79.71191406,14.46533203
-0.67871094,0.15234375,0.66162109,-4.39453125,79.71191406,14.46533203
-0.64892578,0.16552734,0.66455078,-14.77050781,79.95605469,17.45605469
-0.64892578,0.16552734,0.66455078,-14.77050781,79.95605469,17.45605469
-0.63378906,0.14794922,0.71533203,-27.16064453,82.45849609,19.47021484
-0.63378906,0.14794922,0.71533203,-27.16064453,82.45849609,19.47021484
-0.61425781,0.13037109,0.81445312,-26.73339844,81.11572266,21.72851562
-0.61425781,0.13037109,0.81445312,-26.73339844,81.11572266,21.72851562
-0.59082031,0.1171875,0.77929688,-29.78515625,75.37841797,18.24951172
-0.59082031,0.1171875,0.77929688,-29.78515625,75.37841797,18.24951172
-0.67919922,0.12109375,0.74707031,-29.54101562,68.84765625,13.85498047
-0.67919922,0.12109375,0.74707031,-29.54101562,68.84765625,13.85498047
-0.71777344,0.12402344,0.74511719,-27.52685547,60.48583984,13.671875
-0.71777344,0.12402344,0.74511719,-27.52685547,60.48583984,13.671875
-0.69384766,0.11425781,0.72509766,-30.02929688,56.88476562,11.04736328
-0.69384766,0.11425781,0.72509766,-30.02929688,56.88476562,11.04736328
-0.72265625,0.109375,0.68945312,-30.57861328,56.70166016,8.72802734
-0.72265625,0.109375,0.68945312,-30.57861328,56.70166016,8.72802734
-0.81152344,0.21240234,0.65039062,-28.56445312,77.75878906,7.8125
-0.81152344,0.21240234,0.65039062,-28.56445312,77.75878906,7.8125
-0.68164062,0.12109375,0.77685547,-29.05273438,84.41162109,9.09423828
-0.68164062,0.12109375,0.77685547,-29.05273438,84.41162109,9.09423828
-0.70117188,0.11328125,0.77050781,-23.49853516,84.89990234,8.11767578
-0.70117188,0.11328125,0.77050781,-23.49853516,84.89990234,8.11767578
-0.72607422,0.11474609,0.70898438,-20.93505859,87.28027344,7.69042969
-0.72607422,0.11474609,0.70898438,-20.93505859,87.28027344,7.69042969
-0.75048828,0.10498047,0.71191406,-22.88818359,85.08300781,8.54492188
-0.75048828,0.10498047,0.71191406,-22.88818359,85.08300781,8.54492188
-0.76220703,0.08447266,0.70361328,-21.60644531,78.06396484,6.89697266
-0.76220703,0.08447266,0.70361328,-21.60644531,78.06396484,6.89697266
-0.75585938,0.07910156,0.59472656,-20.75195312,73.91357422,2.99072266
-0.75585938,0.07910156,0.59472656,-20.75195312,73.91357422,2.99072266
-0.79931641,0.11132812,0.63916016,-27.28271484,73.42529297,0.54931641
-0.79931641,0.11132812,0.63916016,-27.28271484,73.42529297,0.54931641
-0.82373047,0.10693359,0.52832031,-27.46582031,73.60839844,0.48828125
-0.82373047,0.10693359,0.52832031,-27.46582031,73.60839844,0.48828125
-0.80273438,0.1171875,0.60058594,-35.64453125,77.20947266,2.31933594
-0.80273438,0.1171875,0.60058594,-35.64453125,77.20947266,2.31933594
-0.74707031,0.08203125,0.65869141,-34.60693359,75.07324219,1.22070312
-0.74707031,0.08203125,0.65869141,-34.60693359,75.07324219,1.22070312
-0.75927734,0.08105469,0.69287109,-26.00097656,73.36425781,-0.18310547
-0.75927734,0.08105469,0.69287109,-26.00097656,73.36425781,-0.18310547
-0.75244141,0.08544922,0.65771484,-16.96777344,72.265625,-0.12207031
-0.74707031,0.08984375,0.64306641,-10.92529297,72.93701172,0.12207031
-0.79394531,0.09667969,0.61425781,-2.07519531,71.96044922,0.24414062
-0.79394531,0.09667969,0.61425781,-2.07519531,71.96044922,0.24414062
-0.85107422,0.11474609,0.53759766,-2.62451172,70.55664062,1.34277344
-0.85107422,0.11474609,0.53759766,-2.62451172,70.55664062,1.34277344
-0.86865234,0.08837891,0.54541016,-2.13623047,72.50976562,2.80761719
-0.86865234,0.08837891,0.54541016,-2.13623047,72.50976562,2.80761719
-0.87060547,0.07910156,0.61865234,2.56347656,72.14355469,0.30517578
-0.87060547,0.07910156,0.61865234,2.56347656,72.14355469,0.30517578
-0.87841797,0.05322266,0.484375,6.22558594,74.64599609,-5.61523438
-0.87841797,0.05322266,0.484375,6.22558594,74.64599609,-5.61523438
-0.89501953,0.08496094,0.45410156,11.41357422,80.87158203,-5.61523438
-0.89501953,0.08496094,0.45410156,11.41357422,80.87158203,-5.61523438
-0.84130859,0.08691406,0.55908203,13.54980469,82.15332031,-4.39453125
-0.84130859,0.08691406,0.55908203,13.54980469,82.15332031,-4.39453125
-0.82666016,0.08789062,0.63183594,15.19775391,70.00732422,-6.10351562
-0.82666016,0.08789062,0.63183594,15.19775391,70.00732422,-6.10351562
-0.84033203,0.08447266,0.55322266,14.52636719,57.25097656,-7.32421875
-0.84033203,0.08447266,0.55322266,14.52636719,57.25097656,-7.32421875
-0.85546875,0.07910156,0.51074219,12.75634766,48.27880859,-6.46972656
-0.85546875,0.07910156,0.51074219,12.75634766,48.27880859,-6.46972656
-0.90673828,0.10595703,0.50195312,15.25878906,45.47119141,-6.10351562
-0.90673828,0.10595703,0.50195312,16.41845703,44.55566406,-5.98144531
-0.91162109,0.09228516,0.43164062,16.23535156,44.55566406,-6.59179688
-0.91162109,0.09228516,0.43164062,13.54980469,45.47119141,-6.59179688
-0.95556641,0.11279297,0.40527344,9.88769531,45.8984375,-5.98144531
-0.95556641,0.11279297,0.40527344,6.16455078,47.30224609,-5.24902344
-0.97851562,0.109375,0.36181641,2.50244141,49.92675781,-4.27246094
-0.97851562,0.109375,0.36181641,0.06103516,53.7109375,-2.62451172
-0.96728516,0.10839844,0.43115234,0.42724609,57.18994141,-0.61035156
-0.96728516,0.10839844,0.43115234,4.69970703,59.81445312,0.91552734
-0.92626953,0.09716797,0.53466797,11.53564453,61.15722656,2.01416016
-0.92236328,0.09667969,0.55371094,19.53125,60.91308594,2.56347656
-0.93017578,0.08544922,0.52685547,27.58789062,60.24169922,2.19726562
-0.93164062,0.08691406,0.45898438,33.63037109,59.87548828,1.40380859
-0.93261719,0.09570312,0.39599609,35.64453125,60.91308594,0.48828125
-0.93164062,0.10302734,0.36914062,33.14208984,61.40136719,0
-0.92089844,0.09716797,0.38964844,30.21240234,60.79101562,-0.73242188
-0.91552734,0.08642578,0.4140625,27.77099609,58.83789062,-1.83105469
-0.91064453,0.08935547,0.40673828,24.96337891,55.48095703,-2.9296875
-0.90136719,0.09375,0.37548828,21.91162109,52.85644531,-3.96728516
-0.91064453,0.09765625,0.35302734,17.82226562,51.14746094,-4.94384766
-0.91503906,0.08740234,0.33398438,13.00048828,48.76708984,-5.61523438
-0.92382812,0.07861328,0.32421875,8.42285156,45.95947266,-6.53076172
-0.93017578,0.08984375,0.31640625,4.57763672,42.23632812,-7.32421875
-0.94189453,0.08984375,0.32910156,0.79345703,38.26904297,-7.93457031
-0.96191406,0.10498047,0.35253906,-1.953125,33.81347656,-8.05664062
-0.97851562,0.125,0.3515625,-3.60107422,30.82275391,-7.69042969
-0.98925781,0.12841797,0.35107422,-2.68554688,30.88378906,-7.08007812
-0.99560547,0.11767578,0.34423828,1.09863281,33.14208984,-6.8359375
-1.00683594,0.11865234,0.32128906,6.16455078,37.35351562,-6.71386719
-1.03710938,0.12011719,0.30419922,11.10839844,42.05322266,-5.73730469
-1.07324219,0.12158203,0.27636719,15.07568359,45.83740234,-3.84521484
-1.09814453,0.13134766,0.22998047,16.78466797,49.8046875,-0.85449219
-1.1171875,0.13232422,0.21386719,15.99121094,53.28369141,2.9296875
-1.125,0.11962891,0.21923828,14.28222656,55.84716797,6.71386719
-1.1171875,0.10449219,0.21777344,12.81738281,57.6171875,9.64355469
-1.1015625,0.09130859,0.23388672,11.23046875,58.89892578,11.59667969
-1.08349609,0.08056641,0.24121094,10.00976562,59.38720703,12.14599609
-1.05957031,0.06689453,0.26953125,8.66699219,58.95996094,11.59667969
-1.02929688,0.04492188,0.29443359,8.05664062,56.57958984,10.19287109
-0.99414062,0.02197266,0.30566406,8.17871094,52.734375,7.50732422
-0.97558594,0.01123047,0.29931641,8.36181641,48.09570312,3.78417969
-0.97851562,0.02832031,0.29931641,8.05664062,43.33496094,0.48828125
-0.97753906,0.04638672,0.31591797,7.50732422,37.71972656,-1.58691406
-0.95947266,0.04931641,0.31689453,6.59179688,31.79931641,-3.60107422
-0.93994141,0.04882812,0.32763672,6.8359375,27.52685547,-6.10351562
-0.93457031,0.04980469,0.31298828,8.97216797,25.45166016,-8.91113281
-0.93945312,0.06982422,0.29003906,11.53564453,26.67236328,-11.10839844
-0.93261719,0.08203125,0.29882812,13.73291016,28.80859375,-12.63427734
-0.92138672,0.07421875,0.30078125,14.70947266,29.84619141,-14.40429688
-0.92333984,0.08056641,0.26367188,14.09912109,31.06689453,-16.11328125
-0.95117188,0.10107422,0.22460938,11.90185547,32.89794922,-16.90673828
-0.96630859,0.11865234,0.21435547,8.97216797,34.85107422,-15.86914062
-0.96826172,0.13183594,0.21484375,5.859375,36.37695312,-13.91601562
-0.97802734,0.14306641,0.20703125,2.44140625,37.90283203,-11.23046875
-0.98828125,0.16113281,0.20703125,-1.09863281,40.0390625,-8.17871094
-1.00146484,0.16552734,0.23242188,-4.08935547,41.07666016,-5.12695312
-1.00927734,0.15869141,0.2421875,-6.28662109,40.89355469,-2.19726562
-1.00195312,0.14013672,0.23974609,-7.56835938,40.77148438,0.18310547
-0.98632812,0.12548828,0.26660156,-6.59179688,40.34423828,1.70898438
-0.98242188,0.11572266,0.25146484,-4.51660156,39.91699219,2.07519531
-0.97705078,0.10058594,0.24267578,-3.23486328,39.42871094,2.07519531
-0.96386719,0.11035156,0.25390625,-2.13623047,36.1328125,0.42724609
-0.94189453,0.09912109,0.25390625,-2.13623047,36.1328125,0.42724609
-0.94140625,0.09033203,0.25585938,-0.06103516,35.27832031,-3.66210938
-0.95117188,0.09765625,0.22363281,-0.06103516,35.27832031,-3.66210938
-0.97119141,0.11376953,0.19140625,1.22070312,41.015625,-5.06591797
-0.99658203,0.13330078,0.14160156,1.22070312,41.015625,-5.06591797
-1.01269531,0.13720703,0.18701172,0.85449219,43.57910156,-4.45556641
-0.98583984,0.10351562,0.25048828,0.85449219,43.57910156,-4.45556641
-0.96875,0.08837891,0.2578125,4.45556641,39.18457031,-7.50732422
-0.9765625,0.09814453,0.21142578,4.45556641,39.18457031,-7.50732422
-0.97851562,0.09521484,0.19335938,1.15966797,36.37695312,-7.69042969
-0.97021484,0.09521484,0.19335938,1.15966797,36.37695312,-7.69042969
-0.94628906,0.078125,0.18798828,-6.89697266,28.86962891,-9.27734375
-0.94628906,0.078125,0.18798828,-6.89697266,28.86962891,-9.27734375
-0.95507812,0.08300781,0.21289062,-13.18359375,20.08056641,-9.46044922
-0.95507812,0.08300781,0.21289062,-13.18359375,20.08056641,-9.46044922
-0.97070312,0.10253906,0.14208984,-18.31054688,14.28222656,-6.71386719
-0.97070312,0.10253906,0.14208984,-18.31054688,14.28222656,-6.71386719
-0.98632812,0.08398438,0.17480469,-21.72851562,10.25390625,-6.40869141
-0.98632812,0.08398438,0.17480469,-21.72851562,10.25390625,-6.40869141
-1.01416016,0.0859375,0.12597656,-19.83642578,12.75634766,-4.51660156
-1.01416016,0.0859375,0.12597656,-19.83642578,12.75634766,-4.51660156
-1.01708984,0.08691406,0.14648438,-14.77050781,22.09472656,-1.953125
-1.01708984,0.08691406,0.14648438,-14.77050781,22.09472656,-1.953125
-1.01660156,0.07373047,0.21142578,-3.29589844,29.35791016,-0.9765625
-1.01660156,0.07373047,0.21142578,-3.29589844,29.35791016,-0.9765625
-1.02734375,0.07373047,0.18945312,5.55419922,31.92138672,-0.61035156
-1.02734375,0.07373047,0.18945312,5.55419922,31.92138672,-0.61035156
-1.03710938,0.0625,0.14599609,5.43212891,27.89306641,2.13623047
-1.03710938,0.0625,0.14599609,5.43212891,27.89306641,2.13623047
-1.00146484,0.04101562,0.19580078,3.35693359,20.69091797,3.96728516
-1.00146484,0.04101562,0.19580078,3.35693359,20.69091797,3.96728516
-0.95214844,0.02490234,0.25,10.49804688,9.70458984,-0.54931641
-0.95214844,0.02490234,0.25,10.49804688,9.70458984,-0.54931641
-0.96289062,0.06152344,0.15283203,15.31982422,4.94384766,-6.34765625
-0.96289062,0.06152344,0.15283203,15.31982422,4.94384766,-6.34765625
-0.99462891,0.08740234,0.12646484,11.53564453,6.65283203,-8.91113281
-0.99462891,0.08740234,0.12646484,11.53564453,6.65283203,-8.91113281
-0.99169922,0.09082031,0.15332031,6.22558594,2.80761719,-9.09423828
-0.99169922,0.09082031,0.15332031,6.22558594,2.80761719,-9.09423828
-0.98876953,0.07128906,0.18408203,2.38037109,-3.35693359,-10.37597656
-0.98876953,0.07128906,0.18408203,2.38037109,-3.35693359,-10.37597656
-0.99267578,0.04931641,0.14111328,4.21142578,-6.77490234,-9.88769531
-0.99267578,0.04931641,0.14111328,4.21142578,-6.77490234,-9.88769531
-0.97998047,0.08447266,0.02587891,5.79833984,2.62451172,-6.46972656
-0.97998047,0.08447266,0.02587891,5.79833984,2.62451172,-6.46972656
-0.94384766,0.05859375,0.16357422,5.79833984,8.11767578,-3.35693359
-0.94384766,0.05859375,0.16357422,5.79833984,8.11767578,-3.35693359
-0.96630859,0.08203125,0.16552734,5.49316406,7.08007812,-4.15039062
-0.96630859,0.08203125,0.16552734,5.49316406,7.08007812,-4.15039062
-1.0078125,0.08544922,0.13183594,2.38037109,2.38037109,-2.13623047
-1.0078125,0.08544922,0.13183594,2.38037109,2.38037109,-2.13623047
-1.00097656,0.06542969,0.12988281,0.42724609,1.83105469,-1.52587891
-1.00097656,0.06542969,0.12988281,0.42724609,1.83105469,-1.52587891
-1.015625,0.06542969,0.15087891,4.33349609,1.34277344,-2.50244141
-1.015625,0.06542969,0.15087891,4.33349609,1.34277344,-2.50244141
-1.01025391,0.07421875,0.15136719,8.42285156,0,-1.52587891
-1.01025391,0.07421875,0.15136719,8.42285156,0,-1.52587891
-1.00927734,0.07177734,0.12939453,10.43701172,-0.67138672,-0.79345703
-1.00927734,0.07177734,0.12939453,10.43701172,-0.67138672,-0.79345703
-1.02441406,0.08496094,0.05664062,6.8359375,0.73242188,0.48828125
-1.02441406,0.08496094,0.05664062,6.8359375,0.73242188,0.48828125
-1.00537109,0.07568359,0.08740234,-1.40380859,1.83105469,1.28173828
-1.00537109,0.07568359,0.08740234,-1.40380859,1.83105469,1.28173828
-1.00927734,0.07421875,0.11425781,-5.73730469,-0.30517578,0.18310547
-1.00927734,0.07421875,0.11425781,-5.73730469,-0.30517578,0.18310547
-1.01806641,0.08154297,0.12988281,-9.64355469,-0.73242188,1.22070312
-1.01806641,0.08154297,0.12988281,-9.64355469,-0.73242188,1.22070312
-0.99511719,0.06201172,0.17138672,-8.72802734,-2.50244141,-0.36621094
-0.99511719,0.06201172,0.17138672,-8.72802734,-2.50244141,-0.36621094
-1.00537109,0.07128906,0.17822266,-3.78417969,-2.07519531,-2.07519531
-1.00537109,0.07128906,0.17822266,-3.78417969,-2.07519531,-2.07519531
-1.00878906,0.07568359,0.13623047,4.45556641,2.50244141,-2.13623047
-1.00878906,0.07568359,0.13623047,4.45556641,2.50244141,-2.13623047
-1.00732422,0.07714844,0.13476562,9.70458984,8.11767578,-1.09863281
-1.00732422,0.07714844,0.13476562,9.70458984,8.11767578,-1.09863281
-1.00244141,0.07714844,0.09423828,10.31494141,10.86425781,-1.22070312
-1.00244141,0.07714844,0.09423828,10.31494141,10.86425781,-1.22070312
-1.01513672,0.09130859,0.10644531,6.46972656,13.42773438,0.61035156
-1.01513672,0.09130859,0.10644531,6.46972656,13.42773438,0.61035156
-1.01416016,0.09521484,0.12255859,3.23486328,13.06152344,3.23486328
-1.01416016,0.09521484,0.12255859,3.23486328,13.06152344,3.23486328
-0.9921875,0.07910156,0.11279297,0,11.04736328,5.98144531
-0.9921875,0.07910156,0.11279297,0,11.04736328,5.98144531
-0.96875,0.06152344,0.13769531,-1.22070312,9.03320312,4.51660156
-0.96875,0.06152344,0.13769531,-1.22070312,9.03320312,4.51660156
-0.95214844,0.05566406,0.14648438,-0.73242188,4.69970703,3.41796875
-0.95214844,0.05566406,0.14648438,-0.73242188,4.69970703,3.41796875
-0.94677734,0.05664062,0.15869141,0.67138672,1.70898438,1.40380859
-0.94677734,0.05664062,0.15869141,0.67138672,1.70898438,1.40380859
-0.96435547,0.06933594,0.13867188,2.13623047,0.18310547,-0.36621094
-0.96435547,0.06933594,0.13867188,2.13623047,0.18310547,-0.36621094
-0.98583984,0.07568359,0.11767578,1.58691406,1.09863281,-0.9765625
-0.98583984,0.07568359,0.11767578,1.58691406,1.09863281,-0.9765625
-0.99853516,0.078125,0.11230469,-0.30517578,1.28173828,-0.91552734
-0.99853516,0.078125,0.11230469,-0.30517578,1.28173828,-0.91552734
-1.015625,0.07763672,0.09033203,-0.91552734,3.05175781,-0.18310547
-1.015625,0.07763672,0.09033203,-0.91552734,3.05175781,-0.18310547
-1.01416016,0.07275391,0.10888672,1.40380859,5.98144531,1.22070312
-1.01416016,0.07275391,0.10888672,1.40380859,5.98144531,1.22070312
-1.01367188,0.07568359,0.10009766,2.50244141,8.17871094,2.50244141
-1.01269531,0.06445312,0.125,2.25830078,8.85009766,2.50244141
-0.99755859,0.08007812,0.09472656,1.22070312,6.16455078,1.40380859
-0.99755859,0.08007812,0.09472656,1.22070312,6.16455078,1.40380859
-0.98242188,0.07714844,0.09326172,0.24414062,1.70898438,0.36621094
-0.98242188,0.07714844,0.09326172,0.24414062,1.70898438,0.36621094
-0.9921875,0.05712891,0.12060547,-0.42724609,-1.64794922,0.73242188
-0.9921875,0.05712891,0.12060547,-0.42724609,-1.64794922,0.73242188
-0.98535156,0.07226562,0.11181641,-3.54003906,-2.86865234,2.19726562
-0.98535156,0.07226562,0.11181641,-3.54003906,-2.86865234,2.19726562
-0.97900391,0.08837891,0.13037109,-5.92041016,-5.49316406,2.13623047
-0.97900391,0.08837891,0.13037109,-5.92041016,-5.49316406,2.13623047
-1.00146484,0.08203125,0.15625,-5.859375,-5.61523438,1.64794922
-1.00146484,0.08203125,0.15625,-5.859375,-5.61523438,1.64794922
-0.99658203,0.08154297,0.13916016,-4.82177734,-4.63867188,1.70898438
-0.99658203,0.08154297,0.13916016,-4.82177734,-4.63867188,1.70898438
-0.99658203,0.08154297,0.13916016,-5.00488281,-4.82177734,1.52587891
-0.99316406,0.07177734,0.12353516,-5.00488281,-5.37109375,1.46484375
-0.99316406,0.07177734,0.140625,-5.67626953,-5.24902344,1.52587891
-0.99316406,0.07177734,0.140625,-5.67626953,-5.24902344,1.52587891
-0.99316406,0.07177734,0.140625,-5.00488281,-4.27246094,1.64794922
-1.00048828,0.07910156,0.15332031,-4.21142578,-3.60107422,1.77001953
-0.99902344,0.08837891,0.15429688,-1.03759766,-4.02832031,1.64794922
-0.99902344,0.08837891,0.15429688,-1.03759766,-4.02832031,1.64794922
-0.99902344,0.08837891,0.15429688,-0.18310547,-3.72314453,1.52587891
-1.01953125,0.06835938,0.14453125,0.12207031,-2.86865234,2.31933594
-1.00097656,0.09667969,0.13769531,0.18310547,-3.41796875,3.54003906
-1.00097656,0.09667969,0.13769531,0.18310547,-3.41796875,3.54003906
-1.00097656,0.09667969,0.13769531,1.58691406,-4.82177734,2.68554688
-0.99707031,0.08935547,0.15966797,3.47900391,-5.79833984,1.83105469
-0.99658203,0.08642578,0.15576172,8.72802734,-5.55419922,0.73242188
-0.99658203,0.08642578,0.15576172,8.72802734,-5.55419922,0.73242188
-0.99658203,0.08642578,0.15576172,9.765625,-4.63867188,0.24414062
-0.99853516,0.07470703,0.12988281,9.765625,-3.84521484,0
-0.99804688,0.0859375,0.11669922,7.8125,-4.08935547,-0.54931641
-0.99804688,0.0859375,0.11669922,7.8125,-4.08935547,-0.54931641
-0.99804688,0.0859375,0.11425781,6.10351562,-4.45556641,-1.03759766
-0.99023438,0.08300781,0.12109375,4.57763672,-4.63867188,-1.46484375
-1.00292969,0.08447266,0.1484375,5.24902344,-5.49316406,-2.25830078
-1.00292969,0.08447266,0.1484375,5.24902344,-5.49316406,-2.25830078
-1.00292969,0.08398438,0.16113281,6.71386719,-5.12695312,-2.38037109
-1.02246094,0.07666016,0.15527344,7.38525391,-4.69970703,-2.07519531
-1.02246094,0.06445312,0.13671875,8.23974609,-4.82177734,0.67138672
-1.02246094,0.06445312,0.13671875,8.23974609,-4.82177734,0.67138672
-1.00976562,0.06884766,0.12744141,7.93457031,-5.31005859,1.77001953
-0.99707031,0.07568359,0.125,7.38525391,-6.22558594,2.13623047
-0.99365234,0.06933594,0.12060547,6.34765625,-9.64355469,2.19726562
-0.99365234,0.06933594,0.12060547,6.34765625,-9.64355469,2.19726562
-0.99023438,0.08105469,0.12304688,7.69042969,-13.30566406,2.50244141
-0.98681641,0.09326172,0.14794922,8.42285156,-14.52636719,1.77001953
-1.01416016,0.06982422,0.14599609,4.45556641,-11.96289062,2.38037109
-1.01416016,0.06982422,0.14599609,4.45556641,-11.96289062,2.38037109
-1.0078125,0.06542969,0.14599609,3.90625,-10.43701172,3.05175781
-1.00488281,0.05322266,0.12548828,2.31933594,-9.46044922,3.78417969
-1.01513672,0.04931641,0.12451172,-0.61035156,-10.92529297,5.67626953
-1.01513672,0.04931641,0.12451172,-0.61035156,-10.92529297,5.67626953
-1.03076172,0.0625,0.11767578,-1.03759766,-12.45117188,6.71386719
-1.04736328,0.06542969,0.14208984,-1.15966797,-14.03808594,7.8125
-1.04833984,0.06982422,0.1640625,-2.07519531,-10.62011719,11.59667969
-1.04833984,0.06982422,0.1640625,-2.07519531,-10.62011719,11.59667969
-1.03027344,0.07324219,0.14306641,-1.83105469,-10.49804688,13.00048828
-1.01464844,0.07519531,0.11914062,-0.79345703,-13.06152344,13.54980469
-1.00048828,0.06298828,0.11572266,3.41796875,-22.94921875,14.95361328
-1.00048828,0.06298828,0.11572266,3.41796875,-22.94921875,14.95361328
-0.99951172,0.0703125,0.11328125,5.61523438,-28.13720703,15.80810547
-0.99707031,0.08007812,0.09667969,7.26318359,-33.63037109,16.29638672
-0.99951172,0.07568359,0.13183594,6.95800781,-44.37255859,16.11328125
-0.99951172,0.07568359,0.13183594,6.95800781,-44.37255859,16.11328125
-1.02587891,0.04199219,0.15283203,2.9296875,-41.74804688,17.45605469
-1.04736328,0.02880859,0.14208984,-3.35693359,-36.37695312,20.93505859
-1.02587891,0.07421875,0.12646484,-14.89257812,-29.72412109,26.3671875
-1.02587891,0.07421875,0.12646484,-14.89257812,-29.72412109,26.3671875
-1.01806641,0.09667969,0.12841797,-17.94433594,-29.96826172,26.97753906
-1.02441406,0.10644531,0.1484375,-19.22607422,-31.86035156,27.03857422
-1.00048828,0.10009766,0.18505859,-17.39501953,-35.76660156,26.61132812
-1.00048828,0.10009766,0.18505859,-17.39501953,-35.76660156,26.61132812
-0.98291016,0.1015625,0.21289062,-15.31982422,-36.80419922,25.87890625
-0.98242188,0.09619141,0.22363281,-14.58740234,-35.09521484,25.63476562
-0.98242188,0.09619141,0.22363281,-14.58740234,-35.09521484,25.63476562
-0.98779297,0.10205078,0.19433594,-16.6015625,-32.89794922,27.40478516
-0.98779297,0.10205078,0.19433594,-16.6015625,-32.89794922,27.40478516
-0.98730469,0.11767578,0.18896484,-17.33398438,-36.19384766,28.68652344
-0.98730469,0.11767578,0.18896484,-17.33398438,-36.19384766,28.68652344
-0.95849609,0.15380859,0.20410156,-15.68603516,-41.80908203,26.97753906
-0.95849609,0.15380859,0.20410156,-15.68603516,-41.80908203,26.97753906
-0.95117188,0.16259766,0.21386719,-14.52636719,-44.43359375,22.58300781
-0.95117188,0.16259766,0.21386719,-14.52636719,-44.43359375,22.58300781
-0.94970703,0.18505859,0.23486328,-14.95361328,-47.66845703,18.18847656
-0.94970703,0.18505859,0.23486328,-14.95361328,-47.66845703,18.18847656
-0.96435547,0.17529297,0.31982422,-12.93945312,-44.12841797,13.30566406
-0.96435547,0.17529297,0.31982422,-12.93945312,-44.12841797,13.30566406
-0.98583984,0.15576172,0.33251953,-9.09423828,-33.38623047,11.90185547
-0.98583984,0.15576172,0.33251953,-9.09423828,-33.38623047,11.90185547
-0.95019531,0.16894531,0.28173828,-7.93457031,-26.97753906,10.31494141
-0.95019531,0.16894531,0.28173828,-7.93457031,-26.97753906,10.31494141
-0.94189453,0.16308594,0.29638672,-5.859375,-25.20751953,6.10351562
-0.94189453,0.16308594,0.29638672,-5.859375,-25.20751953,6.10351562
-0.95703125,0.15185547,0.27587891,-3.47900391,-24.65820312,3.96728516
-0.95703125,0.15185547,0.27587891,-3.47900391,-24.65820312,3.96728516
-0.95214844,0.15039062,0.28759766,-3.35693359,-24.84130859,3.05175781
-0.95214844,0.15039062,0.28759766,-3.35693359,-24.84130859,3.05175781
-0.93701172,0.14892578,0.296875,-0.79345703,-26.73339844,2.07519531
-0.93701172,0.14892578,0.296875,-0.79345703,-26.73339844,2.07519531
-0.92138672,0.14892578,0.27099609,1.28173828,-30.45654297,0.42724609
-0.92138672,0.14892578,0.27099609,1.28173828,-30.45654297,0.42724609
-0.93554688,0.15478516,0.27636719,0.06103516,-32.40966797,-1.28173828
-0.93554688,0.15478516,0.27636719,0.06103516,-32.40966797,-1.28173828
-0.95654297,0.13769531,0.30224609,-1.34277344,-31.37207031,-0.12207031
-0.95654297,0.13769531,0.30224609,-1.34277344,-31.37207031,-0.12207031
-0.94726562,0.16308594,0.30322266,-2.19726562,-30.63964844,-0.36621094
-0.94726562,0.16308594,0.30322266,-2.19726562,-30.63964844,-0.36621094
-0.94482422,0.16113281,0.27392578,-3.41796875,-28.99169922,-2.56347656
-0.94482422,0.16113281,0.27392578,-3.41796875,-28.99169922,-2.56347656
-0.93994141,0.16113281,0.26611328,-8.17871094,-28.86962891,-4.76074219
-0.93994141,0.16113281,0.26611328,-8.17871094,-28.86962891,-4.76074219
-0.93603516,0.16552734,0.29101562,-10.13183594,-31.06689453,-6.89697266
-0.93603516,0.16552734,0.29101562,-10.13183594,-31.06689453,-6.89697266
-0.9453125,0.14501953,0.32324219,-8.36181641,-34.30175781,-8.66699219
-0.9453125,0.14501953,0.32324219,-8.36181641,-34.30175781,-8.66699219
-0.94580078,0.12304688,0.35498047,-6.65283203,-33.38623047,-8.11767578
-0.94580078,0.12304688,0.35498047,-6.65283203,-33.38623047,-8.11767578
-0.94238281,0.13964844,0.34814453,-4.57763672,-33.14208984,-7.44628906
-0.94238281,0.13964844,0.34814453,-4.57763672,-33.14208984,-7.44628906
-0.94384766,0.13916016,0.34179688,-2.99072266,-36.98730469,-8.42285156
-0.94384766,0.13916016,0.34179688,-2.99072266,-36.98730469,-8.42285156
-0.94091797,0.11621094,0.33544922,0.30517578,-42.84667969,-8.11767578
-0.94091797,0.11621094,0.33544922,0.30517578,-42.84667969,-8.11767578
-0.91503906,0.13964844,0.27929688,3.11279297,-53.34472656,-9.27734375
-0.91503906,0.13964844,0.27929688,3.11279297,-53.34472656,-9.27734375
-0.92626953,0.12207031,0.32275391,1.58691406,-61.03515625,-11.10839844
-0.92626953,0.12207031,0.32275391,1.58691406,-61.03515625,-11.10839844
-0.94580078,0.10693359,0.27734375,-9.52148438,-56.57958984,-8.91113281
-0.94580078,0.10693359,0.27734375,-9.52148438,-56.57958984,-8.91113281
-0.92041016,0.09667969,0.21679688,-24.10888672,-56.82373047,-6.71386719
-0.92041016,0.09667969,0.21679688,-24.10888672,-56.82373047,-6.71386719
-0.90966797,0.09375,0.28369141,-31.67724609,-66.40625,-5.79833984
-0.90966797,0.09375,0.28369141,-31.67724609,-66.40625,-5.79833984
-0.90625,0.09570312,0.43554688,-28.68652344,-71.35009766,-4.94384766
-0.90625,0.09570312,0.43554688,-28.68652344,-71.35009766,-4.94384766
-0.91699219,0.10009766,0.54052734,-17.88330078,-66.34521484,-3.47900391
-0.91699219,0.10009766,0.54052734,-17.88330078,-66.34521484,-3.47900391
-0.92285156,0.10839844,0.49121094,-5.00488281,-62.13378906,-2.25830078
-0.92285156,0.10839844,0.49121094,-5.00488281,-62.13378906,-2.25830078
-0.91552734,0.10791016,0.43310547,6.77490234,-66.58935547,-2.01416016
-0.91552734,0.10791016,0.43310547,6.77490234,-66.58935547,-2.01416016
-0.88574219,0.10888672,0.4296875,15.19775391,-78.79638672,-2.25830078
-0.88574219,0.10888672,0.4296875,15.19775391,-78.79638672,-2.25830078
-0.86523438,0.11425781,0.47265625,25.32958984,-91.00341797,-4.27246094
-0.86523438,0.11425781,0.47265625,25.32958984,-91.00341797,-4.27246094
-0.87158203,0.11181641,0.45507812,34.30175781,-97.96142578,-5.61523438
-0.87158203,0.11181641,0.45507812,34.30175781,-97.96142578,-5.61523438
-0.89404297,0.09667969,0.47119141,28.99169922,-88.25683594,-5.00488281
-0.89404297,0.09667969,0.47119141,28.99169922,-88.25683594,-5.00488281
-0.91015625,0.08984375,0.43164062,13.61083984,-71.65527344,-0.67138672
-0.91015625,0.08984375,0.43164062,13.61083984,-71.65527344,-0.67138672
-0.86816406,0.11962891,0.46826172,2.38037109,-64.33105469,1.64794922
-0.86816406,0.11962891,0.46826172,2.38037109,-64.33105469,1.64794922
-0.85058594,0.10986328,0.52148438,0.61035156,-61.82861328,2.07519531
-0.85058594,0.10986328,0.52148438,0.61035156,-61.82861328,2.07519531
-0.83789062,0.11523438,0.53808594,5.37109375,-61.40136719,2.38037109
-0.83789062,0.11523438,0.53808594,5.37109375,-61.40136719,2.38037109
-0.84228516,0.12597656,0.578125,8.48388672,-58.71582031,2.86865234
-0.84228516,0.12597656,0.578125,8.48388672,-58.71582031,2.86865234
-0.84082031,0.13085938,0.58935547,9.03320312,-53.52783203,4.08935547
-0.84082031,0.13085938,0.58935547,9.03320312,-53.52783203,4.08935547
-0.83496094,0.14355469,0.62060547,12.39013672,-49.43847656,4.82177734
-0.83496094,0.14355469,0.62060547,12.39013672,-49.43847656,4.82177734
-0.82666016,0.13427734,0.59619141,18.49365234,-48.76708984,4.27246094
-0.82666016,0.13427734,0.59619141,18.49365234,-48.76708984,4.27246094
-0.84326172,0.12792969,0.53759766,22.88818359,-54.50439453,2.50244141
-0.84326172,0.12792969,0.53759766,22.88818359,-54.50439453,2.50244141
-0.84033203,0.13574219,0.53662109,26.12304688,-62.31689453,0.42724609
-0.84033203,0.13574219,0.53662109,26.12304688,-62.31689453,0.42724609
-0.83691406,0.12646484,0.54833984,25.51269531,-66.83349609,0.24414062
-0.83691406,0.12646484,0.54833984,25.51269531,-66.83349609,0.24414062
-0.81054688,0.12402344,0.55175781,23.07128906,-68.84765625,-0.18310547
-0.81054688,0.12402344,0.55175781,23.07128906,-68.84765625,-0.18310547
-0.78808594,0.13232422,0.56640625,19.83642578,-71.47216797,0.79345703
-0.78808594,0.13232422,0.56640625,19.83642578,-71.47216797,0.79345703
-0.77392578,0.13476562,0.62695312,18.92089844,-71.65527344,1.77001953
-0.77392578,0.13476562,0.62695312,18.92089844,-71.65527344,1.77001953
-0.76904297,0.15136719,0.65087891,21.66748047,-69.64111328,3.17382812
-0.76904297,0.15136719,0.65087891,21.66748047,-69.64111328,3.17382812
-0.78173828,0.15722656,0.64550781,24.16992188,-71.16699219,3.17382812
-0.78173828,0.15722656,0.64550781,24.16992188,-71.16699219,3.17382812
-0.77148438,0.15722656,0.64599609,26.48925781,-74.76806641,2.74658203
-0.77148438,0.15722656,0.64599609,26.48925781,-74.76806641,2.74658203
-0.77050781,0.14208984,0.61914062,26.12304688,-80.13916016,2.25830078
-0.77050781,0.14208984,0.61914062,26.12304688,-80.13916016,2.38037109
-0.74951172,0.17382812,0.59912109,25.51269531,-90.39306641,1.52587891
-0.74951172,0.17382812,0.59912109,25.51269531,-95.94726562,-0.06103516
-0.71777344,0.17773438,0.64599609,25.26855469,-99.42626953,-1.953125
-0.71777344,0.17773438,0.64599609,25.26855469,-100.769043,-2.50244141
-0.73242188,0.15966797,0.66650391,22.09472656,-99.97558594,-2.13623047
-0.73242188,0.15966797,0.66650391,20.26367188,-98.81591797,-1.46484375
-0.72509766,0.16796875,0.68701172,18.37158203,-97.10693359,-0.79345703
-0.72509766,0.16796875,0.68701172,16.72363281,-94.90966797,-0.30517578
-0.69824219,0.17333984,0.71972656,15.25878906,-92.59033203,0
-0.69824219,0.17333984,0.71972656,14.09912109,-90.27099609,0.30517578
-0.68115234,0.16210938,0.69824219,13.36669922,-89.35546875,0.91552734
-0.68115234,0.16210938,0.69824219,12.93945312,-89.84375,1.70898438
-0.66064453,0.17431641,0.71972656,13.54980469,-90.75927734,2.25830078
-0.66064453,0.17431641,0.71972656,14.70947266,-91.796875,2.25830078
-0.65185547,0.17089844,0.734375,15.99121094,-92.16308594,2.56347656
-0.65185547,0.17089844,0.734375,16.66259766,-91.91894531,2.74658203
-0.64160156,0.19091797,0.74316406,15.93017578,-90.02685547,2.74658203
-0.64160156,0.19091797,0.74316406,13.85498047,-86.36474609,2.9296875
-0.63916016,0.16894531,0.75390625,10.62011719,-81.17675781,3.96728516
-0.63916016,0.16894531,0.75390625,6.8359375,-76.11083984,5.73730469
-0.60644531,0.16650391,0.71728516,3.54003906,-72.63183594,6.65283203
-0.60644531,0.16650391,0.71728516,0.36621094,-70.73974609,6.8359375
-0.56152344,0.17871094,0.71484375,-1.46484375,-70.19042969,6.10351562
-0.56152344,0.17871094,0.71484375,-2.50244141,-70.49560547,5.98144531
-0.546875,0.16113281,0.71826172,-2.38037109,-71.71630859,6.77490234
-0.546875,0.16113281,0.71826172,-1.58691406,-74.76806641,7.62939453
-0.55859375,0.13916016,0.71630859,-0.61035156,-78.79638672,9.15527344
-0.55859375,0.13916016,0.71630859,0.79345703,-82.33642578,10.7421875
-0.56884766,0.140625,0.74609375,0.79345703,-82.33642578,10.7421875
-0.57519531,0.1484375,0.76904297,1.83105469,-84.77783203,12.08496094
-0.59570312,0.17382812,0.78808594,3.60107422,-86.79199219,13.61083984
-0.59570312,0.17382812,0.81298828,4.76074219,-87.15820312,13.54980469
-0.578125,0.19921875,0.84570312,6.59179688,-86.24267578,13.18359375
-0.578125,0.20214844,0.85351562,7.50732422,-83.61816406,12.6953125
-0.54394531,0.20947266,0.85205078,6.89697266,-79.28466797,12.14599609
-0.53466797,0.21826172,0.82470703,4.51660156,-75.01220703,11.53564453
-0.52734375,0.22900391,0.80371094,1.28173828,-71.41113281,10.49804688
-0.52734375,0.22753906,0.80029297,-1.83105469,-68.66455078,9.27734375
-0.50097656,0.2109375,0.80664062,-4.63867188,-65.97900391,8.48388672
-0.49609375,0.19384766,0.80664062,-6.89697266,-63.59863281,8.17871094
-0.4921875,0.18017578,0.80078125,-9.15527344,-61.76757812,8.11767578
-0.49658203,0.16308594,0.78808594,-12.02392578,-60.91308594,8.48388672
-0.50439453,0.14648438,0.78369141,-14.28222656,-61.64550781,9.52148438
-0.4921875,0.14501953,0.81640625,-15.01464844,-62.92724609,10.7421875
-0.46044922,0.1484375,0.84423828,-14.34326172,-63.4765625,11.65771484
-0.45068359,0.15576172,0.84375,-12.45117188,-64.453125,11.71875
-0.46240234,0.15966797,0.82568359,-10.7421875,-66.83349609,11.47460938
-0.484375,0.17041016,0.80664062,-9.46044922,-70.55664062,11.29150391
-0.49462891,0.18798828,0.80859375,-8.7890625,-75.07324219,10.80322266
-0.48876953,0.20117188,0.83349609,-8.11767578,-78.61328125,9.39941406
-0.47900391,0.21142578,0.8671875,-7.14111328,-80.62744141,7.08007812
-0.47412109,0.20507812,0.89794922,-5.73730469,-80.99365234,4.82177734
-0.47265625,0.19580078,0.91699219,-3.78417969,-79.95605469,3.96728516
-0.46386719,0.20361328,0.92626953,-2.13623047,-78.24707031,3.90625
-0.46386719,0.20361328,0.92626953,-2.13623047,-78.24707031,3.90625
-0.453125,0.19775391,0.93603516,-0.85449219,-75.92773438,3.78417969
-0.4140625,0.17382812,0.95751953,1.77001953,-68.48144531,3.17382812
-0.40136719,0.16308594,0.94775391,2.38037109,-62.92724609,3.23486328
-0.40136719,0.16308594,0.94775391,2.38037109,-62.92724609,3.23486328
-0.39501953,0.16601562,0.91699219,2.07519531,-58.34960938,3.72314453
-0.38085938,0.17724609,0.86523438,1.34277344,-55.35888672,4.82177734
-0.37158203,0.17382812,0.86132812,1.28173828,-56.21337891,5.06591797
-0.37158203,0.17382812,0.86132812,1.28173828,-56.21337891,5.06591797
-0.35595703,0.17529297,0.87060547,1.22070312,-56.88476562,4.82177734
-0.35400391,0.18164062,0.89453125,1.09863281,-55.90820312,4.63867188
-0.37695312,0.18310547,0.90869141,1.64794922,-55.29785156,5.18798828
-0.37695312,0.18310547,0.90869141,1.64794922,-55.29785156,5.18798828
-0.38964844,0.19042969,0.92138672,2.01416016,-54.56542969,5.92041016
-0.41113281,0.18359375,0.92626953,2.9296875,-53.77197266,6.40869141
-0.40478516,0.19140625,0.94384766,3.60107422,-53.22265625,6.22558594
-0.40478516,0.19140625,0.94384766,3.60107422,-53.22265625,6.22558594
-0.39550781,0.19580078,0.96142578,4.69970703,-51.81884766,5.31005859
-0.39208984,0.20458984,0.95019531,5.06591797,-46.93603516,4.27246094
-0.45996094,0.34667969,0.93603516,-0.12207031,-45.65429688,0.79345703
-0.45996094,0.34667969,0.93603516,-0.12207031,-45.65429688,0.79345703
-0.42382812,0.15478516,0.90283203,-9.15527344,-48.76708984,-7.50732422
-0.34277344,0.18994141,0.91503906,2.38037109,-49.74365234,-0.91552734
-0.32568359,0.18359375,0.85986328,5.18798828,-51.51367188,-0.54931641
-0.32568359,0.18359375,0.85986328,5.18798828,-51.51367188,-0.54931641
-0.30957031,0.19335938,0.87792969,5.00488281,-55.17578125,0.30517578
-0.30517578,0.17773438,0.90478516,2.9296875,-63.53759766,2.44140625
-0.31201172,0.18457031,0.91259766,2.44140625,-67.81005859,3.66210938
-0.31201172,0.18457031,0.91259766,2.44140625,-67.81005859,3.66210938
-0.31933594,0.19628906,0.91308594,3.05175781,-71.83837891,4.27246094
-0.32177734,0.19970703,0.95068359,5.00488281,-79.71191406,4.08935547
-0.32080078,0.19482422,1.00048828,6.59179688,-82.15332031,3.78417969
-0.32080078,0.19482422,1.00048828,6.59179688,-82.15332031,3.78417969
-0.31689453,0.19433594,1.03320312,9.21630859,-83.49609375,3.78417969
-0.30029297,0.21386719,1.00878906,14.09912109,-84.22851562,3.72314453
-0.29589844,0.20410156,0.97607422,15.44189453,-84.65576172,3.29589844
-0.29589844,0.20410156,0.97607422,15.44189453,-84.65576172,3.29589844
-0.29345703,0.21679688,0.96289062,15.625,-84.16748047,2.80761719
-0.27099609,0.20751953,0.95898438,10.55908203,-80.99365234,0.36621094
-0.26660156,0.18701172,0.95654297,7.01904297,-78.18603516,0.06103516
-0.26660156,0.18701172,0.95654297,7.01904297,-78.18603516,0.06103516
-0.26416016,0.19384766,0.94873047,2.50244141,-75.13427734,0.54931641
-0.21044922,0.22314453,0.94824219,-6.40869141,-68.48144531,-0.36621094
-0.20214844,0.22119141,0.94482422,-10.07080078,-65.00244141,-1.58691406
-0.20214844,0.22119141,0.94482422,-10.07080078,-65.00244141,-1.58691406
-0.19775391,0.20898438,0.93554688,-13.18359375,-62.07275391,-2.56347656
-0.18457031,0.1875,0.95117188,-17.21191406,-57.00683594,-1.953125
-0.18164062,0.17822266,0.98193359,-18.92089844,-53.89404297,-1.03759766
-0.18164062,0.17822266,0.98193359,-18.92089844,-53.89404297,-1.03759766
-0.18164062,0.15917969,1.01806641,-19.47021484,-49.98779297,0.06103516
-0.18017578,0.15917969,1.06542969,-16.41845703,-42.29736328,1.70898438
-0.16992188,0.16943359,1.05371094,-14.52636719,-39.0625,1.64794922
-0.16992188,0.16943359,1.05371094,-14.52636719,-39.0625,1.64794922
-0.16162109,0.17773438,1.03027344,-13.54980469,-36.98730469,1.22070312
-0.13720703,0.171875,1.01513672,-14.34326172,-34.72900391,1.15966797
-0.12451172,0.16357422,1.04248047,-14.16015625,-33.203125,1.70898438
-0.12451172,0.16357422,1.04248047,-14.16015625,-33.203125,1.70898438
-0.11474609,0.15478516,1.05957031,-14.03808594,-29.17480469,1.83105469
-0.15185547,0.17626953,1.03369141,-19.59228516,-14.70947266,1.77001953
-0.15429688,0.18212891,1.01953125,-22.03369141,-7.99560547,0.85449219
-0.15429688,0.18212891,1.01953125,-22.03369141,-7.99560547,0.85449219
-0.14648438,0.17822266,1.00732422,-23.68164062,-2.99072266,0.06103516
-0.13720703,0.16845703,0.99462891,-24.35302734,-0.67138672,-0.61035156
-0.13623047,0.15966797,0.99169922,-24.78027344,-0.91552734,-1.03759766
-0.14013672,0.16943359,0.99316406,-24.90234375,-2.07519531,-0.9765625
-0.13916016,0.17138672,0.99169922,-24.35302734,-3.72314453,-1.15966797
-0.13818359,0.16357422,0.98193359,-23.62060547,-5.37109375,-1.46484375
-0.14501953,0.16845703,0.953125,-23.25439453,-7.99560547,-2.01416016
-0.14648438,0.15673828,0.94824219,-24.23095703,-11.53564453,-2.38037109
-0.15869141,0.16894531,0.94873047,-24.10888672,-15.25878906,-2.44140625
-0.17431641,0.1796875,0.96386719,-22.82714844,-19.28710938,-3.23486328
-0.19287109,0.17138672,0.97949219,-21.72851562,-23.37646484,-4.63867188
-0.1953125,0.17138672,0.99707031,-18.67675781,-26.91650391,-5.24902344
-0.18847656,0.18603516,1.00195312,-15.99121094,-28.80859375,-5.24902344
-0.18896484,0.17773438,0.99951172,-14.22119141,-29.60205078,-5.55419922
-0.18408203,0.15625,1.01220703,-13.42773438,-29.23583984,-5.06591797
-0.1640625,0.15087891,1.01220703,-13.61083984,-28.07617188,-3.60107422
-0.140625,0.15722656,1.00244141,-14.03808594,-26.85546875,-2.44140625
-0.13720703,0.15966797,0.99560547,-15.25878906,-26.12304688,-1.83105469
-0.14355469,0.16357422,1.00390625,-15.93017578,-25.51269531,-1.77001953
-0.14453125,0.15673828,1.01757812,-15.93017578,-24.29199219,-2.19726562
-0.14501953,0.14892578,1.01855469,-16.29638672,-21.72851562,-2.19726562
-0.14599609,0.14208984,1.01416016,-16.72363281,-18.49365234,-1.64794922
-0.13964844,0.13427734,1.01513672,-16.78466797,-15.56396484,-0.9765625
-0.13037109,0.13134766,1.01171875,-15.80810547,-13.00048828,-0.12207031
-0.13037109,0.13232422,0.99365234,-14.40429688,-11.84082031,0.42724609
-0.13623047,0.12939453,0.98339844,-13.06152344,-12.08496094,1.03759766
-0.13574219,0.14013672,0.98535156,-10.98632812,-13.30566406,1.40380859
-0.1328125,0.13525391,0.97314453,-9.33837891,-15.31982422,1.46484375
-0.12939453,0.13134766,0.97363281,-8.48388672,-17.82226562,1.28173828
-0.13183594,0.13183594,0.96777344,-7.69042969,-20.26367188,1.15966797
-0.14013672,0.13818359,0.95458984,-7.26318359,-23.31542969,1.46484375
-0.13818359,0.13720703,0.95117188,-7.62939453,-26.3671875,1.64794922
-0.13378906,0.13867188,0.97167969,-8.30078125,-28.80859375,1.46484375
-0.12841797,0.12451172,0.98632812,-8.54492188,-30.09033203,1.22070312
-0.12207031,0.11962891,0.99755859,-8.30078125,-29.90722656,1.15966797
-0.11816406,0.11523438,1.00146484,-8.11767578,-28.74755859,1.34277344
-0.11230469,0.11767578,0.99609375,-7.93457031,-26.97753906,1.70898438
-0.10888672,0.12207031,0.98876953,-8.30078125,-25.32958984,2.13623047
-0.10449219,0.11767578,0.97705078,-9.03320312,-23.92578125,2.62451172
-0.09375,0.12353516,0.98046875,-9.58251953,-23.13232422,2.80761719
-0.09960938,0.10791016,0.98681641,-9.82666016,-21.91162109,3.41796875
-0.10888672,0.10302734,0.98681641,-9.58251953,-20.62988281,4.57763672
-0.11621094,0.11865234,0.90820312,-9.70458984,-19.22607422,5.31005859
-0.10888672,0.11816406,0.89453125,-10.49804688,-15.93017578,5.79833984
-0.09716797,0.11572266,0.89599609,-10.86425781,-11.90185547,6.10351562
-0.08105469,0.11425781,0.8984375,-11.16943359,-7.38525391,6.04248047
-0.07470703,0.11523438,0.92382812,-11.29150391,-3.23486328,5.73730469
-0.08447266,0.11572266,0.95654297,-10.7421875,-0.30517578,5.37109375
-0.09033203,0.11523438,0.98291016,-10.07080078,0.79345703,5.12695312
-0.08398438,0.11132812,1.00048828,-9.15527344,0.30517578,4.76074219
-0.07421875,0.10058594,1.02099609,-8.17871094,-1.15966797,2.80761719
-0.08251953,0.09033203,1.03466797,-7.38525391,-3.35693359,2.80761719
-0.10253906,0.09375,1.03222656,-6.40869141,-7.69042969,1.22070312
-0.11376953,0.10986328,1.01123047,-6.40869141,-7.69042969,1.22070312
-0.11669922,0.11669922,0.99365234,-7.08007812,-8.91113281,1.46484375
-0.11425781,0.11572266,0.99707031,-7.08007812,-8.91113281,1.46484375
-0.11669922,0.11572266,0.99853516,-6.46972656,-9.09423828,1.52587891
-0.11425781,0.10693359,0.99609375,-6.46972656,-9.09423828,1.52587891
-0.11914062,0.10498047,0.99267578,-6.77490234,-9.39941406,0.85449219
-0.12548828,0.10791016,0.98730469,-6.77490234,-9.39941406,0.85449219
-0.12597656,0.1015625,0.984375,-8.72802734,-9.58251953,0
-0.12597656,0.09423828,0.98632812,-8.72802734,-9.58251953,0
-0.12841797,0.11181641,0.96435547,-10.55908203,-9.21630859,-0.79345703
-0.11279297,0.11181641,0.96435547,-10.55908203,-9.21630859,-0.79345703
-0.08496094,0.13476562,0.98681641,-10.07080078,-5.98144531,0.9765625
-0.08496094,0.13476562,0.98681641,-10.07080078,-5.98144531,0.9765625
-0.09863281,0.09521484,0.97753906,-7.69042969,-4.51660156,1.83105469
-0.09863281,0.09521484,0.97753906,-7.69042969,-4.51660156,1.83105469
-0.10839844,0.10400391,0.97363281,-5.79833984,-2.74658203,2.07519531
-0.10839844,0.10400391,0.97363281,-5.79833984,-2.74658203,2.07519531
-0.10400391,0.09960938,0.98925781,-4.39453125,-1.89208984,2.44140625
-0.10400391,0.09960938,0.98925781,-4.39453125,-1.89208984,2.44140625
-0.10253906,0.09326172,0.97998047,-3.96728516,-2.44140625,2.13623047
-0.10253906,0.09326172,0.97998047,-3.96728516,-2.44140625,2.13623047
-0.11035156,0.10839844,0.94287109,-6.28662109,-1.58691406,1.953125
-0.11035156,0.10839844,0.94287109,-6.28662109,-1.58691406,1.953125
-0.08447266,0.10595703,0.91552734,-11.65771484,3.90625,2.25830078
-0.08447266,0.10595703,0.91552734,-11.65771484,3.90625,2.25830078
-0.07373047,0.10058594,0.97021484,-15.50292969,7.14111328,1.09863281
-0.07373047,0.10058594,0.97021484,-15.50292969,7.14111328,1.09863281
-0.10205078,0.09570312,1.01171875,-15.86914062,4.39453125,0.67138672
-0.10205078,0.09570312,1.01171875,-15.86914062,4.39453125,0.67138672
-0.11865234,0.11328125,0.98291016,-13.671875,1.58691406,1.953125
-0.11865234,0.11328125,0.98291016,-13.671875,1.58691406,1.953125
-0.10839844,0.06689453,0.95214844,-12.26806641,3.90625,3.84521484
-0.10839844,0.06689453,0.95214844,-12.26806641,3.90625,3.84521484
-0.10595703,0.07763672,0.97802734,-11.29150391,6.40869141,3.66210938
-0.10595703,0.07763672,0.97802734,-11.29150391,6.40869141,3.66210938
-0.10644531,0.08789062,1.01611328,-9.27734375,6.04248047,2.9296875
-0.10644531,0.08789062,1.01611328,-9.27734375,6.04248047,2.9296875
-0.10205078,0.08789062,1.02587891,-6.04248047,3.47900391,3.23486328
-0.10205078,0.08789062,1.02587891,-6.04248047,3.47900391,3.23486328
-0.09814453,0.08056641,1.01855469,-3.41796875,0.12207031,3.23486328
-0.09814453,0.08056641,1.01855469,-3.41796875,0.12207031,3.23486328
-0.10986328,0.08349609,1.00390625,-2.38037109,-2.07519531,2.68554688
-0.10986328,0.08349609,1.00390625,-2.38037109,-2.07519531,2.68554688
-0.11572266,0.08496094,1.00048828,-2.56347656,-2.68554688,2.68554688
-0.11572266,0.08496094,1.00048828,-2.56347656,-2.68554688,2.68554688
-0.10400391,0.08007812,0.99462891,-2.19726562,-2.44140625,2.86865234
-0.10400391,0.08007812,0.99462891,-2.19726562,-2.44140625,2.86865234
-0.11181641,0.06298828,1.01074219,-2.13623047,-2.19726562,1.953125
-0.11181641,0.06298828,1.01074219,-2.13623047,-2.19726562,1.953125
-0.11865234,0.07421875,1.01806641,0.36621094,-2.9296875,1.77001953
-0.11865234,0.07421875,1.01806641,0.36621094,-2.9296875,1.77001953
-0.10888672,0.078125,1.00683594,1.40380859,-3.41796875,1.46484375
-0.10888672,0.078125,1.00683594,1.40380859,-3.41796875,1.46484375
-0.11816406,0.08691406,0.99853516,1.46484375,-3.05175781,1.89208984
-0.11816406,0.08691406,0.99853516,1.46484375,-3.05175781,1.89208984
-0.11767578,0.08642578,0.97607422,0.36621094,-2.86865234,2.56347656
-0.11767578,0.08642578,0.97607422,0.36621094,-2.86865234,2.56347656
-0.10644531,0.08642578,0.97119141,-1.89208984,-2.86865234,2.9296875
-0.10644531,0.08642578,0.97119141,-1.89208984,-2.86865234,2.9296875
-0.10839844,0.08398438,0.98242188,-6.40869141,-2.74658203,2.50244141
-0.10839844,0.08398438,0.98242188,-6.40869141,-2.74658203,2.50244141
-0.11083984,0.08300781,0.99023438,-8.60595703,-3.29589844,2.07519531
-0.10888672,0.08251953,0.98486328,-10.37597656,-3.90625,1.70898438
-0.11865234,0.08837891,0.97607422,-12.81738281,-2.9296875,2.01416016
-0.11865234,0.08837891,0.97607422,-12.81738281,-2.9296875,2.01416016
-0.11328125,0.08251953,0.99023438,-13.24462891,-0.79345703,2.9296875
-0.11328125,0.08251953,0.99023438,-13.24462891,-0.79345703,2.9296875
-0.10644531,0.07617188,0.99658203,-13.671875,-0.18310547,2.13623047
-0.10644531,0.07617188,0.99658203,-13.671875,-0.18310547,2.13623047
-0.12890625,0.08837891,0.98339844,-16.90673828,0.9765625,2.74658203
-0.12890625,0.08837891,0.98339844,-16.90673828,0.9765625,2.74658203
-0.12939453,0.07763672,0.99658203,-21.97265625,0.36621094,4.33349609
-0.12939453,0.07763672,0.99658203,-21.97265625,0.36621094,4.33349609
-0.11474609,0.05371094,1.02783203,-25.08544922,-3.05175781,4.08935547
-0.11474609,0.05371094,1.02783203,-25.08544922,-3.05175781,4.08935547
-0.09814453,0.06152344,0.99511719,-26.61132812,-5.859375,3.17382812
-0.09814453,0.06152344,0.99511719,-26.61132812,-5.859375,3.17382812
-0.08789062,0.06152344,0.98144531,-28.62548828,-4.8828125,1.22070312
-0.08789062,0.06152344,0.98144531,-28.62548828,-4.8828125,1.22070312
-0.1015625,0.09619141,0.99316406,-31.49414062,-3.05175781,-0.12207031
-0.1015625,0.09619141,0.99316406,-31.49414062,-3.05175781,-0.12207031
-0.12744141,0.04882812,1.00439453,-34.85107422,-1.22070312,-0.85449219
-0.12744141,0.04882812,1.00439453,-34.85107422,-1.22070312,-0.85449219
-0.10498047,0.07177734,1.00537109,-34.42382812,-0.91552734,2.25830078
-0.10498047,0.07177734,1.00537109,-34.42382812,-0.91552734,2.25830078
-0.09179688,0.04394531,1.02001953,-33.50830078,-1.89208984,3.84521484
-0.09179688,0.04394531,1.02001953,-33.50830078,-1.89208984,3.84521484
-0.11132812,0.0625,1.00927734,-36.25488281,-1.40380859,1.953125
-0.11132812,0.0625,1.00927734,-36.25488281,-1.40380859,1.953125
-0.11279297,0.05322266,0.99365234,-36.01074219,-2.25830078,3.96728516
-0.11279297,0.05322266,0.99365234,-36.01074219,-2.25830078,3.96728516
-0.10791016,0.01708984,1.01123047,-42.60253906,-2.01416016,3.78417969
-0.10791016,0.01708984,1.01123047,-42.60253906,-2.01416016,3.78417969
-0.09667969,0.02539062,1.02685547,-44.18945312,-3.05175781,2.01416016
-0.09667969,0.02539062,1.02685547,-44.18945312,-3.05175781,2.01416016
-0.10449219,0.00097656,0.99560547,-35.94970703,-4.51660156,2.01416016
-0.10449219,0.00097656,0.99560547,-35.94970703,-4.51660156,2.01416016
-0.11035156,0.02636719,0.94335938,-39.67285156,-3.35693359,3.47900391
-0.11035156,0.02636719,0.94335938,-39.67285156,-3.35693359,3.47900391
-0.05957031,0.00195312,0.94775391,-40.16113281,1.03759766,1.83105469
-0.05957031,0.00195312,0.94775391,-40.16113281,1.03759766,1.83105469
-0.06835938,-0.01611328,0.93359375,-44.06738281,3.78417969,-1.77001953
-0.06835938,-0.01611328,0.93359375,-44.06738281,3.78417969,-1.77001953
-0.09765625,-0.0078125,0.88427734,-51.20849609,6.53076172,-2.9296875
-0.09765625,-0.0078125,0.88427734,-51.20849609,6.53076172,-2.9296875
-0.06591797,-0.02392578,0.92041016,-61.70654297,9.94873047,-3.78417969
-0.06591797,-0.02392578,0.92041016,-61.70654297,9.94873047,-3.78417969
-0.1015625,-0.02148438,0.96826172,-67.50488281,10.31494141,-5.43212891
-0.1015625,-0.02148438,0.96826172,-67.50488281,10.31494141,-5.43212891
-0.11523438,-0.03271484,0.98242188,-69.82421875,8.97216797,-4.63867188
-0.11523438,-0.03271484,0.98242188,-69.82421875,8.97216797,-4.63867188
-0.12695312,-0.05908203,0.98876953,-66.58935547,9.94873047,-5.43212891
-0.12695312,-0.05908203,0.98876953,-66.58935547,9.94873047,-5.43212891
-0.13916016,-0.08105469,0.97802734,-59.44824219,16.11328125,-5.12695312
-0.13916016,-0.08105469,0.97802734,-59.44824219,16.11328125,-5.12695312
-0.10839844,-0.07617188,0.98486328,-54.07714844,18.06640625,-3.35693359
-0.10839844,-0.07617188,0.98486328,-54.07714844,18.06640625,-3.35693359
-0.08544922,-0.09814453,1.0078125,-49.13330078,17.27294922,-4.27246094
-0.08544922,-0.09814453,1.0078125,-49.13330078,17.27294922,-4.27246094
-0.10449219,-0.10351562,1.00097656,-43.82324219,13.91601562,-5.61523438
-0.10449219,-0.10351562,1.00097656,-43.82324219,13.91601562,-5.61523438
-0.1171875,-0.12255859,0.99072266,-44.67773438,11.47460938,-5.92041016
-0.1171875,-0.12255859,0.99072266,-44.67773438,11.47460938,-5.92041016
-0.10986328,-0.12207031,0.94433594,-48.27880859,9.33837891,-6.89697266
-0.10986328,-0.12207031,0.94433594,-48.27880859,9.33837891,-6.89697266
-0.1171875,-0.11474609,0.97119141,-54.50439453,5.61523438,-7.44628906
-0.1171875,-0.11474609,0.97119141,-54.50439453,5.61523438,-7.44628906
-0.12451172,-0.11132812,1.015625,-55.78613281,-0.73242188,-7.01904297
-0.12451172,-0.11132812,1.015625,-55.78613281,-0.73242188,-7.01904297
-0.1171875,-0.13427734,0.95800781,-60.24169922,-4.63867188,-7.44628906
-0.1171875,-0.13427734,0.95800781,-60.24169922,-4.63867188,-7.44628906
-0.13085938,-0.15283203,0.94287109,-60.60791016,-1.83105469,-8.05664062
-0.13085938,-0.15283203,0.94287109,-60.60791016,-1.83105469,-8.05664062
-0.11914062,-0.14746094,0.96826172,-63.41552734,1.09863281,-7.99560547
-0.11914062,-0.14746094,0.96826172,-63.41552734,1.09863281,-7.99560547
-0.1015625,-0.18603516,1.00976562,-69.82421875,-1.22070312,-10.37597656
-0.1015625,-0.18603516,1.00976562,-69.82421875,-1.22070312,-10.37597656
-0.11181641,-0.19970703,1.00488281,-66.46728516,-3.54003906,-12.57324219
-0.11181641,-0.19970703,1.00488281,-66.46728516,-3.54003906,-12.57324219
-0.15576172,-0.17480469,0.95703125,-66.71142578,-3.47900391,-12.32910156
-0.15576172,-0.17480469,0.95703125,-66.71142578,-3.47900391,-12.32910156
-0.15478516,-0.19189453,0.94335938,-64.453125,0.61035156,-8.54492188
-0.15478516,-0.19189453,0.94335938,-64.453125,0.61035156,-8.54492188
-0.13427734,-0.22509766,0.92431641,-60.85205078,4.8828125,-6.28662109
-0.13427734,-0.22509766,0.92431641,-60.85205078,4.8828125,-6.28662109
-0.13574219,-0.21240234,0.93798828,-57.86132812,9.70458984,-4.33349609
-0.13574219,-0.21240234,0.93798828,-57.86132812,9.70458984,-4.33349609
-0.11767578,-0.23828125,0.94287109,-60.42480469,10.13183594,-2.44140625
-0.11767578,-0.23828125,0.94287109,-60.42480469,10.13183594,-2.44140625
-0.13085938,-0.26416016,0.96582031,-58.59375,8.48388672,-3.05175781
-0.13085938,-0.26416016,0.96582031,-58.59375,8.48388672,-3.05175781
-0.13867188,-0.28076172,0.93359375,-58.65478516,7.8125,-3.96728516
-0.13867188,-0.28076172,0.93359375,-58.65478516,7.8125,-3.96728516
-0.14550781,-0.28369141,0.92919922,-63.35449219,5.43212891,-4.45556641
-0.14550781,-0.28369141,0.92919922,-63.35449219,5.43212891,-4.45556641
-0.13720703,-0.28857422,0.93896484,-60.546875,5.98144531,-5.18798828
-0.13720703,-0.28857422,0.93896484,-60.546875,5.98144531,-5.18798828
-0.13427734,-0.31591797,0.92431641,-62.37792969,3.72314453,-6.28662109
-0.13427734,-0.31591797,0.92431641,-62.37792969,3.72314453,-6.28662109
-0.12841797,-0.31152344,0.91894531,-58.71582031,4.27246094,-8.36181641
-0.12841797,-0.31152344,0.91894531,-58.71582031,4.27246094,-8.36181641
-0.1328125,-0.3046875,0.91357422,-60.66894531,3.41796875,-6.71386719
-0.1328125,-0.3046875,0.91357422,-60.66894531,3.41796875,-7.14111328
-0.09814453,-0.375,0.92919922,-70.43457031,0.24414062,-8.85009766
-0.09814453,-0.375,0.92919922,-71.59423828,-2.38037109,-11.41357422
-0.11181641,-0.3515625,0.93408203,-73.91357422,-3.66210938,-12.63427734
-0.11181641,-0.3515625,0.93408203,-74.27978516,-5.43212891,-13.24462891
-0.11865234,-0.35888672,0.88085938,-78.55224609,-7.14111328,-13.671875
-0.11865234,-0.35888672,0.88085938,-84.9609375,-9.27734375,-14.34326172
-0.10986328,-0.36328125,0.86669922,-87.64648438,-8.72802734,-14.83154297
-0.10986328,-0.36328125,0.86669922,-90.39306641,-7.75146484,-14.89257812
-0.13769531,-0.35107422,0.85400391,-91.67480469,-7.20214844,-13.00048828
-0.13769531,-0.35107422,0.84863281,-89.53857422,-5.06591797,-10.19287109
-0.14941406,-0.35888672,0.86523438,-85.51025391,-2.56347656,-7.38525391
-0.14501953,-0.37597656,0.86279297,-82.51953125,0.12207031,-5.12695312
-0.12890625,-0.40429688,0.85791016,-83.49609375,2.25830078,-3.78417969
-0.125,-0.41064453,0.875,-85.44921875,3.78417969,-3.05175781
-0.12207031,-0.41601562,0.85742188,-86.12060547,6.10351562,-2.62451172
-0.13378906,-0.43164062,0.89208984,-88.43994141,7.69042969,-2.01416016
-0.14306641,-0.44335938,0.88330078,-87.03613281,8.54492188,-1.46484375
-0.12744141,-0.44189453,0.85791016,-87.21923828,10.07080078,-1.09863281
-0.12890625,-0.47509766,0.85498047,-83.06884766,11.96289062,0.30517578
-0.14794922,-0.49707031,0.88769531,-90.57617188,11.41357422,-1.28173828
-0.14501953,-0.49267578,0.91113281,-89.84375,10.55908203,-1.22070312
-0.13867188,-0.52539062,0.89892578,-87.76855469,9.39941406,-1.64794922
-0.14599609,-0.51269531,0.88818359,-85.81542969,8.7890625,-2.07519531
-0.15722656,-0.48828125,0.86328125,-87.09716797,8.30078125,-1.03759766
-0.14501953,-0.49853516,0.82568359,-90.33203125,9.21630859,0.30517578
-0.14550781,-0.51318359,0.85498047,-92.59033203,9.33837891,0.91552734
-0.13427734,-0.52880859,0.8203125,-87.64648438,9.21630859,1.15966797
-0.15039062,-0.53466797,0.82324219,-81.0546875,11.16943359,1.34277344
-0.16259766,-0.51611328,0.82226562,-88.13476562,11.96289062,1.70898438
-0.16210938,-0.53466797,0.85058594,-88.98925781,10.80322266,3.11279297
-0.15283203,-0.58300781,0.82714844,-87.82958984,9.94873047,2.9296875
-0.15087891,-0.60253906,0.82275391,-85.02197266,9.64355469,1.70898438
-0.13867188,-0.55566406,0.81933594,-80.93261719,8.72802734,1.64794922
-0.13183594,-0.5703125,0.81738281,-80.68847656,8.60595703,2.07519531
-0.12792969,-0.57373047,0.79248047,-87.52441406,8.36181641,1.22070312
-0.13085938,-0.56005859,0.79931641,-91.91894531,7.20214844,0.73242188
-0.12841797,-0.58056641,0.78369141,-92.89550781,6.22558594,1.28173828
-0.12597656,-0.5703125,0.80224609,-87.28027344,6.22558594,1.77001953
-0.10644531,-0.56982422,0.77978516,-88.43994141,6.16455078,1.64794922
-0.1015625,-0.59765625,0.78125,-90.33203125,5.73730469,1.40380859
-0.10058594,-0.609375,0.74707031,-92.34619141,6.16455078,0.18310547
-0.11279297,-0.63085938,0.75244141,-89.53857422,7.26318359,-0.61035156
-0.15527344,-0.59570312,0.77685547,-99.18212891,7.8125,-1.89208984
-0.1875,-0.62402344,0.79589844,-98.14453125,6.8359375,0
-0.16552734,-0.64355469,0.76904297,-99.609375,5.43212891,0.36621094
-0.12890625,-0.69775391,0.74414062,-93.81103516,4.39453125,-0.85449219
-0.09960938,-0.69873047,0.72021484,-91.61376953,4.51660156,-4.39453125
-0.09765625,-0.67333984,0.72363281,-91.06445312,4.33349609,-6.89697266
-0.11914062,-0.68847656,0.75,-91.18652344,2.80761719,-8.97216797
-0.12011719,-0.66259766,0.70556641,-100.5249023,2.86865234,-10.25390625
-0.12792969,-0.65185547,0.71044922,-101.3183594,2.62451172,-10.43701172
-0.11132812,-0.68603516,0.69921875,-100.5859375,2.9296875,-10.62011719
-0.10351562,-0.71630859,0.72070312,-101.9287109,2.68554688,-11.47460938
-0.12695312,-0.69873047,0.7109375,-106.8725586,2.38037109,-12.51220703
-0.13769531,-0.66357422,0.68261719,-108.0932617,2.80761719,-12.51220703
-0.15771484,-0.68261719,0.72558594,-108.0322266,1.28173828,-10.80322266
-0.15185547,-0.71972656,0.68896484,-104.7973633,-0.12207031,-10.80322266
-0.14453125,-0.72314453,0.70849609,-102.7832031,-1.52587891,-11.65771484
-0.14257812,-0.7578125,0.72314453,-98.87695312,-3.29589844,-13.06152344
-0.15087891,-0.74853516,0.69677734,-99.48730469,-4.82177734,-14.34326172
-0.14599609,-0.75195312,0.66748047,-97.22900391,-5.79833984,-15.74707031
-0.14941406,-0.7890625,0.67333984,-97.29003906,-7.38525391,-15.74707031
-0.15234375,-0.75878906,0.68115234,-101.7456055,-9.70458984,-15.74707031
-0.14160156,-0.74316406,0.65527344,-101.1352539,-9.70458984,-15.74707031
-0.13867188,-0.75048828,0.64697266,-103.7597656,-9.46044922,-14.58740234
-0.140625,-0.77050781,0.66308594,-103.7597656,-9.46044922,-14.58740234
-0.14746094,-0.75976562,0.67333984,-106.0791016,-10.31494141,-13.18359375
-0.13330078,-0.73583984,0.58642578,-106.0791016,-10.31494141,-13.18359375
-0.13427734,-0.74023438,0.54345703,-105.9570313,-4.76074219,-7.93457031
-0.14941406,-0.71679688,0.59228516,-105.9570313,-4.76074219,-7.93457031
-0.1640625,-0.73535156,0.63232422,-100.769043,-3.41796875,-1.953125
-0.14941406,-0.77148438,0.61132812,-100.769043,-3.41796875,-1.953125
-0.12011719,-0.80175781,0.56347656,-102.2338867,-1.28173828,-1.70898438
-0.09423828,-0.86132812,0.56347656,-102.2338867,-1.28173828,-1.70898438
-0.11523438,-0.80419922,0.6171875,-97.35107422,-5.31005859,-2.44140625
-0.11523438,-0.80419922,0.6171875,-97.35107422,-5.31005859,-2.44140625
-0.11425781,-0.83447266,0.53759766,-93.62792969,-8.05664062,-2.9296875
-0.11425781,-0.83447266,0.53759766,-93.62792969,-8.05664062,-2.9296875
-0.11083984,-0.84863281,0.53076172,-95.33691406,-9.03320312,-4.82177734
-0.11083984,-0.84863281,0.53076172,-95.33691406,-9.03320312,-4.82177734
-0.10986328,-0.84277344,0.5546875,-97.35107422,-10.62011719,-5.61523438
-0.10986328,-0.84277344,0.5546875,-97.35107422,-10.62011719,-5.61523438
-0.10888672,-0.87011719,0.55126953,-92.7734375,-9.70458984,-4.08935547
-0.10888672,-0.87011719,0.55126953,-92.7734375,-9.70458984,-4.08935547
-0.11621094,-0.90673828,0.53173828,-89.41650391,-10.31494141,-5.18798828
-0.11621094,-0.90673828,0.53173828,-89.41650391,-10.31494141,-5.18798828
-0.12207031,-0.92529297,0.49609375,-83.80126953,-7.62939453,-7.87353516
-0.12207031,-0.92529297,0.49609375,-83.80126953,-7.62939453,-7.87353516
-0.13037109,-0.91113281,0.52294922,-75.31738281,-6.71386719,-9.46044922
-0.13037109,-0.91113281,0.52294922,-75.31738281,-6.71386719,-9.46044922
-0.13378906,-0.8828125,0.52587891,-68.48144531,-8.23974609,-8.97216797
-0.13378906,-0.8828125,0.52587891,-68.48144531,-8.23974609,-8.97216797
-0.11474609,-0.89990234,0.46484375,-61.70654297,-9.64355469,-8.17871094
-0.11474609,-0.89990234,0.46484375,-61.70654297,-9.64355469,-8.17871094
-0.10693359,-0.87646484,0.48730469,-58.95996094,-11.77978516,-7.38525391
-0.10693359,-0.87646484,0.48730469,-58.95996094,-11.77978516,-7.38525391
-0.10498047,-0.86181641,0.42041016,-53.7109375,-12.81738281,-6.65283203
-0.10498047,-0.86181641,0.42041016,-53.7109375,-12.81738281,-6.65283203
-0.10498047,-0.86181641,0.42041016,-53.7109375,-12.81738281,-6.65283203
-0.09277344,-0.83691406,0.41796875,-47.18017578,-11.84082031,-5.79833984
-0.09326172,-0.82617188,0.4296875,-43.64013672,-10.37597656,-1.34277344
-0.09326172,-0.82617188,0.4296875,-43.64013672,-10.37597656,-1.34277344
-0.08886719,-0.88623047,0.41259766,-43.57910156,-9.46044922,2.9296875
-0.08886719,-0.88623047,0.41259766,-43.57910156,-9.46044922,2.9296875
-0.10693359,-0.90478516,0.421875,-42.17529297,-9.33837891,3.96728516
-0.10693359,-0.90478516,0.421875,-42.17529297,-9.33837891,3.96728516
-0.10693359,-0.88867188,0.35839844,-42.23632812,-11.59667969,4.15039062
-0.10693359,-0.88867188,0.35839844,-42.23632812,-11.59667969,4.15039062
-0.10595703,-0.90966797,0.35546875,-44.86083984,-10.00976562,7.26318359
-0.10595703,-0.90966797,0.35546875,-44.86083984,-10.00976562,7.26318359
-0.07617188,-0.95703125,0.38818359,-43.88427734,-9.03320312,5.24902344
-0.07617188,-0.95703125,0.38818359,-43.88427734,-9.03320312,5.24902344
-0.09130859,-0.93505859,0.34667969,-43.82324219,-7.69042969,2.19726562
-0.09130859,-0.93505859,0.34667969,-43.82324219,-7.69042969,2.19726562
-0.06396484,-0.98339844,0.37695312,-43.45703125,-9.88769531,-3.35693359
-0.06396484,-0.98339844,0.37695312,-43.45703125,-9.88769531,-3.35693359
-0.1015625,-0.86328125,0.28662109,-43.51806641,-7.38525391,-6.04248047
-0.1015625,-0.86328125,0.28662109,-43.51806641,-7.38525391,-6.04248047
-0.04931641,-0.99658203,0.38818359,-42.84667969,-7.93457031,-6.34765625
-0.04931641,-0.99658203,0.38818359,-42.84667969,-7.93457031,-6.34765625
-0.08789062,-0.84960938,0.35644531,-44.06738281,-6.8359375,-5.00488281
-0.08789062,-0.84960938,0.35644531,-44.06738281,-6.8359375,-5.00488281
-0.07373047,-0.95849609,0.34472656,-42.11425781,-6.65283203,-0.9765625
-0.07373047,-0.95849609,0.34472656,-42.11425781,-6.65283203,-0.9765625
-0.06298828,-0.97949219,0.33447266,-39.91699219,-5.98144531,-3.96728516
-0.06298828,-0.97949219,0.33447266,-39.91699219,-5.98144531,-3.96728516
-0.04492188,-1.13769531,0.38378906,-40.46630859,-6.77490234,-10.7421875
-0.04492188,-1.13769531,0.38378906,-40.46630859,-6.77490234,-10.7421875
-0.06201172,-1.01806641,0.34472656,-37.04833984,-8.97216797,-25.20751953
-0.06201172,-1.01806641,0.34472656,-37.04833984,-8.97216797,-25.20751953
-0.11669922,-0.91992188,0.30957031,-37.47558594,-11.71875,-27.95410156
-0.11669922,-0.91992188,0.30957031,-37.47558594,-11.71875,-27.95410156
-0.10595703,-0.94824219,0.33447266,-37.41455078,-14.70947266,-24.10888672
-0.10595703,-0.94824219,0.33447266,-37.41455078,-14.70947266,-24.10888672
-0.08007812,-0.93164062,0.32275391,-36.74316406,-15.86914062,-19.47021484
-0.08007812,-0.93164062,0.32275391,-36.74316406,-15.86914062,-19.47021484
-0.08935547,-0.93994141,0.30224609,-37.23144531,-12.26806641,-13.30566406
-0.08935547,-0.93994141,0.30224609,-37.23144531,-12.26806641,-13.30566406
-0.09277344,-0.96044922,0.328125,-38.20800781,-11.23046875,-7.01904297
-0.09277344,-0.96044922,0.328125,-38.20800781,-11.23046875,-7.01904297
-0.07275391,-0.95117188,0.26416016,-36.07177734,-9.88769531,-6.65283203
-0.07275391,-0.95117188,0.26416016,-36.07177734,-9.88769531,-6.65283203
-0.06347656,-0.953125,0.30419922,-35.21728516,-7.87353516,-4.51660156
-0.06347656,-0.953125,0.30419922,-35.21728516,-7.87353516,-4.51660156
-0.12255859,-0.82666016,0.24365234,-31.18896484,-6.65283203,0.61035156
-0.12255859,-0.82666016,0.24365234,-31.18896484,-6.65283203,0.61035156
-0.06201172,-0.97998047,0.29394531,-27.83203125,-6.53076172,6.04248047
-0.06201172,-0.97998047,0.29394531,-27.83203125,-6.53076172,6.04248047
-0.02832031,-0.92041016,0.27050781,-24.53613281,-3.72314453,2.68554688
-0.02832031,-0.92041016,0.27050781,-24.53613281,-3.72314453,2.68554688
-0.05371094,-1.03271484,0.23779297,-25.390625,-1.83105469,-0.79345703
-0.05371094,-1.03271484,0.23779297,-25.390625,-1.83105469,-0.79345703
-0.07421875,-0.99462891,0.26123047,-27.16064453,-0.79345703,-2.25830078
-0.07421875,-0.99462891,0.26123047,-27.16064453,-0.79345703,-2.25830078
-0.06591797,-0.9765625,0.25976562,-26.48925781,0.12207031,-1.52587891
-0.06591797,-0.9765625,0.25976562,-26.48925781,0.12207031,-1.52587891
-0.06933594,-0.95458984,0.27197266,-25.14648438,1.58691406,0.18310547
-0.06933594,-0.95458984,0.27197266,-25.14648438,1.58691406,0.18310547
-0.06933594,-0.97167969,0.2734375,-21.72851562,0.48828125,2.68554688
-0.06933594,-0.97167969,0.2734375,-21.72851562,0.48828125,2.68554688
-0.05712891,-0.98291016,0.265625,-20.38574219,0.48828125,3.47900391
-0.05712891,-0.98291016,0.265625,-20.38574219,0.48828125,3.47900391
-0.06396484,-1.00976562,0.26074219,-19.77539062,-0.12207031,2.56347656
-0.06396484,-1.00976562,0.26074219,-19.77539062,-0.12207031,2.56347656
-0.0546875,-1.01904297,0.24414062,-21.24023438,-0.85449219,0.79345703
-0.0546875,-1.01904297,0.24414062,-21.24023438,-0.85449219,0.79345703
-0.04199219,-1.00244141,0.23583984,-22.03369141,-0.67138672,-1.70898438
-0.04199219,-1.00244141,0.23583984,-22.03369141,-0.67138672,-1.70898438
-0.05322266,-1.01416016,0.25732422,-21.54541016,-1.34277344,-4.27246094
-0.05322266,-1.01416016,0.25732422,-21.54541016,-1.34277344,-4.27246094
-0.06933594,-1.00146484,0.24951172,-19.47021484,-2.62451172,-6.22558594
-0.06542969,-0.97607422,0.24707031,-19.77539062,-1.953125,-6.16455078
-0.06542969,-0.96679688,0.25537109,-17.39501953,-2.38037109,-6.71386719
-0.06542969,-0.96679688,0.25537109,-17.39501953,-2.38037109,-6.71386719
-0.06005859,-0.97363281,0.24951172,-15.50292969,-1.64794922,-5.61523438
-0.06005859,-0.97363281,0.24951172,-15.50292969,-1.64794922,-5.61523438
-0.06005859,-0.97363281,0.24951172,-14.58740234,-2.13623047,-5.92041016
-0.04980469,-0.9765625,0.25244141,-13.54980469,-2.86865234,-6.59179688
-0.03466797,-0.97314453,0.23925781,-12.87841797,-3.29589844,-7.32421875
-0.03466797,-0.97314453,0.23925781,-12.87841797,-3.29589844,-7.32421875
-0.03466797,-0.97314453,0.24462891,-12.20703125,-4.21142578,-8.23974609
-0.05078125,-0.97900391,0.23779297,-12.20703125,-4.08935547,-8.42285156
-0.04638672,-0.99658203,0.24365234,-11.90185547,-5.12695312,-9.765625
-0.04638672,-0.99658203,0.24365234,-11.90185547,-5.12695312,-9.765625
-0.04638672,-0.98828125,0.23291016,-12.32910156,-4.82177734,-9.70458984
-0.03662109,-1.00732422,0.23730469,-12.63427734,-5.859375,-11.35253906
-0.04296875,-0.98730469,0.20166016,-13.61083984,-5.31005859,-11.96289062
-0.04296875,-0.98730469,0.20166016,-13.61083984,-5.31005859,-11.96289062
-0.06738281,-1.00585938,0.2578125,-13.12255859,-6.04248047,-12.32910156
-0.02197266,-1.01074219,0.22558594,-13.30566406,-6.95800781,-13.79394531
-0.04833984,-1.02636719,0.24804688,-12.93945312,-5.49316406,-12.57324219
-0.04833984,-1.02636719,0.24804688,-12.93945312,-5.49316406,-12.57324219
-0.08154297,-0.97753906,0.21289062,-13.42773438,-2.50244141,-8.17871094
-0.02001953,-1.02441406,0.26171875,-11.96289062,-4.15039062,-7.75146484
-0.03808594,-1.00585938,0.27636719,-8.54492188,-2.62451172,-9.27734375
-0.03808594,-1.00585938,0.27636719,-8.54492188,-2.62451172,-9.27734375
-0.04541016,-0.97851562,0.20556641,-9.33837891,0.36621094,-6.89697266
-0.06542969,-1.00683594,0.25927734,-8.66699219,1.09863281,-5.06591797
-0.06347656,-1.00634766,0.27148438,-5.61523438,3.78417969,-1.46484375
-0.06347656,-1.00634766,0.27148438,-5.61523438,3.78417969,-1.46484375
-0.04882812,-1.00195312,0.28564453,-3.47900391,5.67626953,-0.24414062
-0.03369141,-1.01464844,0.31054688,-1.52587891,8.42285156,0.79345703
-0.03613281,-1.01269531,0.296875,2.50244141,14.58740234,2.80761719
-0.03613281,-1.01269531,0.296875,2.50244141,14.58740234,2.80761719
-0.04638672,-1.01708984,0.26367188,2.86865234,17.27294922,3.96728516
-0.00830078,-0.97460938,0.19140625,3.41796875,17.08984375,3.35693359
-0.1171875,-0.92480469,0.28466797,10.19287109,8.85009766,-11.71875
-0.1171875,-0.92480469,0.28466797,10.19287109,8.85009766,-11.71875
-0.09130859,-1.05859375,0.18457031,8.36181641,10.68115234,-7.38525391
-0.02636719,-1.01855469,0.109375,3.54003906,10.07080078,-5.92041016
0.00537109,-0.97753906,0.20800781,1.953125,4.94384766,-11.16943359
0.00537109,-0.97753906,0.20800781,1.953125,4.94384766,-11.16943359
-0.04296875,-0.97167969,0.20751953,0.48828125,5.98144531,-11.10839844
-0.08544922,-0.99169922,0.16650391,-1.83105469,6.77490234,-6.04248047
-0.03955078,-0.95654297,0.22607422,-2.01416016,6.46972656,-1.46484375
-0.03955078,-0.95654297,0.22607422,-2.01416016,6.46972656,-1.46484375
0.00292969,-0.97607422,0.26025391,-0.73242188,5.92041016,-4.57763672
-0.03222656,-0.95117188,0.24414062,-0.42724609,8.72802734,-5.55419922
-0.06103516,-0.97021484,0.20214844,-2.07519531,8.91113281,-4.08935547
-0.06103516,-0.97021484,0.20214844,-2.07519531,8.91113281,-4.08935547
-0.03955078,-0.97216797,0.203125,-2.56347656,9.15527344,-2.99072266
-0.03564453,-0.95410156,0.19921875,-2.74658203,9.70458984,-2.38037109
-0.01953125,-0.95361328,0.20703125,0.42724609,5.98144531,0.12207031
-0.01953125,-0.95361328,0.20703125,0.42724609,5.98144531,0.12207031
-0.01074219,-0.94726562,0.26708984,2.44140625,4.39453125,-0.24414062
0.02490234,-0.94287109,0.23339844,3.41796875,5.06591797,-2.13623047
-0.02148438,-0.97021484,0.22998047,3.35693359,5.24902344,-4.8828125
-0.02148438,-0.97021484,0.22998047,3.35693359,5.24902344,-4.8828125
-0.06201172,-0.97265625,0.203125,3.29589844,5.06591797,-2.31933594
-0.03369141,-0.98730469,0.21777344,3.96728516,2.56347656,-0.73242188
-0.02148438,-0.97265625,0.20507812,4.02832031,4.57763672,1.89208984
-0.02148438,-0.97265625,0.20507812,4.02832031,4.57763672,1.89208984
-0.03125,-0.95654297,0.22119141,3.11279297,4.63867188,2.44140625
-0.01611328,-0.97070312,0.21679688,2.74658203,4.21142578,1.58691406
-0.03857422,-0.98681641,0.23291016,1.77001953,4.57763672,0.12207031
-0.03857422,-0.98681641,0.23291016,1.77001953,4.57763672,0.12207031
-0.03857422,-0.99560547,0.22900391,1.09863281,4.57763672,0.30517578
-0.02880859,-0.98632812,0.22900391,0.67138672,4.33349609,0.12207031
-0.00878906,-0.96386719,0.21875,-1.46484375,5.24902344,-2.25830078
-0.00878906,-0.96386719,0.21875,-1.46484375,5.24902344,-2.25830078
-0.00878906,-0.95898438,0.22167969,-2.80761719,6.22558594,-3.96728516
-0.00830078,-0.95800781,0.234375,-3.96728516,7.62939453,-5.55419922
-0.00830078,-0.95800781,0.234375,-3.96728516,7.62939453,-5.55419922
-0.00585938,-0.96044922,0.22851562,-5.73730469,11.77978516,-7.38525391
-0.00585938,-0.96044922,0.22851562,-5.73730469,11.77978516,-7.38525391
-0.00146484,-0.95117188,0.24023438,-7.44628906,16.54052734,-8.23974609
-0.00146484,-0.95117188,0.24023438,-7.44628906,16.54052734,-8.23974609
-0.00976562,-0.96240234,0.24365234,-9.15527344,20.93505859,-9.52148438
-0.00976562,-0.96240234,0.24365234,-9.15527344,20.93505859,-9.52148438
-0.09912109,-1.08691406,0.29101562,-0.48828125,7.56835938,-10.25390625
-0.09912109,-1.08691406,0.29101562,-0.48828125,7.56835938,-10.25390625
-0.07617188,-1.03369141,0.13232422,9.39941406,8.97216797,3.96728516
-0.07617188,-1.03369141,0.13232422,9.39941406,8.97216797,3.96728516
-0.01611328,-0.97216797,0.13427734,2.9296875,2.9296875,7.32421875
-0.01611328,-0.97216797,0.13427734,2.9296875,2.9296875,7.32421875
0.01367188,-0.94287109,0.22412109,1.83105469,0.85449219,6.28662109
0.01367188,-0.94287109,0.22412109,1.83105469,0.85449219,6.28662109
0.00683594,-0.96728516,0.22265625,1.89208984,1.34277344,6.10351562
0.00683594,-0.96728516,0.22265625,1.89208984,1.34277344,6.10351562
-0.00537109,-0.94824219,0.18701172,0.12207031,1.28173828,4.08935547
-0.00537109,-0.94824219,0.18701172,0.12207031,1.28173828,4.08935547
-0.04199219,-1.0078125,0.23095703,-1.70898438,2.07519531,0.54931641
-0.04199219,-1.0078125,0.23095703,-1.70898438,2.07519531,0.54931641
-0.05273438,-0.98828125,0.21386719,-2.68554688,4.08935547,0.42724609
-0.05273438,-0.98828125,0.21386719,-2.68554688,4.08935547,0.42724609
-0.02783203,-0.95898438,0.1875,-3.05175781,2.74658203,-1.70898438
-0.02783203,-0.95898438,0.1875,-3.05175781,2.74658203,-1.70898438
-0.01074219,-0.93212891,0.23388672,2.44140625,3.72314453,-5.37109375
-0.01074219,-0.93212891,0.23388672,2.44140625,3.72314453,-5.37109375
-0.00830078,-0.97167969,0.23876953,5.00488281,4.63867188,-7.50732422
-0.00830078,-0.97167969,0.23876953,5.00488281,4.63867188,-7.50732422
-0.00244141,-0.99560547,0.21777344,1.40380859,4.33349609,-9.15527344
-0.00244141,-0.99560547,0.21777344,1.40380859,4.33349609,-9.15527344
0.00537109,-1.00537109,0.24609375,-6.71386719,5.55419922,-11.65771484
0.00537109,-1.00537109,0.24609375,-6.71386719,5.55419922,-11.65771484
-0.03564453,-1.01708984,0.22998047,-14.40429688,6.8359375,-12.39013672
-0.03564453,-1.01708984,0.22998047,-14.40429688,6.8359375,-12.39013672
-0.03857422,-1.03320312,0.24121094,-17.578125,5.12695312,-7.99560547
-0.03857422,-1.03320312,0.24121094,-17.578125,5.12695312,-7.99560547
-0.12255859,-1.01464844,0.27392578,-15.31982422,7.69042969,-0.30517578
-0.12255859,-1.01464844,0.27392578,-15.31982422,7.69042969,-0.30517578
-0.04394531,-0.97412109,0.14941406,-13.671875,2.50244141,1.34277344
-0.04394531,-0.97412109,0.14941406,-13.671875,2.50244141,1.34277344
-0.03320312,-0.96533203,0.24365234,-10.19287109,0.61035156,-0.18310547
-0.03320312,-0.96533203,0.24365234,-10.19287109,0.61035156,-0.18310547
-0.10449219,-1.04248047,0.23388672,-7.38525391,1.58691406,2.80761719
-0.10449219,-1.04248047,0.23388672,-7.38525391,1.58691406,2.80761719
-0.04736328,-0.99511719,0.21972656,-6.40869141,0.30517578,7.08007812
-0.04736328,-0.99511719,0.21972656,-6.40869141,0.30517578,7.08007812
-0.02246094,-0.98583984,0.19140625,-3.29589844,-5.12695312,3.11279297
-0.02246094,-0.98583984,0.19140625,-3.29589844,-5.12695312,3.11279297
-0.01904297,-0.95605469,0.19970703,-1.52587891,1.03759766,-0.42724609
-0.01904297,-0.95605469,0.19970703,-1.52587891,1.03759766,-0.42724609
-0.06884766,-1.00244141,0.22509766,1.70898438,-7.14111328,-4.69970703
-0.06884766,-1.00244141,0.22509766,1.70898438,-7.14111328,-4.69970703
-0.10058594,-1.02880859,0.1875,12.87841797,-10.31494141,1.89208984
-0.10058594,-1.02880859,0.1875,12.87841797,-10.31494141,1.89208984
-0.05957031,-1.03466797,0.29589844,17.39501953,-21.30126953,8.17871094
-0.05957031,-1.03466797,0.29589844,17.39501953,-21.30126953,8.17871094
0.02441406,-0.95214844,0.20800781,14.09912109,-10.07080078,5.31005859
0.02441406,-0.95214844,0.20800781,14.09912109,-10.07080078,5.31005859
-0.01513672,-0.93798828,0.12695312,14.22119141,-15.625,0.12207031
-0.01513672,-0.93798828,0.12695312,14.22119141,-15.625,0.12207031
-0.01953125,-0.94042969,0.26513672,23.86474609,-15.625,-2.44140625
-0.01953125,-0.94042969,0.26513672,23.86474609,-15.625,-2.44140625
-0.00537109,-0.92724609,0.15087891,21.42333984,-9.88769531,-5.12695312
-0.00537109,-0.92724609,0.15087891,21.42333984,-9.88769531,-5.12695312
0.01269531,-0.93164062,0.22021484,20.01953125,-12.39013672,-10.98632812
0.01269531,-0.93164062,0.22021484,20.01953125,-12.39013672,-10.98632812
-0.01904297,-1.00195312,0.19140625,17.88330078,-17.08984375,-12.32910156
-0.01904297,-1.00195312,0.19140625,17.88330078,-17.08984375,-12.32910156
0.02246094,-0.96582031,0.35351562,15.25878906,-18.98193359,-8.23974609
0.02246094,-0.96582031,0.35351562,15.25878906,-18.98193359,-8.23974609
0.03173828,-0.93505859,0.17871094,4.02832031,-2.19726562,-12.26806641
0.03173828,-0.93505859,0.17871094,4.02832031,-2.19726562,-12.26806641
0.00146484,-0.95703125,0.25537109,-0.36621094,-4.33349609,-13.12255859
0.00146484,-0.95703125,0.25537109,-0.36621094,-4.33349609,-13.12255859
-0.07275391,-1.07080078,0.30078125,-0.61035156,-2.38037109,-9.39941406
-0.07275391,-1.07080078,0.30078125,-0.61035156,-2.38037109,-9.39941406
-0.05859375,-1.01416016,0.27929688,0.30517578,0.79345703,1.77001953
-0.05859375,-1.01416016,0.27929688,0.30517578,0.79345703,1.77001953
-0.03662109,-0.98681641,0.24755859,0.42724609,0.24414062,3.78417969
-0.03662109,-0.98681641,0.24755859,0.42724609,0.24414062,3.78417969
-0.04296875,-0.98291016,0.22802734,1.46484375,-0.79345703,6.89697266
-0.04296875,-0.98291016,0.22802734,1.46484375,-0.79345703,6.89697266
-0.02636719,-0.97216797,0.24804688,1.34277344,-2.01416016,9.33837891
-0.02636719,-0.97216797,0.24804688,1.34277344,-2.01416016,9.33837891
-0.01806641,-0.97460938,0.23876953,0.73242188,-2.13623047,10.68115234
-0.01806641,-0.97460938,0.23876953,0.73242188,-2.13623047,10.68115234
-0.00830078,-0.97412109,0.24267578,0.24414062,-2.50244141,10.80322266
-0.00830078,-0.97412109,0.24267578,0.24414062,-2.50244141,10.80322266
-0.04394531,-0.98876953,0.22949219,-0.9765625,-2.19726562,11.90185547
-0.04394531,-0.98876953,0.22949219,-0.9765625,-2.19726562,11.90185547
-0.00976562,-0.96386719,0.22949219,-1.22070312,-3.60107422,12.87841797
-0.00976562,-0.96386719,0.22949219,-1.22070312,-3.60107422,12.08496094
0.0078125,-0.95166016,0.26513672,-1.64794922,-3.11279297,10.98632812
0.0078125,-0.95166016,0.26513672,-1.64794922,-3.11279297,9.64355469
-0.01367188,-0.97363281,0.30859375,0.30517578,1.40380859,9.09423828
-0.01367188,-0.97363281,0.30859375,0.30517578,1.40380859,9.03320312
-0.04296875,-0.98535156,0.28564453,3.72314453,3.96728516,9.46044922
-0.04296875,-0.98535156,0.28564453,3.72314453,3.96728516,9.82666016
-0.04248047,-0.96191406,0.29199219,6.59179688,9.09423828,10.00976562
-0.04248047,-0.96191406,0.29199219,6.59179688,8.97216797,9.765625
-0.02050781,-0.96337891,0.21826172,7.44628906,9.27734375,9.33837891
-0.02050781,-0.96337891,0.21826172,7.38525391,10.13183594,9.39941406
-0.03564453,-0.97753906,0.32910156,8.97216797,13.73291016,9.765625
-0.03564453,-0.97753906,0.32910156,12.63427734,16.96777344,10.31494141
-0.03173828,-0.97949219,0.28466797,15.38085938,19.28710938,10.37597656
-0.03173828,-0.97949219,0.28466797,15.74707031,19.16503906,10.19287109
-0.04296875,-0.97705078,0.21728516,15.44189453,19.59228516,9.765625
-0.04296875,-0.97705078,0.21728516,13.42773438,16.29638672,9.27734375
-0.00439453,-0.9296875,0.04492188,9.46044922,9.70458984,7.75146484
-0.00439453,-0.9296875,0.04492188,3.60107422,2.19726562,5.31005859
0.00830078,-0.90771484,0.15478516,0.36621094,-2.13623047,2.80761719
0.00830078,-0.90771484,0.15478516,-0.42724609,-5.859375,0.61035156
0.00146484,-0.92431641,0.22607422,-0.30517578,-8.48388672,-1.15966797
0.00146484,-0.92431641,0.22607422,0.79345703,-9.27734375,-2.44140625
-0.04492188,-0.96386719,0.27832031,2.25830078,-8.66699219,-3.11279297
-0.04492188,-0.96386719,0.27832031,3.96728516,-8.11767578,-3.05175781
-0.05517578,-0.97753906,0.26025391,5.98144531,-8.66699219,-2.44140625
-0.05517578,-0.97753906,0.26025391,7.62939453,-8.72802734,-2.01416016
-0.01855469,-0.95947266,0.26904297,8.97216797,-8.48388672,-3.05175781
-0.01855469,-0.95947266,0.26904297,9.88769531,-8.17871094,-4.21142578
-0.03173828,-0.97607422,0.27294922,10.68115234,-7.44628906,-4.69970703
-0.03173828,-0.97607422,0.26416016,11.23046875,-6.77490234,-4.45556641
-0.0546875,-0.99316406,0.25830078,11.65771484,-6.04248047,-3.72314453
-0.0546875,-0.99316406,0.25732422,12.26806641,-5.43212891,-2.80761719
-0.06982422,-1.01123047,0.25927734,12.57324219,-5.43212891,-1.70898438
-0.06982422,-1.01123047,0.27197266,13.18359375,-5.92041016,-0.24414062
-0.05224609,-1.00292969,0.27685547,13.54980469,-5.67626953,0.85449219
-0.05224609,-0.99462891,0.26708984,13.48876953,-5.06591797,1.40380859
-0.04101562,-0.98876953,0.25927734,13.61083984,-5.00488281,1.52587891
-0.03515625,-0.98486328,0.25634766,14.09912109,-5.18798828,1.52587891
-0.03027344,-0.97558594,0.2578125,15.07568359,-5.43212891,1.52587891
-0.02978516,-0.96679688,0.26416016,17.15087891,-5.06591797,0.54931641
-0.03076172,-0.97021484,0.26123047,19.28710938,-4.39453125,-0.79345703
-0.04052734,-0.9765625,0.26464844,21.36230469,-4.27246094,-1.64794922
-0.046875,-0.98876953,0.27441406,22.21679688,-4.15039062,-1.70898438
-0.05175781,-0.99316406,0.27734375,22.64404297,-4.15039062,-1.22070312
-0.04833984,-0.99511719,0.28173828,23.19335938,-4.57763672,-0.36621094
-0.04492188,-0.99267578,0.28857422,23.13232422,-4.76074219,0.36621094
-0.04833984,-0.98779297,0.29150391,23.31542969,-4.69970703,0.79345703
-0.04931641,-0.98583984,0.28759766,23.92578125,-4.21142578,1.03759766
-0.05371094,-0.99023438,0.27783203,24.59716797,-3.78417969,1.34277344
-0.05126953,-0.98242188,0.27246094,25.63476562,-3.84521484,1.89208984
-0.04492188,-0.97460938,0.27636719,27.70996094,-3.84521484,1.89208984
-0.04492188,-0.9765625,0.28320312,30.21240234,-4.33349609,1.83105469
-0.03955078,-0.97558594,0.30078125,32.16552734,-5.24902344,2.13623047
-0.02392578,-0.97412109,0.3125,32.89794922,-4.8828125,1.953125
-0.02294922,-0.98193359,0.30859375,32.16552734,-3.96728516,1.40380859
-0.03564453,-0.99511719,0.30810547,30.70068359,-3.29589844,1.46484375
-0.04150391,-1.00292969,0.31201172,29.23583984,-3.05175781,1.953125
-0.04248047,-0.99658203,0.31689453,27.83203125,-2.80761719,2.38037109
-0.03369141,-0.98486328,0.31982422,27.46582031,-2.19726562,2.56347656
-0.03271484,-0.97998047,0.32421875,27.77099609,-1.28173828,2.25830078
-0.046875,-0.98388672,0.32226562,29.23583984,-1.22070312,2.44140625
-0.05712891,-0.98876953,0.33056641,31.61621094,-1.953125,3.05175781
-0.05712891,-0.984375,0.31103516,34.24072266,-2.50244141,3.72314453
-0.04394531,-0.98095703,0.30761719,35.46142578,-3.23486328,4.69970703
-0.0390625,-0.97998047,0.31640625,35.33935547,-3.29589844,5.55419922
-0.03710938,-0.97851562,0.32714844,35.46142578,-3.05175781,6.22558594
-0.03564453,-0.97363281,0.33447266,36.56005859,-2.86865234,6.40869141
-0.03320312,-0.97216797,0.33740234,38.57421875,-3.05175781,6.40869141
-0.03808594,-0.97460938,0.34033203,39.67285156,-3.23486328,6.59179688
-0.03369141,-0.9765625,0.34570312,39.55078125,-3.29589844,6.89697266
-0.03222656,-0.96923828,0.34765625,39.97802734,-2.62451172,6.89697266
-0.03173828,-0.96728516,0.34716797,41.9921875,-1.953125,6.71386719
-0.03173828,-0.96728516,0.34716797,41.9921875,-1.953125,6.71386719
-0.04248047,-0.96435547,0.35839844,44.37255859,-1.52587891,6.40869141
-0.05957031,-0.96191406,0.37304688,52.12402344,-1.28173828,6.16455078
-0.05273438,-0.95947266,0.37695312,58.59375,-1.64794922,6.04248047
-0.05273438,-0.95947266,0.37695312,58.59375,-1.64794922,6.04248047
-0.03662109,-0.95507812,0.37109375,64.14794922,-1.64794922,5.73730469
-0.04443359,-0.94970703,0.40625,61.27929688,-1.28173828,3.23486328
-0.0625,-0.98046875,0.36132812,53.46679688,-1.89208984,3.47900391
-0.0625,-0.98046875,0.36132812,53.46679688,-1.89208984,3.47900391
-0.06591797,-0.98339844,0.39453125,55.84716797,-2.62451172,3.72314453
-0.0703125,-0.96679688,0.41894531,59.02099609,-2.38037109,4.82177734
-0.07421875,-0.96923828,0.41015625,61.21826172,-2.25830078,5.67626953
-0.07421875,-0.96923828,0.41015625,61.21826172,-2.25830078,5.67626953
-0.06103516,-0.97070312,0.40673828,61.70654297,-2.50244141,7.20214844
-0.04296875,-0.9375,0.42236328,63.53759766,-3.23486328,8.36181641
-0.03613281,-0.93798828,0.44921875,63.84277344,-3.78417969,9.09423828
-0.03613281,-0.93798828,0.44921875,63.84277344,-3.78417969,9.09423828
-0.03515625,-0.92773438,0.45019531,63.65966797,-3.17382812,9.46044922
-0.02832031,-0.91894531,0.43310547,62.68310547,-2.50244141,8.48388672
-0.02001953,-0.91552734,0.39111328,62.19482422,-3.05175781,7.75146484
-0.02001953,-0.91552734,0.39111328,62.19482422,-3.05175781,7.75146484
-0.01123047,-0.86132812,0.44726562,59.75341797,-4.02832031,5.73730469
-0.06298828,-0.88183594,0.43261719,60.97412109,-5.18798828,4.82177734
-0.05957031,-0.89794922,0.43896484,61.27929688,-6.34765625,4.82177734
-0.05957031,-0.89794922,0.43896484,61.27929688,-6.34765625,4.82177734
-0.06445312,-0.87939453,0.45800781,63.65966797,-7.01904297,4.27246094
-0.04931641,-0.87939453,0.47070312,65.4296875,-6.89697266,3.17382812
-0.04443359,-0.86230469,0.47412109,65.97900391,-6.34765625,2.38037109
-0.04443359,-0.86230469,0.47412109,65.97900391,-6.34765625,2.38037109
-0.03759766,-0.87353516,0.48925781,65.79589844,-6.04248047,2.19726562
-0.04101562,-0.87841797,0.49316406,65.67382812,-5.73730469,2.01416016
-0.05322266,-0.86572266,0.49755859,65.79589844,-5.12695312,2.19726562
-0.05322266,-0.86572266,0.49755859,65.79589844,-5.12695312,2.19726562
-0.05810547,-0.88769531,0.5,65.06347656,-5.06591797,3.54003906
-0.06103516,-0.88330078,0.49609375,63.53759766,-4.27246094,6.53076172
-0.06103516,-0.87304688,0.51220703,63.53759766,-4.02832031,7.93457031
-0.06103516,-0.87304688,0.51220703,63.53759766,-4.02832031,7.93457031
-0.05908203,-0.85644531,0.51660156,64.69726562,-3.41796875,8.36181641
-0.06640625,-0.87646484,0.53662109,65.73486328,-2.74658203,8.85009766
-0.0703125,-0.87158203,0.54248047,65.4296875,-2.68554688,9.64355469
-0.0703125,-0.87158203,0.54248047,65.4296875,-2.68554688,9.64355469
-0.07080078,-0.86230469,0.54150391,66.65039062,-2.9296875,9.94873047
-0.03466797,-0.83691406,0.55908203,66.95556641,-3.23486328,10.25390625
-0.03027344,-0.83007812,0.56005859,66.10107422,-2.9296875,9.15527344
-0.03027344,-0.83007812,0.56005859,66.10107422,-2.9296875,9.15527344
-0.03515625,-0.83349609,0.5625,65.55175781,-2.50244141,8.36181641
-0.04833984,-0.82373047,0.55957031,64.81933594,-2.31933594,5.12695312
-0.06738281,-0.8203125,0.56640625,65.61279297,-2.56347656,4.57763672
-0.06738281,-0.8203125,0.56640625,65.61279297,-2.56347656,4.57763672
-0.05761719,-0.82226562,0.55957031,65.79589844,-3.35693359,4.76074219
-0.03320312,-0.80175781,0.59228516,65.24658203,-1.89208984,3.05175781
-0.04394531,-0.80859375,0.58984375,64.453125,-0.73242188,2.99072266
-0.04394531,-0.80859375,0.58984375,64.453125,-0.73242188,2.99072266
-0.05957031,-0.81103516,0.57177734,63.59863281,-0.91552734,3.23486328
-0.07617188,-0.81787109,0.58447266,62.98828125,-2.19726562,5.49316406
-0.06445312,-0.80078125,0.59326172,63.53759766,-2.80761719,6.59179688
-0.06445312,-0.80078125,0.59326172,63.53759766,-2.80761719,6.59179688
-0.05371094,-0.79150391,0.59912109,63.84277344,-2.80761719,7.08007812
-0.046875,-0.78271484,0.61523438,63.84277344,-2.68554688,7.20214844
-0.05224609,-0.78222656,0.625,63.84277344,-2.68554688,7.56835938
-0.05224609,-0.78222656,0.625,63.84277344,-2.68554688,7.56835938
-0.04882812,-0.78466797,0.62353516,63.53759766,-2.9296875,8.23974609
-0.04199219,-0.76464844,0.63085938,63.4765625,-2.9296875,8.36181641
-0.02734375,-0.7578125,0.63037109,63.23242188,-2.9296875,7.87353516
-0.01513672,-0.74023438,0.64111328,63.72070312,-2.80761719,6.65283203
-0.01416016,-0.73144531,0.65283203,64.63623047,-2.19726562,4.57763672
-0.02685547,-0.74365234,0.67431641,65.85693359,-1.40380859,2.74658203
-0.03955078,-0.74316406,0.68359375,67.62695312,-0.30517578,1.64794922
-0.046875,-0.75927734,0.67773438,69.15283203,0.48828125,0.91552734
-0.05664062,-0.76220703,0.67724609,70.80078125,0.73242188,0.85449219
-0.05761719,-0.75878906,0.67773438,72.75390625,0.54931641,0.9765625
-0.05615234,-0.75292969,0.67138672,73.97460938,0.85449219,1.40380859
-0.06347656,-0.76074219,0.66308594,74.64599609,1.09863281,2.01416016
-0.07617188,-0.75146484,0.67089844,75.50048828,0.85449219,2.74658203
-0.07519531,-0.75732422,0.68554688,74.34082031,0.79345703,4.51660156
-0.08837891,-0.75927734,0.68798828,74.70703125,1.09863281,6.77490234
-0.08740234,-0.74658203,0.68847656,74.58496094,1.15966797,8.72802734
-0.078125,-0.74023438,0.69580078,73.91357422,0.85449219,10.55908203
-0.06738281,-0.72167969,0.71630859,74.64599609,0.48828125,11.59667969
-0.06152344,-0.71142578,0.72265625,75.31738281,0.42724609,11.96289062
-0.07080078,-0.70800781,0.72363281,78.24707031,0,11.71875
-0.06396484,-0.70019531,0.72216797,79.46777344,-0.91552734,11.23046875
-0.06298828,-0.69140625,0.75488281,82.21435547,-1.46484375,10.37597656
-0.06689453,-0.69287109,0.73925781,84.41162109,-1.89208984,9.64355469
-0.08203125,-0.69726562,0.73144531,86.18164062,-2.68554688,9.70458984
-0.08203125,-0.68798828,0.75732422,87.890625,-3.05175781,9.88769531
-0.07714844,-0.68261719,0.76318359,88.13476562,-3.78417969,10.25390625
-0.06689453,-0.66308594,0.77001953,87.82958984,-3.47900391,10.31494141
-0.07177734,-0.66357422,0.77636719,86.85302734,-3.60107422,10.43701172
-0.07421875,-0.66650391,0.76318359,86.36474609,-4.51660156,10.98632812
-0.07128906,-0.64892578,0.76074219,85.75439453,-5.98144531,11.90185547
-0.05761719,-0.64355469,0.78857422,85.08300781,-6.22558594,12.39013672
-0.05517578,-0.61523438,0.77099609,85.20507812,-6.46972656,12.26806641
-0.06005859,-0.62109375,0.77978516,83.92333984,-6.77490234,12.63427734
-0.06982422,-0.61474609,0.77148438,84.22851562,-7.56835938,12.63427734
-0.07714844,-0.60546875,0.74462891,84.04541016,-8.17871094,13.06152344
-0.07080078,-0.60302734,0.82470703,84.89990234,-8.85009766,13.36669922
-0.05126953,-0.5625,0.95849609,87.82958984,-5.06591797,12.87841797
-0.05371094,-0.57666016,0.87548828,90.08789062,-1.83105469,12.02392578
-0.06640625,-0.58300781,0.84472656,91.00341797,-0.18310547,11.41357422
-0.07861328,-0.58886719,0.84716797,92.16308594,0.36621094,11.04736328
-0.08300781,-0.57958984,0.84423828,93.32275391,1.09863281,10.43701172
-0.09033203,-0.58837891,0.83056641,93.20068359,1.22070312,9.88769531
-0.09277344,-0.56054688,0.82324219,93.07861328,0.91552734,9.82666016
-0.08154297,-0.57275391,0.83398438,88.50097656,0.61035156,10.25390625
-0.07226562,-0.54443359,0.82763672,87.70751953,0.91552734,10.98632812
-0.08349609,-0.52099609,0.83007812,86.54785156,0.67138672,10.07080078
-0.0859375,-0.54296875,0.83837891,85.26611328,0.42724609,10.55908203
-0.09179688,-0.54541016,0.85009766,83.55712891,0.24414062,12.20703125
-0.09423828,-0.47119141,0.84130859,82.39746094,-0.12207031,16.41845703
-0.08691406,-0.48095703,0.84033203,81.35986328,0.06103516,16.41845703
-0.09570312,-0.49560547,0.83007812,80.68847656,0.85449219,18.79882812
-0.10595703,-0.47900391,0.84375,78.85742188,0.85449219,18.79882812
-0.10986328,-0.46972656,0.84472656,74.58496094,2.44140625,20.08056641
-0.09960938,-0.49755859,0.84179688,74.58496094,2.44140625,20.08056641
-0.09960938,-0.49511719,0.83691406,72.75390625,3.96728516,19.77539062
-0.12060547,-0.47949219,0.84814453,72.75390625,3.96728516,19.77539062
-0.11621094,-0.47314453,0.85693359,73.60839844,7.50732422,20.38574219
-0.12109375,-0.46630859,0.87011719,73.60839844,7.50732422,20.38574219
-0.11572266,-0.45166016,0.86669922,75.1953125,9.46044922,21.11816406
-0.11279297,-0.45507812,0.88330078,75.1953125,9.46044922,21.11816406
-0.10595703,-0.47021484,0.90673828,72.69287109,8.11767578,19.95849609
-0.09716797,-0.45605469,0.90673828,72.69287109,8.11767578,19.95849609
-0.07958984,-0.46142578,0.91113281,71.16699219,6.59179688,16.29638672
-0.07958984,-0.46142578,0.91113281,71.16699219,6.59179688,16.29638672
-0.09521484,-0.44628906,0.91064453,70.25146484,3.41796875,12.6953125
-0.09521484,-0.44628906,0.91064453,70.25146484,3.41796875,12.6953125
-0.11962891,-0.41748047,0.89990234,67.62695312,3.41796875,10.80322266
-0.11962891,-0.41748047,0.89990234,67.62695312,3.41796875,10.80322266
-0.11816406,-0.40478516,0.90527344,65.97900391,4.69970703,11.35253906
-0.11816406,-0.40478516,0.90527344,65.97900391,4.69970703,11.35253906
-0.11962891,-0.39599609,0.90039062,65.97900391,5.43212891,11.90185547
-0.11962891,-0.39599609,0.90039062,65.97900391,5.43212891,11.90185547
-0.11425781,-0.3984375,0.90478516,67.07763672,6.46972656,11.41357422
-0.11425781,-0.3984375,0.90478516,67.07763672,6.46972656,11.41357422
-0.11474609,-0.38330078,0.91162109,66.71142578,6.34765625,10.98632812
-0.11474609,-0.38330078,0.91162109,66.71142578,6.34765625,10.98632812
-0.12060547,-0.36230469,0.90380859,67.3828125,7.44628906,11.10839844
-0.12060547,-0.36230469,0.90380859,67.3828125,7.44628906,11.10839844
-0.13623047,-0.33642578,0.91943359,66.65039062,7.99560547,13.06152344
-0.13623047,-0.33642578,0.91943359,66.65039062,7.99560547,13.06152344
-0.12841797,-0.35107422,0.93701172,65.4296875,6.89697266,12.6953125
-0.12841797,-0.35107422,0.93701172,65.4296875,6.89697266,12.6953125
-0.12207031,-0.35351562,0.95214844,64.33105469,4.69970703,7.99560547
-0.12207031,-0.35351562,0.95214844,64.33105469,4.69970703,7.99560547
-0.11230469,-0.32617188,0.95410156,64.81933594,0.79345703,6.28662109
-0.11230469,-0.32617188,0.95410156,64.81933594,0.79345703,6.28662109
-0.12353516,-0.31787109,0.95556641,64.94140625,0.61035156,4.63867188
-0.12353516,-0.31787109,0.95556641,64.94140625,0.61035156,4.63867188
-0.13183594,-0.30761719,0.93359375,65.00244141,0.06103516,3.66210938
-0.13183594,-0.30761719,0.93359375,65.00244141,0.06103516,3.66210938
-0.10009766,-0.27832031,0.9296875,64.14794922,0.54931641,3.11279297
-0.10009766,-0.27832031,0.9296875,64.14794922,0.54931641,3.11279297
-0.09472656,-0.26074219,0.92285156,62.68310547,1.09863281,2.01416016
-0.09472656,-0.26074219,0.92285156,62.68310547,1.09863281,2.01416016
-0.10742188,-0.2578125,0.94335938,60.66894531,-0.61035156,1.22070312
-0.10742188,-0.2578125,0.94335938,60.66894531,-0.61035156,1.22070312
-0.11962891,-0.24316406,0.94482422,61.09619141,1.15966797,1.22070312
-0.11962891,-0.24316406,0.94482422,61.09619141,1.15966797,1.22070312
-0.13574219,-0.22949219,0.93261719,59.02099609,-2.19726562,1.58691406
-0.13574219,-0.22949219,0.93261719,59.02099609,-2.19726562,1.58691406
-0.12548828,-0.23925781,0.921875,59.81445312,-1.03759766,1.09863281
-0.12548828,-0.23925781,0.921875,59.81445312,-1.03759766,1.09863281
-0.13525391,-0.23144531,0.94970703,61.21826172,2.31933594,-0.54931641
-0.13525391,-0.23144531,0.94970703,61.21826172,2.31933594,-0.54931641
-0.13476562,-0.20849609,0.96484375,60.91308594,1.09863281,0
-0.13476562,-0.20849609,0.96484375,60.91308594,1.09863281,0
-0.11767578,-0.21972656,0.96044922,61.15722656,0,-0.30517578
-0.11767578,-0.21972656,0.96044922,61.15722656,0,-0.30517578
-0.12158203,-0.17919922,0.95263672,59.5703125,-1.58691406,-0.91552734
-0.12158203,-0.17919922,0.95263672,59.5703125,-1.58691406,-0.91552734
-0.13427734,-0.14404297,0.96484375,57.43408203,-2.01416016,-0.48828125
-0.13427734,-0.14404297,0.96484375,57.43408203,-2.01416016,-0.48828125
-0.13623047,-0.14697266,0.97265625,56.45751953,-1.953125,0.54931641
-0.13623047,-0.14697266,0.97265625,56.45751953,-1.953125,0.54931641
-0.11621094,-0.17089844,0.99609375,55.17578125,-2.07519531,-0.06103516
-0.11621094,-0.17089844,0.99609375,55.17578125,-2.07519531,-0.06103516
-0.12451172,-0.17480469,0.99267578,55.11474609,-3.05175781,-2.62451172
-0.12451172,-0.17480469,0.99267578,55.11474609,-3.05175781,-2.62451172
-0.12646484,-0.14550781,0.98144531,55.72509766,-2.86865234,-3.96728516
-0.12646484,-0.14550781,0.98144531,55.72509766,-2.86865234,-3.96728516
-0.12255859,-0.1171875,0.98925781,57.12890625,-3.23486328,-5.24902344
-0.12255859,-0.1171875,0.98925781,57.12890625,-3.23486328,-5.24902344
-0.11474609,-0.12353516,0.99658203,58.16650391,-3.47900391,-6.10351562
-0.11474609,-0.12353516,0.99658203,58.16650391,-3.47900391,-6.10351562
-0.13134766,-0.10888672,0.97070312,58.28857422,-2.9296875,-5.859375
-0.13134766,-0.10888672,0.97070312,58.28857422,-2.9296875,-5.859375
-0.11865234,-0.09619141,0.96289062,58.04443359,-1.83105469,-5.67626953
-0.11865234,-0.09619141,0.96289062,58.04443359,-1.83105469,-5.67626953
-0.12207031,-0.08251953,0.99169922,56.27441406,0,-5.12695312
-0.12207031,-0.08251953,0.99169922,56.27441406,0,-5.12695312
-0.12597656,-0.07177734,0.96337891,54.99267578,-0.06103516,-3.60107422
-0.12597656,-0.07177734,0.96337891,54.99267578,-0.06103516,-3.60107422
-0.11669922,-0.04394531,0.97216797,51.08642578,3.11279297,-3.54003906
-0.11669922,-0.04394531,0.97216797,51.08642578,3.11279297,-3.54003906
-0.14404297,-0.02880859,0.95654297,48.70605469,6.10351562,-2.25830078
-0.14404297,-0.02880859,0.95654297,48.70605469,6.10351562,-2.25830078
-0.14990234,-0.03027344,0.98388672,45.77636719,8.60595703,0.12207031
-0.14990234,-0.03027344,0.98388672,45.77636719,8.60595703,0.12207031
-0.13671875,-0.04492188,0.98291016,43.09082031,8.30078125,0.30517578
-0.13671875,-0.04492188,0.98291016,43.09082031,8.30078125,0.30517578
-0.10742188,-0.02880859,0.98486328,39.55078125,6.34765625,-1.52587891
-0.10742188,-0.02880859,0.98486328,39.55078125,6.34765625,-1.52587891
-0.12939453,-0.02783203,0.98730469,34.24072266,3.11279297,-4.08935547
-0.12939453,-0.02783203,0.98730469,34.24072266,3.11279297,-4.08935547
-0.12890625,-0.00976562,0.97119141,31.00585938,0.91552734,-3.17382812
-0.12890625,-0.00976562,0.97119141,31.00585938,0.91552734,-3.17382812
-0.13574219,-0.02832031,0.98242188,27.09960938,-0.42724609,-3.47900391
-0.13574219,-0.02832031,0.98242188,27.09960938,-0.42724609,-3.47900391
-0.14257812,-0.0234375,0.98193359,23.80371094,-3.47900391,-3.84521484
-0.14257812,-0.0234375,0.98193359,23.80371094,-3.47900391,-3.84521484
-0.13720703,-0.01123047,0.95361328,19.22607422,-5.49316406,-4.33349609
-0.13720703,-0.01123047,0.95361328,19.22607422,-5.49316406,-4.33349609
-0.12695312,0.01513672,0.93994141,13.61083984,-6.04248047,-4.15039062
-0.12695312,0.01513672,0.93994141,13.61083984,-6.04248047,-4.15039062
-0.14111328,0.01806641,0.92675781,7.38525391,-4.63867188,-2.80761719
-0.14111328,0.01806641,0.92675781,7.38525391,-4.63867188,-2.80761719
-0.1484375,0.01171875,0.94091797,3.17382812,-1.953125,-0.12207031
-0.1484375,0.01171875,0.94091797,3.17382812,-1.953125,-0.12207031
-0.13720703,-0.00097656,0.95898438,0.42724609,-0.06103516,1.46484375
-0.13720703,-0.00097656,0.95898438,0.42724609,-0.06103516,1.46484375
-0.11962891,0,0.98046875,-2.19726562,-0.18310547,1.09863281
-0.11962891,0,0.98046875,-2.19726562,-0.18310547,1.09863281
-0.11572266,-0.00634766,0.99560547,-5.06591797,-1.58691406,-0.42724609
-0.11572266,-0.00634766,0.99560547,-5.06591797,-1.58691406,-0.42724609
-0.12988281,-0.00976562,0.99121094,-8.17871094,-2.9296875,-1.64794922
-0.12988281,-0.00976562,0.99121094,-8.17871094,-2.9296875,-1.64794922
-0.13232422,-0.02294922,0.98242188,-9.58251953,-2.44140625,-1.58691406
-0.13232422,-0.02294922,0.98242188,-9.58251953,-2.44140625,-1.58691406
-0.13671875,-0.02148438,0.98388672,-10.37597656,-2.25830078,-1.70898438
-0.13671875,-0.02148438,0.98388672,-10.37597656,-2.25830078,-1.70898438
-0.13183594,-0.00341797,0.97949219,-12.20703125,-2.07519531,-1.52587891
-0.13183594,-0.00341797,0.97949219,-12.20703125,-2.07519531,-1.52587891
-0.09814453,-0.02783203,1.00634766,-12.93945312,-2.44140625,-2.56347656
-0.09814453,-0.02783203,1.00634766,-12.93945312,-2.44140625,-2.56347656
-0.12207031,-0.03613281,1.01904297,-10.92529297,-4.45556641,-3.72314453
-0.12207031,-0.03613281,1.01904297,-10.92529297,-4.45556641,-3.72314453
-0.12792969,-0.02685547,0.98779297,-8.72802734,-5.79833984,-4.33349609
-0.12792969,-0.02685547,0.98779297,-8.72802734,-5.79833984,-4.33349609
-0.12402344,-0.02099609,0.96679688,-7.44628906,-5.49316406,-3.96728516
-0.12402344,-0.02099609,0.96679688,-7.44628906,-5.49316406,-3.96728516
-0.13769531,-0.05712891,0.9765625,-4.45556641,-6.22558594,-4.08935547
-0.13769531,-0.05712891,0.9765625,-4.45556641,-6.22558594,-4.08935547
-0.13037109,-0.01708984,0.97314453,-2.80761719,-7.08007812,-3.23486328
-0.13037109,-0.01708984,0.97314453,-2.80761719,-7.08007812,-3.23486328
-0.12011719,-0.02099609,0.95947266,-3.90625,-6.10351562,-2.07519531
-0.12011719,-0.02099609,0.95947266,-3.90625,-6.10351562,-2.07519531
-0.12451172,-0.01367188,0.96777344,-2.68554688,-3.35693359,-0.42724609
-0.12451172,-0.01367188,0.96777344,-2.68554688,-3.35693359,-0.42724609
-0.12011719,-0.02294922,0.97900391,0.30517578,-1.83105469,0.61035156
-0.12011719,-0.02294922,0.97900391,0.30517578,-1.83105469,0.61035156
-0.10498047,-0.02587891,0.98974609,3.47900391,-1.52587891,1.46484375
-0.10498047,-0.02587891,0.98974609,3.47900391,-1.52587891,1.46484375
-0.08105469,-0.04394531,1.00634766,7.69042969,-2.99072266,0.54931641
-0.08105469,-0.04394531,1.00634766,7.69042969,-2.99072266,0.54931641
-0.12255859,-0.0234375,1.00097656,8.85009766,-5.859375,-0.91552734
-0.12255859,-0.0234375,1.00097656,8.85009766,-5.859375,-0.91552734
-0.14599609,-0.01953125,0.99707031,8.30078125,-5.859375,-0.42724609
-0.14599609,-0.01953125,0.99707031,8.30078125,-5.859375,-0.42724609
-0.09863281,-0.03759766,0.97900391,8.7890625,-3.41796875,0.9765625
-0.09863281,-0.03759766,0.97900391,8.7890625,-3.41796875,0.9765625
-0.10107422,-0.02441406,0.99707031,7.14111328,-4.8828125,-0.73242188
-0.10107422,-0.02441406,0.99707031,7.14111328,-4.8828125,-0.73242188
-0.1328125,-0.03613281,1.00097656,5.92041016,-5.12695312,-1.953125
-0.1328125,-0.03613281,1.00097656,5.92041016,-5.12695312,-1.953125
-0.12548828,-0.03710938,0.99902344,5.61523438,-3.72314453,-0.79345703
-0.12548828,-0.03710938,0.99902344,5.61523438,-3.72314453,-0.79345703
-0.12402344,-0.0234375,1.00732422,5.98144531,-3.41796875,-0.24414062
-0.12402344,-0.0234375,1.00732422,5.98144531,-3.41796875,-0.24414062
-0.11962891,-0.0234375,0.98876953,5.24902344,-3.72314453,0
-0.11962891,-0.0234375,0.98876953,5.24902344,-3.72314453,0
-0.10839844,-0.01660156,0.9921875,5.31005859,-4.02832031,0.67138672
-0.10839844,-0.01660156,0.9921875,5.31005859,-4.02832031,0.67138672
-0.11572266,-0.03027344,1.01269531,6.10351562,-4.94384766,1.15966797
-0.11572266,-0.03027344,1.01269531,6.10351562,-4.94384766,1.03759766
-0.12011719,-0.02490234,1.00537109,7.38525391,-6.34765625,0.91552734
-0.12011719,-0.02490234,1.00537109,7.38525391,-6.71386719,1.15966797
-0.12646484,-0.01367188,0.99560547,8.42285156,-6.8359375,1.64794922
-0.12646484,-0.01367188,0.99560547,8.7890625,-6.95800781,1.83105469
-0.10400391,-0.01708984,0.99511719,8.72802734,-7.50732422,1.83105469
-0.10400391,-0.01708984,0.99511719,7.99560547,-8.11767578,1.64794922
-0.09570312,-0.01269531,0.99902344,7.26318359,-8.91113281,1.34277344
-0.09570312,-0.01269531,0.99902344,6.59179688,-9.39941406,1.09863281
-0.12890625,-0.01806641,0.99121094,6.59179688,-9.15527344,1.40380859
-0.12890625,-0.01806641,0.99121094,7.08007812,-7.50732422,1.40380859
-0.12158203,-0.03271484,1.01074219,7.75146484,-6.46972656,1.03759766
-0.12158203,-0.03369141,1.01318359,8.66699219,-6.10351562,0.61035156
-0.12744141,-0.03320312,1.01367188,9.27734375,-5.92041016,0.18310547
-0.12744141,-0.02392578,1.01367188,9.52148438,-6.04248047,-0.12207031
-0.12304688,-0.01513672,1.01855469,9.52148438,-6.40869141,0
-0.12304688,-0.00976562,1.02929688,9.58251953,-7.14111328,0.24414062
-0.09814453,-0.01757812,1.02636719,10.13183594,-8.30078125,0.30517578
-0.08935547,-0.02441406,1.00830078,10.86425781,-8.85009766,0.06103516
-0.08935547,-0.02441406,1.00830078,10.86425781,-8.85009766,0.06103516
-0.09619141,-0.02294922,1.01025391,11.77978516,-9.21630859,-0.12207031
-0.12255859,-0.00927734,1.01806641,15.50292969,-8.91113281,-0.18310547
-0.12548828,-0.00488281,1.01611328,18.00537109,-8.30078125,0.36621094
-0.12353516,-0.01318359,1.01171875,19.95849609,-7.87353516,1.28173828
-0.10595703,-0.01220703,1.01367188,21.85058594,-7.56835938,1.83105469
-0.09277344,0.00341797,1.01074219,24.23095703,-7.62939453,2.01416016
-0.08300781,0.01025391,1.01855469,26.42822266,-8.23974609,2.07519531
-0.08349609,0.00830078,1.02539062,28.50341797,-10.13183594,2.19726562
-0.0859375,0.00537109,1.03125,30.76171875,-12.02392578,2.19726562
-0.09423828,0.00390625,1.03125,33.38623047,-13.36669922,2.13623047
-0.10839844,0.0078125,1.02490234,35.58349609,-14.6484375,2.31933594
-0.11132812,0.01318359,1.01611328,36.86523438,-15.50292969,2.62451172
-0.09814453,0.00976562,1.02148438,38.33007812,-15.93017578,2.44140625
-0.08837891,0.01171875,1.02050781,39.24560547,-16.66259766,2.01416016
-0.07568359,0.01318359,1.02734375,39.42871094,-17.82226562,1.70898438
-0.06982422,0.01708984,1.02929688,39.67285156,-19.16503906,0.9765625
-0.07275391,0.02050781,1.01416016,39.18457031,-20.5078125,0.12207031
-0.08349609,0.02197266,1,38.39111328,-21.11816406,-0.30517578
-0.09960938,0.03076172,1.00390625,38.39111328,-21.11816406,-0.24414062
-0.10644531,0.03710938,1.00683594,39.12353516,-20.75195312,0.36621094
-0.09228516,0.03222656,1.00341797,40.46630859,-20.20263672,1.15966797
-0.07861328,0.02490234,1.02001953,43.02978516,-19.28710938,1.52587891
-0.06640625,0.01904297,1.03613281,45.34912109,-20.14160156,1.52587891
-0.02050781,0.00292969,1.03027344,48.09570312,-21.54541016,0
-0.06787109,0.04882812,1.05419922,51.87988281,-21.97265625,-1.89208984
-0.08154297,0.04248047,1.02978516,54.26025391,-25.14648438,-0.48828125
-0.07714844,0.05419922,1.01367188,57.25097656,-26.18408203,-0.67138672
-0.07958984,0.06542969,0.97363281,60.48583984,-25.390625,-0.24414062
-0.07763672,0.07373047,0.953125,62.62207031,-22.21679688,0.06103516
-0.07617188,0.07519531,0.97412109,63.78173828,-18.31054688,-0.12207031
-0.07128906,0.08007812,0.96728516,63.90380859,-17.27294922,0
-0.0625,0.09033203,0.97949219,64.33105469,-16.11328125,0.36621094
-0.05957031,0.07958984,0.95800781,64.88037109,-15.19775391,0.67138672
-0.05322266,0.08154297,1.00341797,65.4296875,-14.40429688,0.54931641
-0.04980469,0.09814453,0.99658203,67.44384766,-14.52636719,0.61035156
-0.06298828,0.11230469,1.00683594,71.41113281,-13.18359375,1.15966797
-0.05371094,0.11523438,0.95458984,73.42529297,-13.12255859,2.01416016
-0.05126953,0.125,0.98144531,72.75390625,-12.6953125,1.64794922
-0.05664062,0.14404297,0.98876953,73.36425781,-12.81738281,1.58691406
-0.06347656,0.14599609,0.99560547,74.15771484,-12.6953125,2.19726562
-0.01757812,0.12744141,0.96923828,74.27978516,-12.75634766,1.77001953
0.00878906,0.1328125,1.01464844,78.36914062,-7.62939453,-0.67138672
0.00732422,0.14257812,1.00097656,80.93261719,-5.73730469,-3.54003906
0.00390625,0.17382812,1.01367188,82.94677734,-6.71386719,-7.62939453
-0.02148438,0.14941406,0.96875,84.77783203,-6.71386719,-7.62939453
-0.04345703,0.15625,0.96679688,85.20507812,-3.72314453,-8.97216797
-0.05712891,0.19091797,0.94384766,85.20507812,-3.72314453,-8.97216797
-0.05761719,0.18994141,0.91503906,87.890625,4.94384766,-8.17871094
-0.04492188,0.20019531,0.90673828,87.890625,4.94384766,-8.17871094
-0.03808594,0.21728516,0.88525391,91.30859375,11.96289062,-7.50732422
-0.04589844,0.21386719,0.92871094,91.30859375,11.96289062,-7.50732422
-0.03710938,0.234375,0.92578125,87.76855469,10.98632812,-8.48388672
-0.03759766,0.23876953,0.94384766,87.76855469,10.98632812,-8.48388672
-0.04199219,0.23632812,0.94384766,80.50537109,7.44628906,-10.19287109
-0.06884766,0.24316406,0.94384766,80.50537109,7.44628906,-10.19287109
-0.08886719,0.26318359,0.94140625,73.91357422,5.79833984,-9.21630859
-0.09228516,0.26318359,0.94140625,73.91357422,5.79833984,-9.21630859
-0.09716797,0.27734375,0.92382812,68.66455078,7.93457031,-7.08007812
-0.09716797,0.27734375,0.92382812,68.66455078,7.93457031,-7.08007812
-0.08154297,0.26708984,0.92724609,67.68798828,11.59667969,-3.78417969
-0.08154297,0.26708984,0.92724609,67.68798828,11.59667969,-3.78417969
-0.04931641,0.28857422,0.95410156,70.25146484,10.62011719,-2.44140625
-0.04931641,0.28857422,0.95410156,70.25146484,10.62011719,-2.44140625
-0.07226562,0.30712891,0.94726562,70.80078125,6.10351562,-2.50244141
-0.07226562,0.30712891,0.94726562,70.80078125,6.10351562,-2.50244141
-0.08740234,0.32226562,0.94873047,73.91357422,4.63867188,0.24414062
-0.08740234,0.32226562,0.94873047,73.91357422,4.63867188,0.24414062
-0.07177734,0.36962891,0.96044922,77.39257812,4.8828125,3.60107422
-0.07177734,0.36962891,0.96044922,77.39257812,4.8828125,3.60107422
-0.0625,0.33105469,0.98681641,81.29882812,2.07519531,5.73730469
-0.0625,0.33105469,0.98681641,81.29882812,2.07519531,5.73730469
-0.07910156,0.34619141,0.97314453,86.54785156,-4.21142578,7.56835938
-0.07910156,0.34619141,0.97314453,86.54785156,-4.21142578,7.56835938
-0.06201172,0.34570312,0.96923828,89.41650391,-9.82666016,7.44628906
-0.06201172,0.34570312,0.96923828,89.41650391,-9.82666016,7.44628906
-0.05615234,0.35107422,0.92773438,88.68408203,-11.47460938,5.98144531
-0.05615234,0.35107422,0.92773438,88.68408203,-11.47460938,5.98144531
-0.05419922,0.42773438,0.89794922,86.9140625,-9.82666016,5.73730469
-0.05419922,0.42773438,0.89794922,86.9140625,-9.82666016,5.73730469
0.00585938,0.31396484,0.89794922,95.82519531,-4.08935547,10.62011719
0.00585938,0.31396484,0.89794922,95.82519531,-4.08935547,10.62011719
-0.09521484,0.44726562,0.92919922,104.1259766,-4.27246094,4.94384766
-0.09521484,0.44726562,0.92919922,104.1259766,-4.27246094,4.94384766
-0.05859375,0.44189453,0.93701172,107.9711914,-1.89208984,6.89697266
-0.05859375,0.44189453,0.93701172,107.9711914,-1.89208984,6.89697266
-0.05517578,0.46386719,0.92236328,112.7929688,-1.70898438,5.00488281
-0.05517578,0.46386719,0.92236328,112.7929688,-1.70898438,5.00488281
-0.05810547,0.48925781,0.91113281,116.6381836,-2.68554688,5.79833984
-0.05810547,0.48925781,0.91113281,116.6381836,-2.68554688,5.79833984
-0.06738281,0.51269531,0.88671875,117.0654297,-5.55419922,6.04248047
-0.06738281,0.51269531,0.88671875,117.0654297,-5.55419922,6.04248047
-0.07910156,0.49365234,0.86865234,118.347168,-6.40869141,5.79833984
-0.07910156,0.49365234,0.86865234,118.347168,-6.40869141,5.79833984
-0.09863281,0.51416016,0.85205078,115.8447266,-7.87353516,5.67626953
-0.09863281,0.51416016,0.85205078,115.8447266,-7.87353516,5.67626953
-0.06494141,0.51806641,0.83056641,111.6943359,-9.82666016,3.66210938
-0.06494141,0.51806641,0.83056641,111.6943359,-9.82666016,3.66210938
-0.0390625,0.53613281,0.80273438,106.1401367,-13.06152344,1.15966797
-0.0390625,0.53613281,0.80273438,106.1401367,-13.06152344,1.15966797
-0.04394531,0.55517578,0.70605469,100.3417969,-6.8359375,0.12207031
-0.04394531,0.55517578,0.70605469,100.3417969,-6.8359375,0.12207031
-0.05712891,0.56445312,0.73583984,96.00830078,-0.30517578,-0.61035156
-0.05712891,0.56445312,0.73583984,96.00830078,-0.30517578,-0.61035156
-0.06982422,0.61914062,0.796875,91.91894531,-0.9765625,-0.9765625
-0.06982422,0.61914062,0.796875,91.91894531,-0.9765625,-0.9765625
-0.04296875,0.62744141,0.76123047,86.36474609,-1.953125,-0.06103516
-0.04296875,0.62744141,0.76123047,86.36474609,-1.953125,-0.06103516
-0.03857422,0.62109375,0.75244141,83.06884766,-0.79345703,-1.03759766
-0.03857422,0.62109375,0.75244141,83.06884766,-0.79345703,-1.03759766
-0.06542969,0.63134766,0.75146484,82.03125,1.28173828,-2.13623047
-0.06542969,0.63134766,0.75146484,82.03125,1.28173828,-2.13623047
-0.078125,0.6640625,0.70019531,80.32226562,1.40380859,-1.89208984
-0.078125,0.6640625,0.70019531,80.32226562,1.40380859,-1.89208984
-0.08154297,0.67871094,0.70898438,76.35498047,3.47900391,-0.12207031
-0.08154297,0.67871094,0.70898438,76.35498047,3.47900391,-0.12207031
-0.078125,0.68652344,0.72998047,73.85253906,3.41796875,1.40380859
-0.078125,0.68652344,0.72998047,73.85253906,3.41796875,1.40380859
-0.07177734,0.68603516,0.73144531,73.2421875,1.40380859,3.05175781
-0.07177734,0.68603516,0.73144531,73.2421875,1.40380859,3.05175781
-0.0703125,0.69775391,0.71240234,71.89941406,-0.91552734,4.08935547
-0.0703125,0.69775391,0.71240234,71.89941406,-0.91552734,4.08935547
-0.07324219,0.70068359,0.66894531,69.09179688,-0.30517578,4.21142578
-0.07324219,0.70068359,0.66894531,69.09179688,-0.30517578,4.21142578
-0.05517578,0.70800781,0.69677734,65.06347656,5.24902344,2.74658203
-0.05517578,0.70800781,0.69677734,65.06347656,5.24902344,2.74658203
-0.01904297,0.71142578,0.71777344,63.17138672,6.04248047,-0.30517578
-0.01904297,0.71142578,0.71777344,63.17138672,6.04248047,-0.30517578
-0.05175781,0.73095703,0.71240234,62.19482422,4.63867188,-1.70898438
-0.05175781,0.73095703,0.71240234,62.19482422,4.63867188,-1.70898438
-0.04833984,0.73242188,0.7109375,66.34521484,2.86865234,-2.19726562
-0.04833984,0.73242188,0.7109375,66.34521484,2.86865234,-2.19726562
-0.046875,0.71142578,0.61376953,68.54248047,6.10351562,-3.47900391
-0.046875,0.71142578,0.61376953,68.54248047,6.10351562,-3.47900391
-0.06835938,0.86425781,0.85009766,70.80078125,8.42285156,-5.67626953
-0.06835938,0.86425781,0.85009766,70.80078125,8.42285156,-5.67626953
-0.07666016,0.77685547,0.71435547,75.1953125,1.52587891,-1.03759766
-0.07666016,0.77685547,0.71435547,75.1953125,1.52587891,-1.03759766
-0.08447266,0.75830078,0.63330078,74.09667969,-1.58691406,-0.91552734
-0.08447266,0.75830078,0.63330078,74.09667969,-1.58691406,-0.91552734
-0.0546875,0.77050781,0.59960938,74.09667969,2.74658203,-2.50244141
-0.0546875,0.77050781,0.59960938,74.09667969,2.74658203,-2.50244141
-0.06689453,0.77099609,0.609375,75.56152344,3.72314453,-4.51660156
-0.06689453,0.77099609,0.609375,75.56152344,3.72314453,-4.51660156
-0.078125,0.78369141,0.61132812,75.1953125,4.57763672,-4.39453125
-0.078125,0.78369141,0.61132812,75.1953125,4.57763672,-4.39453125
-0.05859375,0.77685547,0.57910156,74.34082031,3.84521484,-2.99072266
-0.05859375,0.77685547,0.57910156,74.34082031,3.84521484,-2.99072266
-0.06542969,0.78955078,0.55175781,71.96044922,3.17382812,-3.47900391
-0.06542969,0.78955078,0.55175781,71.96044922,3.17382812,-3.47900391
-0.05224609,0.84912109,0.60693359,73.79150391,5.18798828,-3.84521484
-0.05224609,0.84912109,0.60693359,73.79150391,5.18798828,-3.84521484
-0.04296875,0.79931641,0.58154297,77.75878906,5.67626953,-5.31005859
-0.04296875,0.79931641,0.58154297,77.75878906,5.67626953,-5.31005859
-0.06640625,0.83496094,0.59179688,78.73535156,5.49316406,-6.04248047
-0.06640625,0.83496094,0.59179688,78.73535156,5.49316406,-6.04248047
-0.08105469,0.82568359,0.56933594,78.79638672,1.40380859,-5.37109375
-0.08105469,0.82568359,0.56933594,78.79638672,1.40380859,-5.37109375
-0.09228516,0.83251953,0.55517578,79.22363281,2.01416016,-7.01904297
-0.09228516,0.83251953,0.55517578,79.22363281,2.01416016,-7.01904297
-0.10253906,0.8515625,0.52490234,82.03125,2.19726562,-8.54492188
-0.10253906,0.8515625,0.52490234,82.03125,2.19726562,-8.54492188
-0.09960938,0.88378906,0.51318359,81.0546875,2.07519531,-10.07080078
-0.10253906,0.87402344,0.56689453,79.52880859,2.86865234,-11.29150391
-0.11523438,0.83935547,0.4375,73.48632812,3.66210938,-12.63427734
-0.11523438,0.83935547,0.4375,73.48632812,3.66210938,-12.63427734
-0.09179688,0.83251953,0.51953125,74.40185547,2.9296875,-10.31494141
-0.03955078,0.84716797,0.47412109,78.73535156,2.25830078,-8.17871094
-0.04492188,0.86767578,0.47021484,86.48681641,-1.64794922,-6.89697266
-0.04492188,0.86767578,0.47021484,86.48681641,-1.64794922,-6.89697266
-0.07617188,0.86865234,0.48291016,88.19580078,-1.64794922,-6.8359375
-0.09228516,0.84033203,0.47558594,87.58544922,-1.52587891,-6.71386719
-0.03027344,0.8984375,0.50634766,93.56689453,1.28173828,-5.67626953
-0.03027344,0.8984375,0.50634766,93.56689453,1.28173828,-5.67626953
-0.02880859,0.90283203,0.47851562,97.41210938,3.05175781,-5.73730469
-0.04833984,0.91601562,0.39941406,101.0742188,2.01416016,-5.12695312
-0.06738281,0.85205078,0.36767578,101.9287109,0.24414062,-5.49316406
-0.06738281,0.85205078,0.36767578,101.9287109,0.24414062,-5.49316406
-0.10107422,0.93017578,0.46777344,104.1870117,-1.953125,-3.60107422
-0.07617188,0.90576172,0.37695312,104.675293,-0.73242188,-3.29589844
-0.10498047,0.90820312,0.43896484,102.0507813,-1.22070312,-6.40869141
-0.10498047,0.90820312,0.43896484,102.0507813,-1.22070312,-6.40869141
-0.10400391,0.93457031,0.36621094,101.6845703,0.42724609,-7.14111328
-0.08740234,0.92529297,0.39990234,101.5625,0.36621094,-8.30078125
-0.09033203,0.92480469,0.31054688,95.58105469,1.70898438,-10.86425781
-0.09033203,0.92480469,0.31054688,95.58105469,1.70898438,-10.86425781
-0.07617188,0.93554688,0.32519531,93.75,3.17382812,-11.53564453
-0.08496094,0.91650391,0.32128906,93.93310547,1.77001953,-10.37597656
-0.1171875,0.92626953,0.29638672,88.56201172,0.18310547,-7.14111328
-0.1171875,0.92626953,0.29638672,88.56201172,0.18310547,-7.14111328
-0.08789062,0.94677734,0.29882812,87.46337891,0.61035156,-6.34765625
-0.08837891,0.91259766,0.34765625,87.58544922,0.42724609,-5.61523438
-0.08837891,0.95458984,0.22998047,84.10644531,-0.30517578,-5.31005859
-0.08837891,0.95458984,0.22998047,84.10644531,-0.30517578,-5.31005859
-0.07861328,0.95361328,0.26464844,83.43505859,-1.28173828,-5.31005859
-0.06884766,0.94384766,0.28515625,84.10644531,-1.52587891,-4.76074219
-0.08837891,0.95947266,0.22705078,78.91845703,-0.61035156,-3.17382812
-0.08837891,0.95947266,0.22705078,78.91845703,-0.61035156,-3.17382812
-0.07568359,0.96484375,0.23583984,77.39257812,-1.52587891,-3.23486328
-0.07861328,0.94140625,0.24462891,76.171875,-1.52587891,-3.05175781
-0.07861328,0.94140625,0.24462891,73.60839844,-1.28173828,-2.19726562
-0.11035156,0.9375,0.22998047,71.53320312,-1.09863281,-0.79345703
-0.10302734,0.97998047,0.26855469,73.05908203,-1.64794922,0.79345703
-0.10302734,0.97998047,0.26855469,73.05908203,-1.64794922,0.79345703
-0.10449219,0.95996094,0.22949219,74.58496094,-0.48828125,0.85449219
-0.13427734,0.95996094,0.17871094,74.58496094,-5.12695312,3.54003906
-0.10595703,0.97607422,0.24511719,71.96044922,-4.57763672,5.24902344
-0.10595703,0.97607422,0.24511719,71.96044922,-4.57763672,5.24902344
-0.09472656,0.96386719,0.28320312,74.58496094,-2.86865234,5.31005859
-0.10449219,0.93652344,0.23144531,76.23291016,-0.61035156,6.28662109
-0.08154297,0.96337891,0.13427734,73.60839844,-0.79345703,8.97216797
-0.08154297,0.96337891,0.13427734,73.60839844,-0.79345703,8.97216797
-0.0703125,0.96777344,0.18652344,74.21875,-1.953125,8.54492188
-0.10058594,0.94628906,0.16503906,73.05908203,0.12207031,9.39941406
-0.08203125,0.97460938,0.12988281,68.48144531,1.03759766,12.20703125
-0.08203125,0.97460938,0.12988281,68.48144531,1.03759766,12.20703125
-0.06347656,0.99511719,0.14453125,70.55664062,-0.54931641,12.87841797
-0.06787109,1.00439453,0.05517578,70.12939453,-3.35693359,12.32910156
-0.08398438,1.00195312,0.15283203,62.92724609,-4.08935547,10.31494141
-0.08398438,1.00195312,0.15283203,62.92724609,-4.08935547,10.31494141
-0.08544922,1.00878906,0.14111328,63.90380859,-4.33349609,9.58251953
-0.09619141,1.00244141,0.12695312,63.29345703,-4.27246094,9.09423828
-0.0625,1.0078125,0.078125,58.83789062,-4.69970703,8.30078125
-0.0625,1.0078125,0.078125,58.83789062,-4.69970703,8.30078125
-0.04345703,1.02587891,0.09082031,58.77685547,-5.859375,6.89697266
-0.04736328,1.01123047,0.09814453,59.14306641,-6.04248047,4.8828125
-0.04736328,1.01123047,0.09814453,59.14306641,-6.04248047,4.8828125
-0.0703125,0.98095703,0.06054688,53.16162109,-5.79833984,3.96728516
-0.0703125,0.98095703,0.06054688,53.16162109,-5.79833984,3.96728516
-0.08007812,1.01269531,0.12695312,53.89404297,-6.10351562,3.54003906
-0.08007812,1.01269531,0.12695312,53.89404297,-6.10351562,3.54003906
-0.07421875,0.98681641,0.0546875,53.77197266,-3.05175781,4.45556641
-0.07421875,0.98681641,0.0546875,53.77197266,-3.05175781,4.45556641
-0.06982422,0.98681641,0.05029297,48.58398438,-2.50244141,5.18798828
-0.06982422,0.98681641,0.05029297,48.58398438,-2.50244141,5.18798828
-0.06103516,1.01416016,0.08105469,52.42919922,-3.05175781,5.61523438
-0.06103516,1.01416016,0.08105469,52.42919922,-3.05175781,5.61523438
-0.09619141,0.94482422,0.02392578,49.8046875,-0.9765625,5.43212891
-0.09619141,0.94482422,0.02392578,49.8046875,-0.9765625,5.43212891
-0.05175781,0.99804688,0.05957031,42.66357422,0.24414062,5.12695312
-0.05175781,0.99804688,0.05957031,42.66357422,0.24414062,5.12695312
-0.06005859,0.97949219,0.01416016,42.11425781,2.13623047,3.78417969
-0.06005859,0.97949219,0.01416016,42.11425781,2.13623047,3.78417969
-0.08544922,0.95996094,-0.00683594,36.43798828,0.79345703,4.57763672
-0.08544922,0.95996094,-0.00683594,36.43798828,0.79345703,4.57763672
-0.05419922,0.99511719,-0.00488281,32.28759766,-1.03759766,5.31005859
-0.05419922,0.99511719,-0.00488281,32.28759766,-1.03759766,5.31005859
-0.06152344,1.00585938,0.00683594,32.65380859,-2.07519531,5.37109375
-0.06152344,1.00585938,0.00683594,32.65380859,-2.07519531,5.37109375
-0.08837891,0.98632812,-0.00683594,31.92138672,-2.86865234,6.10351562
-0.08837891,0.98632812,-0.00683594,31.92138672,-2.86865234,6.10351562
-0.07080078,0.98242188,-0.01025391,27.70996094,-3.23486328,7.93457031
-0.07080078,0.98242188,-0.01025391,27.70996094,-3.23486328,7.93457031
-0.03271484,1.0078125,-0.00292969,24.29199219,-2.13623047,6.16455078
-0.03271484,1.0078125,-0.00292969,24.29199219,-2.13623047,6.16455078
-0.06835938,0.97607422,-0.0234375,23.55957031,-1.83105469,5.31005859
-0.06835938,0.97607422,-0.0234375,23.55957031,-1.83105469,5.31005859
-0.07568359,0.98339844,-0.01220703,23.68164062,-2.80761719,7.75146484
-0.07568359,0.98339844,-0.01220703,23.68164062,-2.80761719,7.75146484
-0.07275391,0.98925781,-0.01074219,23.4375,-2.86865234,9.64355469
-0.07275391,0.98925781,-0.01074219,23.4375,-2.86865234,9.64355469
-0.08154297,0.97167969,-0.03222656,21.78955078,-3.23486328,11.71875
-0.08154297,0.97167969,-0.03222656,21.78955078,-3.23486328,11.71875
-0.04150391,0.97998047,-0.02441406,17.08984375,-2.9296875,13.24462891
-0.04150391,0.97998047,-0.02441406,17.08984375,-2.9296875,13.24462891
-0.00634766,1.01708984,-0.02490234,14.6484375,-1.46484375,8.23974609
-0.00634766,1.01708984,-0.02490234,14.6484375,-1.46484375,8.23974609
-0.05078125,0.984375,-0.04882812,12.39013672,-1.953125,5.37109375
-0.05078125,0.984375,-0.04882812,12.39013672,-1.953125,5.37109375
-0.06152344,0.99414062,-0.02050781,10.92529297,-3.17382812,6.65283203
-0.06152344,0.99414062,-0.02050781,10.92529297,-3.17382812,6.65283203
-0.0546875,0.98828125,-0.02978516,10.86425781,-3.29589844,7.44628906
-0.0546875,0.98828125,-0.02978516,10.86425781,-3.29589844,7.44628906
-0.05908203,1.00195312,-0.03515625,10.07080078,-3.84521484,9.09423828
-0.05908203,1.00195312,-0.03515625,10.07080078,-3.84521484,9.09423828
-0.04003906,1.03417969,-0.03027344,9.765625,-4.15039062,8.60595703
-0.04003906,1.03417969,-0.03027344,9.765625,-4.15039062,8.60595703
-0.04589844,1.01855469,-0.03564453,10.00976562,-3.35693359,6.65283203
-0.04589844,1.01855469,-0.03564453,10.00976562,-3.35693359,6.65283203
-0.05712891,0.98974609,-0.03027344,8.42285156,-2.9296875,7.08007812
-0.05712891,0.98974609,-0.03027344,8.42285156,-2.9296875,7.08007812
-0.04199219,0.99267578,-0.03759766,5.06591797,-1.15966797,7.56835938
-0.04199219,0.99267578,-0.03759766,5.06591797,-1.15966797,7.56835938
-0.03076172,0.99707031,-0.04199219,1.953125,0.73242188,5.31005859
-0.03076172,0.99707031,-0.04199219,1.953125,0.73242188,5.31005859
-0.04736328,0.98681641,-0.0625,0.54931641,-0.24414062,5.06591797
-0.04736328,0.98681641,-0.0625,0.54931641,-0.24414062,5.06591797
-0.04785156,0.99707031,-0.03466797,-0.54931641,-1.46484375,6.16455078
-0.04785156,0.99707031,-0.03466797,-0.54931641,-1.46484375,6.16455078
-0.04394531,0.9921875,-0.02880859,-1.28173828,0.12207031,6.10351562
-0.04394531,0.9921875,-0.02880859,-1.28173828,0.12207031,6.10351562
-0.04296875,0.98876953,-0.02685547,-0.18310547,1.40380859,6.53076172
-0.04296875,0.98876953,-0.02685547,-0.18310547,1.40380859,6.53076172
-0.03564453,0.99414062,-0.03515625,1.70898438,2.13623047,6.8359375
-0.03564453,0.99414062,-0.03515625,1.70898438,2.13623047,6.8359375
-0.03955078,0.97900391,-0.06103516,3.05175781,1.28173828,7.8125
-0.03955078,0.97900391,-0.06103516,3.05175781,1.28173828,7.8125
-0.00878906,1.00585938,-0.06591797,2.25830078,-0.12207031,7.44628906
-0.00878906,1.00585938,-0.06591797,2.25830078,-0.12207031,7.44628906
-0.02539062,1.0078125,-0.04931641,-1.46484375,-1.40380859,3.11279297
-0.02539062,1.0078125,-0.04931641,-1.46484375,-1.40380859,3.11279297
-0.05419922,0.99609375,-0.04052734,-2.68554688,-2.07519531,1.83105469
-0.05419922,0.99609375,-0.04052734,-2.68554688,-2.07519531,1.83105469
-0.05078125,0.99804688,-0.04980469,-1.89208984,-3.35693359,3.41796875
-0.05078125,0.99804688,-0.04980469,-1.89208984,-3.35693359,4.27246094
-0.04296875,1.00439453,-0.04052734,-0.9765625,-4.45556641,4.76074219
-0.04296875,1.00439453,-0.04052734,-0.9765625,-4.45556641,5.24902344
-0.02294922,1.01318359,-0.03564453,-1.34277344,-3.05175781,5.24902344
-0.02294922,1.01318359,-0.03564453,-1.34277344,-1.46484375,4.15039062
-0.00048828,1.03222656,-0.02246094,-1.22070312,-0.30517578,2.62451172
-0.00048828,1.03222656,-0.02246094,-0.12207031,0.54931641,1.34277344
-0.03955078,0.98583984,-0.05175781,0.12207031,0.30517578,1.40380859
-0.03955078,0.98583984,-0.05175781,-0.79345703,-0.85449219,2.80761719
-0.05712891,0.99414062,-0.04101562,-2.07519531,-1.64794922,3.84521484
-0.05712891,0.99414062,-0.04101562,-2.68554688,-1.83105469,4.15039062
-0.02978516,1.01513672,-0.02001953,-1.46484375,-1.89208984,4.02832031
-0.02978516,1.01513672,-0.02001953,0.61035156,-1.89208984,4.27246094
-0.04150391,0.98583984,-0.046875,0.12207031,-1.83105469,4.63867188
-0.04150391,0.98583984,-0.046875,-1.40380859,-1.89208984,5.37109375
-0.04345703,0.97412109,-0.03808594,-1.83105469,-2.19726562,6.28662109
-0.04345703,0.97412109,-0.03808594,-1.09863281,-2.62451172,7.26318359
-0.06152344,0.99169922,-0.02636719,-1.83105469,-2.44140625,7.38525391
-0.06152344,0.99169922,-0.02636719,-3.41796875,-1.28173828,6.65283203
0.00683594,1.00585938,-0.01464844,-3.11279297,-1.03759766,4.39453125
0.00683594,1.00585938,-0.01464844,-3.54003906,-0.24414062,2.9296875
-0.03564453,0.98828125,-0.03710938,-3.90625,0,2.19726562
-0.03564453,0.98828125,-0.03710938,-3.60107422,-0.36621094,2.50244141
-0.03564453,0.98046875,-0.03613281,-3.41796875,-0.67138672,2.99072266
-0.03564453,0.98046875,-0.03613281,-2.74658203,-0.9765625,3.35693359
-0.02734375,0.98681641,-0.03173828,-2.01416016,-1.15966797,3.54003906
-0.02734375,0.98681641,-0.03173828,-1.03759766,-1.40380859,3.60107422
-0.02441406,0.98535156,-0.04101562,-0.06103516,-1.953125,3.84521484
-0.02441406,0.98535156,-0.04101562,0.24414062,-2.68554688,4.08935547
-0.02294922,1.00390625,-0.02783203,0.61035156,-2.74658203,3.90625
-0.02294922,1.00390625,-0.02587891,0.54931641,-2.07519531,2.99072266
-0.01025391,1.01855469,-0.03271484,0.91552734,-1.64794922,1.52587891
-0.01025391,1.00878906,-0.03125,1.28173828,-1.58691406,0.30517578
-0.0234375,1.00390625,-0.03662109,1.52587891,-1.52587891,-0.36621094
-0.0234375,1,-0.03710938,1.89208984,-1.77001953,-0.18310547
-0.01757812,0.99316406,-0.03417969,1.953125,-1.953125,0.24414062
-0.01757812,0.99316406,-0.02832031,2.19726562,-2.13623047,0.42724609
-0.01367188,1.00439453,-0.02392578,2.50244141,-2.01416016,0.12207031
-0.01464844,1.01611328,-0.02294922,2.68554688,-1.64794922,-0.61035156
-0.015625,1.02246094,-0.02197266,3.17382812,-1.34277344,-1.52587891
-0.02246094,1.01806641,-0.03125,3.29589844,-1.03759766,-2.31933594
-0.02685547,1.00585938,-0.04003906,3.41796875,-1.03759766,-2.68554688
-0.03076172,0.99365234,-0.04052734,3.11279297,-1.52587891,-2.44140625
-0.03271484,0.99365234,-0.03417969,2.07519531,-2.01416016,-2.19726562
-0.02783203,0.99755859,-0.02636719,1.953125,-1.953125,-2.19726562
-0.02099609,1.00830078,-0.02929688,2.99072266,-1.83105469,-2.07519531
-0.02490234,1.00195312,-0.0390625,2.68554688,-1.40380859,-2.31933594
-0.02246094,0.99560547,-0.04052734,1.70898438,-1.03759766,-2.31933594
-0.02001953,0.99707031,-0.03125,2.19726562,-0.85449219,-2.25830078
-0.01806641,0.99267578,-0.03759766,2.74658203,-0.79345703,-2.13623047
-0.01513672,0.9921875,-0.04443359,2.19726562,-0.61035156,-2.07519531
-0.01611328,1.00146484,-0.03222656,1.70898438,-0.61035156,-2.19726562
-0.02832031,1.00585938,-0.03076172,1.52587891,-0.30517578,-2.25830078
-0.04003906,1.00537109,-0.03759766,1.15966797,-0.24414062,-2.13623047
-0.03955078,1.00341797,-0.03564453,1.46484375,-0.30517578,-1.89208984
-0.03271484,0.99267578,-0.04443359,1.70898438,-0.24414062,-1.40380859
-0.02978516,0.97998047,-0.05322266,2.01416016,-0.54931641,-0.67138672
-0.03613281,0.97265625,-0.05664062,1.953125,-0.9765625,0.18310547
-0.03515625,0.97412109,-0.05712891,1.34277344,-1.46484375,0.85449219
-0.03125,0.97851562,-0.04931641,0.73242188,-2.13623047,1.34277344
-0.03027344,0.99072266,-0.04199219,0.06103516,-2.31933594,1.77001953
-0.03222656,1.00195312,-0.03662109,0,-2.62451172,2.07519531
-0.03466797,1.00488281,-0.04052734,0.42724609,-2.80761719,2.19726562
-0.03613281,1.00195312,-0.04248047,0.36621094,-3.05175781,2.56347656
-0.03271484,1.00097656,-0.04101562,0.67138672,-3.23486328,3.11279297
-0.01855469,1.0078125,-0.03955078,0.61035156,-3.23486328,3.35693359
-0.00683594,1.01025391,-0.03662109,0.9765625,-2.9296875,3.17382812
-0.00341797,1.00927734,-0.0390625,1.22070312,-2.62451172,2.68554688
-0.01806641,1.01318359,-0.0390625,0.61035156,-2.13623047,2.13623047
-0.03417969,1.00927734,-0.04101562,0.12207031,-1.83105469,1.52587891
-0.04052734,1.01074219,-0.04052734,-0.36621094,-1.70898438,1.46484375
-0.03662109,1.01416016,-0.04003906,-1.03759766,-1.40380859,1.34277344
-0.03027344,1.01269531,-0.04541016,-1.70898438,-0.9765625,0.85449219
-0.02783203,1.01025391,-0.046875,-2.62451172,-0.61035156,0.61035156
-0.02441406,1.00830078,-0.04199219,-3.41796875,-0.06103516,0.54931641
-0.02929688,1.00390625,-0.04101562,-4.69970703,0.12207031,0.48828125
-0.046875,0.99365234,-0.04052734,-5.31005859,-0.18310547,0.79345703
-0.06396484,0.97314453,-0.05712891,-6.22558594,-0.61035156,1.70898438
-0.08105469,0.96679688,-0.05957031,-8.42285156,-1.15966797,3.66210938
-0.03613281,0.99072266,-0.06396484,-9.46044922,-2.13623047,5.12695312
-0.03808594,1.00683594,-0.02978516,-9.39941406,-3.05175781,5.67626953
-0.04833984,1.01611328,-0.03662109,-10.31494141,-1.89208984,5.67626953
-0.06787109,0.99853516,-0.04296875,-11.47460938,-1.58691406,6.65283203
-0.06152344,0.98779297,-0.03369141,-12.20703125,-1.52587891,8.7890625
-0.04003906,1.00244141,-0.02832031,-12.26806641,-1.58691406,9.70458984
-0.04003906,1.00244141,-0.02832031,-12.26806641,-1.58691406,9.70458984
-0.05224609,1.00830078,-0.03417969,-12.26806641,-1.58691406,10.00976562
-0.04980469,0.98144531,-0.05322266,-14.70947266,-3.54003906,7.14111328
0.04052734,0.94873047,-0.11132812,-12.51220703,-4.51660156,11.59667969
0.04052734,0.94873047,-0.11132812,-12.51220703,-4.51660156,11.59667969
0.05371094,0.98339844,-0.06494141,-13.24462891,-6.40869141,12.39013672
0.01171875,0.95947266,-0.02050781,-12.02392578,-3.11279297,12.57324219
0.01123047,0.98974609,-0.03320312,-11.41357422,-2.80761719,12.75634766
0.01123047,0.98974609,-0.03320312,-11.41357422,-2.80761719,12.75634766
0.01074219,1.00878906,-0.03515625,-11.35253906,-2.56347656,12.08496094
-0.00341797,1.01269531,-0.0546875,-13.48876953,-2.86865234,10.55908203
-0.01464844,1.01074219,-0.04248047,-14.70947266,-3.29589844,10.98632812
-0.01464844,1.01074219,-0.04248047,-14.70947266,-3.29589844,10.98632812
-0.01416016,1.01953125,-0.02880859,-15.56396484,-3.72314453,11.53564453
-0.00732422,1.04101562,-0.04101562,-16.54052734,-4.45556641,11.77978516
-0.01025391,1.05029297,-0.03857422,-17.63916016,-5.12695312,11.53564453
-0.01025391,1.05029297,-0.03857422,-17.63916016,-5.12695312,11.53564453
-0.01123047,1.06103516,-0.03955078,-19.04296875,-5.61523438,10.86425781
-0.03369141,1.06689453,-0.02441406,-22.64404297,-6.59179688,8.91113281
-0.03369141,1.05664062,-0.02636719,-25.02441406,-6.53076172,7.62939453
-0.03369141,1.05664062,-0.02636719,-25.02441406,-6.53076172,7.62939453
-0.02685547,1.04248047,-0.03808594,-27.58789062,-6.95800781,6.89697266
-0.02978516,1.05419922,-0.02001953,-35.09521484,-8.23974609,6.04248047
-0.04296875,1.06689453,0.00195312,-39.79492188,-7.87353516,4.63867188
-0.04296875,1.06689453,0.00195312,-39.79492188,-7.87353516,4.63867188
-0.04492188,1.04980469,0.00830078,-43.51806641,-6.59179688,3.60107422
0.00537109,1.04638672,-0.01171875,-52.12402344,-5.43212891,2.13623047
0.00830078,1.03759766,0.01855469,-56.51855469,-4.8828125,0.85449219
0.00830078,1.03759766,0.01855469,-56.51855469,-4.8828125,0.85449219
0.02001953,1.15673828,0.07617188,-68.66455078,-2.9296875,0.18310547
-0.04003906,1.01220703,-0.03173828,-76.23291016,-3.11279297,-2.62451172
-0.03710938,0.99169922,-0.01953125,-81.42089844,-4.51660156,-2.01416016
-0.03710938,0.99169922,-0.01953125,-81.42089844,-4.51660156,-2.01416016
-0.03125,0.98730469,-0.00292969,-84.47265625,-6.10351562,-0.61035156
-0.03808594,1.015625,0.04150391,-94.42138672,-8.48388672,1.77001953
-0.02636719,1.01123047,0.04101562,-100.3417969,-8.05664062,1.15966797
-0.02636719,1.01123047,0.04101562,-100.3417969,-8.05664062,1.15966797
0.0078125,1.00683594,0.03955078,-102.2338867,-8.42285156,0.24414062
0.02978516,0.95458984,0.09033203,-107.6660156,-7.14111328,-0.85449219
0.03564453,0.93847656,0.09716797,-107.2387695,-5.37109375,-0.24414062
0.03564453,0.93847656,0.09716797,-107.2387695,-5.37109375,-0.24414062
0.02685547,0.95068359,0.08984375,-108.1542969,-4.39453125,1.22070312
-0.00390625,0.97070312,0.09472656,-107.5439453,-6.40869141,3.05175781
-0.02392578,0.96777344,0.12207031,-111.6943359,-7.87353516,3.47900391
-0.02392578,0.96777344,0.12207031,-111.6943359,-7.87353516,3.47900391
-0.02392578,0.97021484,0.14208984,-113.5864258,-8.85009766,3.90625
-0.01367188,1.02929688,0.19677734,-125.4882813,-8.66699219,1.34277344
-0.015625,1.01123047,0.21826172,-134.7045898,-7.50732422,-1.89208984
-0.015625,1.01123047,0.21826172,-134.7045898,-7.50732422,-1.89208984
-0.01367188,0.99121094,0.20068359,-141.5405273,-5.859375,-5.31005859
0.01074219,0.89257812,0.16259766,-155.5786133,-4.76074219,-9.52148438
0.02246094,0.89746094,0.16845703,-160.5834961,-5.98144531,-10.68115234
0.02246094,0.89746094,0.16845703,-160.5834961,-5.98144531,-10.68115234
0.02587891,0.88720703,0.1875,-162.1704102,-6.95800781,-13.00048828
0.04248047,0.84570312,0.22070312,-164.5507813,-5.79833984,-15.93017578
0.0546875,0.85449219,0.26416016,-163.9404297,-4.45556641,-16.17431641
0.0546875,0.85449219,0.26416016,-163.9404297,-4.45556641,-16.17431641
0.05371094,0.88720703,0.2734375,-166.5649414,-4.57763672,-17.39501953
0.03271484,0.94238281,0.31835938,-167.1142578,-2.80761719,-21.91162109
0.015625,0.92871094,0.32177734,-167.2363281,-2.25830078,-23.92578125
0.015625,0.92871094,0.32177734,-167.2363281,-2.25830078,-23.92578125
-0.00097656,0.90917969,0.33496094,-167.2363281,-3.05175781,-25.51269531
0.00927734,0.88623047,0.36328125,-164.0625,-3.66210938,-25.32958984
0.00976562,0.8984375,0.34179688,-160.5834961,-5.67626953,-24.35302734
0.00537109,0.91015625,0.38427734,-158.2641602,-8.36181641,-23.49853516
0.00683594,0.92089844,0.41992188,-156.1889648,-9.46044922,-22.64404297
0.01757812,0.94384766,0.43505859,-151.3061523,-12.02392578,-23.19335938
0.02441406,0.91503906,0.43554688,-147.5830078,-12.87841797,-24.29199219
0.02783203,0.89648438,0.44921875,-143.9819336,-13.36669922,-24.65820312
0.02246094,0.86132812,0.48144531,-138.4887695,-12.45117188,-24.47509766
0.00048828,0.85302734,0.4765625,-133.4838867,-12.20703125,-23.86474609
-0.02001953,0.84228516,0.45117188,-130.4321289,-13.48876953,-22.94921875
-0.03417969,0.83251953,0.44189453,-128.4790039,-14.58740234,-21.05712891
-0.03125,0.80761719,0.48291016,-123.4130859,-15.74707031,-18.67675781
-0.01806641,0.79101562,0.52148438,-117.9199219,-16.05224609,-15.86914062
-0.02197266,0.81152344,0.52929688,-115.3564453,-15.625,-14.40429688
-0.02685547,0.81835938,0.52929688,-115.4785156,-14.77050781,-13.85498047
-0.02294922,0.81738281,0.54589844,-116.7602539,-13.00048828,-13.61083984
-0.01660156,0.83837891,0.55664062,-117.7368164,-11.16943359,-14.03808594
-0.00732422,0.84570312,0.55908203,-117.3706055,-8.97216797,-14.89257812
-0.00097656,0.83349609,0.56152344,-114.1357422,-7.75146484,-15.86914062
-0.00341797,0.82128906,0.54443359,-112.121582,-7.38525391,-16.84570312
-0.01171875,0.79882812,0.54882812,-111.328125,-7.69042969,-16.90673828
-0.02587891,0.78027344,0.56005859,-109.4970703,-8.7890625,-16.17431641
-0.04394531,0.76367188,0.57910156,-107.8491211,-9.21630859,-14.70947266
-0.05371094,0.75585938,0.57568359,-107.7270508,-12.57324219,-12.51220703
-0.06054688,0.72265625,0.6171875,-107.5439453,-10.13183594,-10.62011719
-0.07324219,0.71679688,0.60253906,-106.628418,-9.94873047,-7.44628906
-0.06542969,0.72216797,0.6171875,-105.2856445,-12.57324219,-4.8828125
-0.05224609,0.73193359,0.66162109,-104.1259766,-12.81738281,-2.9296875
-0.05126953,0.7421875,0.65039062,-102.4169922,-13.06152344,-1.40380859
-0.04003906,0.75976562,0.63867188,-101.9287109,-15.01464844,-0.42724609
-0.03027344,0.76660156,0.63427734,-102.9052734,-16.78466797,0.06103516
-0.015625,0.75585938,0.64013672,-102.5390625,-18.92089844,-0.12207031
-0.01806641,0.74365234,0.65380859,-102.1728516,-20.69091797,-0.85449219
-0.01171875,0.73388672,0.68115234,-100.5859375,-20.5078125,-2.07519531
-0.00976562,0.70654297,0.64501953,-96.92382812,-19.16503906,-3.35693359
0.01269531,0.65917969,0.60205078,-88.8671875,-19.71435547,-2.86865234
0.01855469,0.71289062,0.64404297,-90.20996094,-19.65332031,-2.86865234
0.00878906,0.66552734,0.67285156,-86.79199219,-20.26367188,-2.56347656
-0.03857422,0.6953125,0.70263672,-91.06445312,-18.49365234,-2.56347656
-0.04931641,0.66552734,0.69384766,-90.02685547,-17.08984375,-1.89208984
-0.05224609,0.67138672,0.70654297,-96.06933594,-17.08984375,-1.89208984
-0.05419922,0.69091797,0.67285156,-105.9570313,-20.5078125,-2.80761719
-0.02197266,0.70214844,0.67919922,-112.9150391,-20.5078125,-2.80761719
0.00732422,0.69726562,0.79150391,-128.2958984,-7.26318359,-8.17871094
-0.00097656,0.69091797,0.78857422,-128.2958984,-7.26318359,-8.17871094
-0.00830078,0.640625,0.74951172,-121.7651367,-0.85449219,-10.19287109
0.00683594,0.64111328,0.71533203,-121.7651367,-0.85449219,-10.19287109
0.00585938,0.62451172,0.74853516,-120.6054688,-0.9765625,-9.33837891
-0.01123047,0.63623047,0.78173828,-120.6054688,-0.9765625,-9.33837891
-0.04345703,0.65380859,0.86425781,-141.2963867,-0.48828125,-12.20703125
-0.07763672,0.62207031,0.83007812,-141.2963867,-0.48828125,-12.20703125
-0.06835938,0.58789062,0.79638672,-149.3530273,-1.09863281,-10.92529297
-0.03955078,0.57910156,0.79052734,-149.3530273,-1.09863281,-10.92529297
-0.00195312,0.59326172,0.71728516,-152.8320313,-9.58251953,-11.41357422
-0.03369141,0.53466797,0.82763672,-152.8320313,-9.58251953,-11.41357422
-0.06933594,0.51220703,0.7734375,-151.0009766,-10.43701172,-5.55419922
-0.08935547,0.56982422,0.83203125,-151.3671875,-11.16943359,-6.28662109
-0.0625,0.5703125,0.81787109,-147.3999023,-9.88769531,-1.34277344
-0.03808594,0.54541016,0.78759766,-147.3999023,-9.88769531,-1.34277344
-0.01806641,0.53613281,0.86669922,-141.1743164,-7.44628906,1.03759766
-0.01318359,0.52099609,0.86669922,-141.1743164,-7.44628906,1.03759766
-0.01904297,0.48779297,0.83691406,-132.5683594,-4.63867188,1.953125
-0.00732422,0.48779297,0.83691406,-132.5683594,-4.63867188,1.953125
0.00146484,0.44921875,0.82324219,-130.7373047,-3.47900391,0.61035156
0.00146484,0.44921875,0.82324219,-130.7373047,-3.47900391,0.61035156
-0.02246094,0.43652344,0.87011719,-131.8359375,0.12207031,-0.79345703
-0.02246094,0.43652344,0.87011719,-131.8359375,0.12207031,-0.79345703
-0.02929688,0.43261719,0.91503906,-132.3852539,1.03759766,-0.67138672
-0.02929688,0.43261719,0.91503906,-132.3852539,1.03759766,-0.67138672
-0.00732422,0.40039062,0.94287109,-127.6855469,-1.28173828,-1.15966797
-0.00732422,0.40039062,0.94287109,-127.6855469,-1.28173828,-1.15966797
-0.02441406,0.38769531,0.91162109,-124.0844727,-2.86865234,-0.91552734
-0.02441406,0.38769531,0.91162109,-124.0844727,-2.86865234,-0.91552734
-0.04443359,0.35302734,0.94384766,-119.6899414,-5.55419922,-0.61035156
-0.04443359,0.35302734,0.94384766,-119.6899414,-5.55419922,-0.61035156
-0.01171875,0.35693359,0.90820312,-109.7412109,-3.66210938,-0.9765625
-0.01171875,0.35693359,0.90820312,-109.7412109,-3.66210938,-0.9765625
-0.02734375,0.30761719,0.953125,-109.8632813,-0.73242188,-0.12207031
-0.02734375,0.30761719,0.953125,-109.8632813,-0.73242188,-0.12207031
-0.0234375,0.28710938,0.98828125,-103.4545898,2.25830078,-0.79345703
-0.0234375,0.28710938,0.98828125,-103.4545898,2.25830078,-0.79345703
-0.04199219,0.28466797,1.02050781,-98.44970703,0,-1.58691406
-0.04199219,0.28466797,1.02050781,-98.44970703,0,-1.58691406
-0.02490234,0.27587891,0.98193359,-97.71728516,-2.74658203,-2.13623047
-0.02490234,0.27587891,0.98193359,-97.71728516,-2.74658203,-2.13623047
-0.03613281,0.29980469,0.91210938,-97.29003906,-1.34277344,-1.89208984
-0.03613281,0.29980469,0.91210938,-97.29003906,-1.34277344,-1.89208984
-0.03515625,0.29052734,0.91015625,-97.47314453,4.82177734,1.58691406
-0.03515625,0.29052734,0.91015625,-97.47314453,4.82177734,1.58691406
-0.02001953,0.26025391,0.95996094,-101.1962891,6.22558594,3.47900391
-0.02001953,0.26025391,0.95996094,-101.1962891,6.22558594,3.47900391
-0.02880859,0.24121094,0.921875,-98.51074219,5.92041016,4.94384766
-0.02880859,0.24121094,0.921875,-98.51074219,5.92041016,4.94384766
-0.01513672,0.20117188,0.93505859,-99.42626953,10.13183594,6.77490234
-0.01513672,0.20117188,0.93505859,-99.42626953,10.13183594,6.77490234
-0.01220703,0.18798828,0.90283203,-97.22900391,15.93017578,7.44628906
-0.01220703,0.18798828,0.90283203,-97.22900391,15.93017578,7.44628906
-0.02490234,0.18310547,0.93652344,-95.09277344,21.42333984,8.54492188
-0.02490234,0.18310547,0.93652344,-95.09277344,21.42333984,8.54492188
-0.02978516,0.14941406,0.98535156,-93.56689453,25.57373047,8.54492188
-0.02978516,0.14941406,0.98535156,-93.56689453,25.57373047,8.54492188
-0.05761719,0.10839844,1.01904297,-94.23828125,25.87890625,7.69042969
-0.05761719,0.10839844,1.01904297,-94.23828125,25.87890625,7.69042969
-0.06787109,0.08789062,1.03076172,-96.86279297,26.18408203,5.92041016
-0.06787109,0.08789062,1.03076172,-96.86279297,26.18408203,5.92041016
-0.04833984,0.06982422,1.05224609,-89.41650391,25.390625,5.24902344
-0.04833984,0.06982422,1.05224609,-89.41650391,25.390625,5.24902344
-0.04492188,0.12792969,1.046875,-75.37841797,20.44677734,5.55419922
-0.04492188,0.12792969,1.046875,-75.37841797,20.44677734,5.55419922
-0.046875,0.08105469,1.06542969,-62.62207031,15.31982422,7.93457031
-0.046875,0.08105469,1.06542969,-62.62207031,15.31982422,7.93457031
-0.05664062,0.05322266,1.02099609,-57.37304688,11.59667969,7.62939453
-0.05664062,0.05322266,1.02099609,-57.37304688,11.59667969,7.62939453
-0.06494141,0.08056641,0.9765625,-44.67773438,12.6953125,8.36181641
-0.06494141,0.08056641,0.9765625,-44.67773438,12.6953125,8.36181641
-0.06005859,0.05810547,1.01269531,-33.02001953,12.81738281,8.17871094
-0.06005859,0.05810547,1.01269531,-33.02001953,12.81738281,8.17871094
-0.06396484,0.03515625,1.04492188,-27.52685547,9.88769531,6.28662109
-0.06396484,0.03515625,1.04492188,-27.52685547,9.88769531,6.28662109
-0.07666016,0.03662109,1.05126953,-25.26855469,5.61523438,3.96728516
-0.07666016,0.03662109,1.05126953,-25.26855469,5.61523438,3.96728516
-0.07958984,0.03759766,1.05322266,-23.07128906,3.54003906,2.38037109
-0.07958984,0.03759766,1.05322266,-23.07128906,3.54003906,2.38037109
-0.07226562,0.02246094,1.04589844,-19.16503906,4.27246094,1.09863281
-0.07226562,0.02246094,1.04589844,-19.16503906,4.27246094,1.09863281
-0.07421875,0.02832031,1.05957031,-15.44189453,4.8828125,-0.48828125
-0.07421875,0.02832031,1.05957031,-15.44189453,4.8828125,-0.48828125
-0.07763672,0.02587891,1.05761719,-12.08496094,3.96728516,-1.89208984
-0.07763672,0.02587891,1.05761719,-12.08496094,3.96728516,-1.89208984
-0.07763672,0.03808594,1.03515625,-9.94873047,3.05175781,-2.31933594
-0.07763672,0.03808594,1.03515625,-9.94873047,3.05175781,-2.31933594
-0.08789062,-0.00244141,1.06347656,-8.48388672,1.34277344,-3.35693359
-0.08789062,-0.00244141,1.06347656,-8.48388672,1.34277344,-3.35693359
-0.09130859,0.01025391,1.06347656,-7.01904297,-1.03759766,-4.69970703
-0.09130859,0.01025391,1.06347656,-7.01904297,-1.03759766,-4.69970703
-0.10839844,0.08251953,1.05615234,-5.49316406,-3.17382812,-3.54003906
-0.10839844,0.08251953,1.05615234,-5.49316406,-3.17382812,-3.54003906
-0.05712891,0.03515625,1.02734375,-4.33349609,-4.82177734,-2.01416016
-0.05712891,0.03515625,1.02734375,-4.33349609,-4.82177734,-2.01416016
-0.09375,0.03613281,0.98681641,-5.73730469,-2.50244141,-1.46484375
-0.09375,0.03613281,0.98681641,-5.73730469,-2.50244141,-1.46484375
-0.09326172,0.00976562,1.01123047,-3.47900391,-0.30517578,-0.24414062
-0.09326172,0.00976562,1.01123047,-3.47900391,-0.30517578,-0.24414062
-0.08935547,0.03076172,1.01123047,-2.07519531,0.9765625,0.24414062
-0.08935547,0.03076172,1.01123047,-2.07519531,0.9765625,0.24414062
-0.08691406,0.05566406,0.98730469,-5.00488281,1.52587891,1.52587891
-0.08691406,0.05566406,0.98730469,-5.00488281,1.52587891,1.52587891
-0.08496094,0.04101562,0.95703125,-5.92041016,2.56347656,2.25830078
-0.08496094,0.04101562,0.95703125,-5.92041016,2.56347656,2.25830078
-0.10107422,0.046875,0.953125,-6.71386719,7.93457031,3.66210938
-0.10107422,0.046875,0.953125,-6.71386719,7.93457031,3.66210938
-0.09912109,0.03222656,0.97802734,-7.50732422,10.00976562,4.15039062
-0.09667969,0.01513672,0.98583984,-8.11767578,10.80322266,4.08935547
-0.06835938,-0.01416016,1.02392578,-10.55908203,9.46044922,2.80761719
-0.06835938,-0.01416016,1.02392578,-10.55908203,9.46044922,2.80761719
-0.11572266,0.06689453,1.0234375,-9.70458984,3.41796875,2.56347656
-0.11572266,0.06689453,1.0234375,-9.70458984,3.41796875,2.56347656
-0.07519531,0.01855469,1.01367188,-8.60595703,0.73242188,3.54003906
-0.07519531,0.01855469,1.01367188,-8.60595703,0.73242188,3.54003906
-0.08398438,0.03222656,1.00390625,-6.46972656,-0.79345703,3.47900391
-0.08398438,0.03222656,1.00390625,-6.46972656,-0.79345703,3.47900391
-0.08398438,0.01123047,1.015625,-4.51660156,-1.22070312,4.63867188
-0.08398438,0.01123047,1.015625,-4.51660156,-1.22070312,4.63867188
-0.10205078,-0.00634766,1.02783203,-1.46484375,-3.78417969,3.84521484
-0.10205078,-0.00634766,1.02783203,-1.46484375,-3.78417969,3.84521484
-0.09912109,0.03125,0.97363281,-1.28173828,-2.9296875,4.94384766
-0.09912109,0.03125,0.97363281,-1.28173828,-2.9296875,4.94384766
-0.08056641,0.02587891,0.97900391,-2.07519531,-1.64794922,5.859375
-0.08056641,0.02587891,0.97900391,-2.07519531,-1.64794922,5.859375
-0.05810547,0.02636719,0.97949219,-1.953125,-0.9765625,5.859375
-0.05810547,0.02636719,0.97949219,-1.953125,-0.9765625,5.859375
-0.03662109,0.02392578,1,-1.28173828,-2.50244141,4.21142578
-0.03662109,0.02392578,1,-1.28173828,-2.50244141,4.21142578
-0.07470703,0.01416016,0.9921875,-0.61035156,-3.90625,2.01416016
-0.07470703,0.01416016,0.9921875,-0.61035156,-3.90625,2.01416016
-0.08984375,0.02685547,0.98193359,0.9765625,-3.11279297,2.13623047
-0.08984375,0.02685547,0.98193359,0.9765625,-3.11279297,2.13623047
-0.07275391,0.03222656,0.98046875,1.09863281,-1.58691406,2.9296875
-0.07275391,0.03222656,0.98046875,1.09863281,-1.58691406,2.9296875
-0.04589844,0.02539062,0.99023438,-0.48828125,-2.86865234,1.953125
-0.04589844,0.02539062,0.99023438,-0.48828125,-2.86865234,1.953125
-0.08544922,0.00341797,0.97558594,-1.09863281,-3.23486328,0.73242188
-0.08544922,0.00341797,0.97558594,-1.09863281,-3.23486328,0.73242188
-0.09619141,0.00488281,0.99511719,-0.54931641,-2.68554688,0.36621094
-0.09619141,0.00488281,0.99511719,-0.54931641,-2.68554688,0.36621094
-0.08691406,0.01464844,0.99560547,-1.03759766,-3.41796875,0.30517578
-0.08691406,0.01464844,0.99560547,-1.03759766,-3.41796875,0.30517578
-0.07910156,0.03076172,0.96923828,-4.69970703,-4.33349609,0.42724609
-0.07910156,0.03076172,0.96923828,-4.69970703,-4.33349609,0.42724609
-0.07519531,0.03759766,0.9609375,-6.59179688,-4.57763672,3.11279297
-0.07519531,0.03759766,0.9609375,-6.59179688,-4.57763672,3.11279297
-0.08398438,-0.00244141,0.99121094,-6.53076172,-4.94384766,3.66210938
-0.08398438,-0.00244141,0.99121094,-6.53076172,-4.94384766,3.66210938
-0.09619141,0.01904297,1.00634766,-5.49316406,-6.8359375,4.39453125
-0.09619141,0.01904297,1.00634766,-5.49316406,-6.8359375,4.39453125
-0.08642578,0.01953125,0.9921875,-5.43212891,-7.87353516,5.49316406
-0.08642578,0.01953125,0.9921875,-5.43212891,-7.87353516,5.49316406
-0.07519531,0.04199219,1.00097656,-5.55419922,-8.11767578,7.01904297
-0.07519531,0.04199219,1.00097656,-5.55419922,-8.11767578,7.01904297
-0.0625,0.02832031,0.98779297,-4.8828125,-6.89697266,7.69042969
-0.0625,0.02832031,0.98779297,-4.8828125,-6.89697266,7.69042969
-0.08007812,-0.00390625,1.00976562,-2.38037109,-6.28662109,7.69042969
-0.08007812,-0.00390625,1.00976562,-2.38037109,-6.28662109,7.69042969
-0.09814453,0.02441406,1.01464844,0,-7.99560547,8.66699219
-0.09814453,0.02441406,1.01464844,0,-7.99560547,8.66699219
-0.07275391,0.01611328,1.01269531,-0.73242188,-10.55908203,10.55908203
-0.07275391,0.01611328,1.01269531,-0.73242188,-10.55908203,10.55908203
-0.04931641,0.01025391,1.00878906,-2.86865234,-13.36669922,9.33837891
-0.04931641,0.01025391,1.00878906,-2.86865234,-13.36669922,9.33837891
-0.06347656,0.00146484,0.99853516,-4.94384766,-13.61083984,8.05664062
-0.06347656,0.00146484,0.99853516,-4.94384766,-13.61083984,8.05664062
-0.07714844,-0.02490234,1.04882812,-5.55419922,-15.38085938,7.32421875
-0.07714844,-0.02490234,1.04882812,-5.55419922,-15.38085938,7.32421875
-0.08398438,-0.01367188,1.04589844,-5.55419922,-21.54541016,7.62939453
-0.08398438,-0.01367188,1.04589844,-5.55419922,-24.29199219,7.93457031
-0.08496094,-0.00830078,1.04101562,-7.50732422,-27.09960938,8.11767578
-0.08496094,-0.00830078,1.04101562,-9.39941406,-29.96826172,8.72802734
-0.04980469,-0.015625,1.03613281,-11.10839844,-32.40966797,9.39941406
-0.04980469,-0.015625,1.03613281,-11.41357422,-35.33935547,8.48388672
-0.04101562,-0.03808594,1.078125,-10.62011719,-39.24560547,6.95800781
-0.04101562,-0.03808594,1.078125,-10.7421875,-42.90771484,5.98144531
-0.05517578,-0.03857422,1.08544922,-11.96289062,-46.02050781,5.61523438
-0.05517578,-0.03857422,1.08544922,-12.39013672,-50.23193359,5.24902344
-0.06689453,-0.02392578,1.07617188,-15.01464844,-55.05371094,5.37109375
-0.06689453,-0.02392578,1.08056641,-17.88330078,-60.85205078,4.02832031
-0.00634766,-0.0390625,1.07275391,-16.47949219,-66.10107422,2.31933594
0.01269531,-0.04248047,1.07080078,-14.70947266,-70.06835938,0.54931641
0.02294922,-0.04150391,1.06103516,-14.70947266,-72.57080078,-1.953125
0.02197266,-0.04199219,1.04394531,-14.03808594,-74.21875,-4.08935547
0.0234375,-0.02636719,1.02148438,-14.03808594,-75.01220703,-5.98144531
0.01708984,-0.01416016,1.01367188,-13.61083984,-74.89013672,-6.8359375
0.02294922,-0.01660156,1.00146484,-13.24462891,-74.27978516,-7.32421875
0.03759766,-0.01025391,0.98779297,-13.06152344,-73.12011719,-7.69042969
0.02978516,-0.00097656,0.96484375,-13.00048828,-71.35009766,-7.75146484
0.04492188,-0.00048828,0.96044922,-12.81738281,-69.09179688,-7.20214844
0.05224609,0.00146484,0.96533203,-12.57324219,-67.32177734,-6.8359375
0.04736328,0.01611328,0.94824219,-12.45117188,-65.61279297,-6.22558594
0.05761719,0.01953125,0.91113281,-13.00048828,-62.56103516,-5.24902344
0.06591797,0.02001953,0.92138672,-14.28222656,-58.71582031,-4.08935547
0.05908203,0.00390625,0.93603516,-15.38085938,-55.11474609,-3.23486328
0.08251953,-0.01074219,0.98242188,-17.02880859,-52.49023438,-2.99072266
0.09130859,-0.01513672,1.02441406,-18.18847656,-52.18505859,-3.90625
0.07763672,-0.02148438,1.00488281,-18.98193359,-52.55126953,-5.00488281
0.08154297,-0.0234375,0.98681641,-19.34814453,-51.69677734,-5.73730469
0.07617188,-0.02832031,1.01416016,-18.31054688,-51.87988281,-6.16455078
0.07128906,-0.03564453,1.00244141,-16.23535156,-53.16162109,-6.40869141
0.08251953,-0.03125,0.99023438,-14.83154297,-54.19921875,-6.40869141
0.09277344,-0.03173828,0.99121094,-13.18359375,-55.41992188,-6.16455078
0.10644531,-0.04345703,1.0234375,-12.02392578,-58.10546875,-6.40869141
0.11621094,-0.046875,1.02050781,-11.96289062,-61.58447266,-7.14111328
0.1328125,-0.04833984,1.03613281,-12.81738281,-65.24658203,-8.23974609
0.14013672,-0.05029297,1.03320312,-14.40429688,-69.09179688,-9.58251953
0.13085938,-0.04345703,1.03857422,-16.54052734,-72.63183594,-10.68115234
0.12402344,-0.03759766,1.04199219,-19.10400391,-76.29394531,-10.98632812
0.14208984,-0.04589844,1.02587891,-21.05712891,-78.97949219,-11.29150391
0.15820312,-0.04248047,1.03466797,-22.03369141,-82.15332031,-11.59667969
0.17431641,-0.05029297,1.03222656,-21.60644531,-85.32714844,-12.32910156
0.17919922,-0.05859375,1.00878906,-21.05712891,-87.70751953,-13.54980469
0.18408203,-0.0625,0.99658203,-20.14160156,-88.98925781,-14.58740234
0.18408203,-0.05859375,0.9921875,-19.16503906,-90.39306641,-15.50292969
0.1796875,-0.04492188,0.96044922,-17.21191406,-89.90478516,-15.74707031
0.17431641,-0.04492188,0.93798828,-15.19775391,-86.97509766,-15.19775391
0.17626953,-0.04101562,0.93164062,-12.63427734,-83.49609375,-14.28222656
0.171875,-0.02050781,0.96435547,-10.25390625,-78.97949219,-13.24462891
0.18847656,-0.03955078,0.95214844,-7.26318359,-75.1953125,-12.08496094
0.21679688,-0.05273438,1.02148438,-4.21142578,-70.98388672,-12.14599609
0.22363281,-0.05078125,1.05029297,0,-71.59423828,-12.26806641
0.23339844,-0.0625,1.00585938,3.60107422,-69.88525391,-12.75634766
0.24707031,-0.07470703,1.07324219,5.73730469,-71.16699219,-13.91601562
0.25585938,-0.08300781,1.01904297,8.60595703,-73.79150391,-15.38085938
0.25146484,-0.06542969,1.10986328,11.23046875,-75.31738281,-16.78466797
0.24560547,-0.05078125,1.10009766,15.56396484,-84.16748047,-16.84570312
0.26025391,-0.06347656,1.03271484,18.5546875,-84.59472656,-17.82226562
0.25048828,-0.03808594,1.18798828,21.85058594,-92.52929688,-17.63916016
0.23583984,-0.02685547,1.11328125,25.57373047,-99.91455078,-16.84570312
0.25341797,-0.03417969,0.98339844,27.16064453,-101.8066406,-14.77050781
0.2734375,-0.02246094,0.9921875,27.89306641,-99.36523438,-14.77050781
0.24658203,0.01220703,1.25048828,39.85595703,-113.8916016,-11.29150391
0.25439453,0.01904297,1.11767578,39.85595703,-113.8916016,-11.29150391
0.27587891,-0.01025391,0.98339844,41.9921875,-109.1918945,-8.17871094
0.31347656,-0.02929688,0.82128906,41.9921875,-109.1918945,-8.17871094
0.32470703,-0.00048828,1.01123047,44.921875,-116.2719727,-7.69042969
0.30078125,0.04980469,1.06005859,44.921875,-116.2719727,-7.69042969
0.31298828,0.01123047,0.85058594,44.12841797,-114.074707,-4.69970703
0.31738281,-0.00634766,0.82666016,44.12841797,-114.074707,-4.69970703
0.32226562,0.00830078,0.84326172,43.76220703,-111.328125,-3.17382812
0.37939453,0.0078125,0.76269531,43.76220703,-111.328125,-3.17382812
0.40136719,0.04199219,0.97949219,45.28808594,-104.0039063,-3.41796875
0.36669922,0.04199219,0.97949219,45.28808594,-104.0039063,-3.41796875
0.42578125,0.00585938,0.88720703,45.41015625,-105.8349609,-2.80761719
0.42578125,0.00585938,0.88720703,45.41015625,-105.8349609,-2.80761719
0.46679688,0.00195312,0.81445312,43.21289062,-104.675293,-4.82177734
0.46679688,0.00195312,0.81445312,43.21289062,-104.675293,-4.82177734
0.44482422,0.04980469,0.875,44.61669922,-109.375,-5.06591797
0.44482422,0.04980469,0.875,44.61669922,-109.375,-5.06591797
0.45458984,0.04052734,0.94677734,40.34423828,-108.4594727,-5.37109375
0.45458984,0.04052734,0.94677734,40.34423828,-108.4594727,-5.37109375
0.46191406,0.05908203,0.78662109,39.18457031,-109.1918945,-4.33349609
0.46191406,0.05908203,0.78662109,39.18457031,-109.1918945,-4.33349609
0.4375,0.07666016,0.85107422,40.34423828,-109.0087891,-1.15966797
0.4375,0.07666016,0.85107422,40.34423828,-109.0087891,-1.15966797
0.48779297,0.05615234,0.77148438,36.19384766,-103.7597656,1.40380859
0.48779297,0.05615234,0.77148438,36.19384766,-103.7597656,1.40380859
0.50878906,0.06835938,0.73095703,29.54101562,-93.50585938,2.13623047
0.50878906,0.06835938,0.73095703,29.54101562,-93.50585938,2.13623047
0.52294922,0.04785156,0.76074219,23.92578125,-87.09716797,3.35693359
0.52294922,0.04785156,0.76074219,23.92578125,-87.09716797,3.35693359
0.53125,0.07226562,0.80419922,19.59228516,-89.05029297,4.39453125
0.53125,0.07226562,0.80419922,19.59228516,-89.05029297,4.39453125
0.56396484,0.07373047,0.72412109,11.10839844,-85.14404297,6.04248047
0.56396484,0.07373047,0.72412109,11.10839844,-85.14404297,6.04248047
0.58544922,0.05615234,0.72216797,4.33349609,-79.40673828,5.43212891
0.58544922,0.05615234,0.72216797,4.33349609,-79.40673828,5.43212891
0.58105469,0.0546875,0.73974609,0.48828125,-76.29394531,3.47900391
0.58105469,0.0546875,0.73974609,0.48828125,-76.29394531,3.47900391
0.57324219,0.06347656,0.7109375,-1.70898438,-68.90869141,3.17382812
0.57324219,0.06347656,0.7109375,-1.70898438,-68.90869141,3.17382812
0.58984375,0.06103516,0.73046875,-2.9296875,-63.78173828,3.23486328
0.58984375,0.06103516,0.73046875,-2.9296875,-63.78173828,3.23486328
0.60302734,0.06347656,0.74169922,-3.96728516,-59.99755859,3.35693359
0.60302734,0.06347656,0.74169922,-3.96728516,-59.99755859,3.35693359
0.61523438,0.05664062,0.77246094,-4.27246094,-60.48583984,3.35693359
0.61523438,0.05664062,0.77246094,-4.27246094,-60.48583984,3.35693359
0.64208984,0.05078125,0.76464844,-5.18798828,-64.69726562,2.44140625
0.64208984,0.05078125,0.76464844,-5.18798828,-64.69726562,2.44140625
0.66845703,0.05859375,0.75683594,-4.76074219,-68.78662109,0.48828125
0.66845703,0.05859375,0.75683594,-4.76074219,-68.78662109,0.48828125
0.65429688,0.08251953,0.73339844,-2.80761719,-68.78662109,-1.58691406
0.65429688,0.08251953,0.73339844,-2.80761719,-68.78662109,-1.58691406
0.65576172,0.07226562,0.76074219,-0.12207031,-68.48144531,0.36621094
0.65576172,0.07226562,0.76074219,-0.12207031,-68.48144531,0.36621094
0.69189453,0.05371094,0.77392578,-2.07519531,-73.12011719,0
0.69189453,0.05371094,0.77392578,-2.07519531,-73.12011719,0
0.66357422,0.07128906,0.74951172,-6.46972656,-80.01708984,0.85449219
0.66357422,0.07128906,0.74951172,-6.46972656,-80.01708984,0.85449219
0.66748047,0.08251953,0.72558594,-7.8125,-82.51953125,3.47900391
0.66748047,0.08251953,0.72558594,-7.8125,-82.51953125,3.47900391
0.68554688,0.07080078,0.67675781,-8.7890625,-81.23779297,5.24902344
0.68554688,0.07080078,0.67675781,-8.7890625,-81.23779297,5.24902344
0.66113281,0.07324219,0.66357422,-8.05664062,-79.89501953,6.77490234
0.66113281,0.07324219,0.66357422,-8.05664062,-79.89501953,6.77490234
0.71337891,0.04882812,0.69384766,-7.01904297,-80.56640625,9.64355469
0.71337891,0.04882812,0.69384766,-7.01904297,-80.56640625,9.64355469
0.75830078,0.05615234,0.73046875,-5.31005859,-82.33642578,10.25390625
0.75830078,0.05615234,0.73046875,-5.31005859,-82.33642578,10.25390625
0.76171875,0.05908203,0.66552734,-0.67138672,-86.18164062,9.27734375
0.76171875,0.05908203,0.66552734,-0.67138672,-86.18164062,9.27734375
0.76171875,0.06640625,0.68896484,0.06103516,-88.74511719,8.30078125
0.76171875,0.06640625,0.68896484,0.06103516,-88.74511719,8.30078125
0.765625,0.06494141,0.62841797,0.12207031,-90.27099609,7.93457031
0.765625,0.06494141,0.62841797,0.12207031,-90.27099609,7.93457031
0.765625,0.06494141,0.62841797,0.12207031,-90.27099609,7.93457031
0.77392578,0.03564453,0.64404297,0.36621094,-91.85791016,7.44628906
0.76074219,0.03466797,0.60644531,-2.80761719,-90.63720703,7.01904297
0.76074219,0.03466797,0.60644531,-2.80761719,-90.63720703,7.01904297
0.76708984,0.05615234,0.59912109,-4.8828125,-90.33203125,7.08007812
0.76708984,0.05615234,0.59912109,-4.8828125,-90.33203125,7.08007812
0.78759766,0.0546875,0.56152344,-3.90625,-92.28515625,6.53076172
0.78759766,0.0546875,0.56152344,-3.90625,-92.28515625,6.53076172
0.79638672,0.04736328,0.52050781,-4.82177734,-90.45410156,5.55419922
0.79638672,0.04736328,0.52050781,-4.82177734,-90.45410156,5.55419922
0.80957031,0.02294922,0.53027344,-5.18798828,-87.58544922,4.45556641
0.80957031,0.02294922,0.53027344,-5.18798828,-87.58544922,4.45556641
0.81347656,0.00976562,0.54052734,-9.765625,-84.65576172,3.84521484
0.81347656,0.00976562,0.54052734,-9.765625,-84.65576172,3.84521484
0.83447266,0.03076172,0.54443359,-11.47460938,-81.54296875,4.21142578
0.83447266,0.03076172,0.54443359,-11.47460938,-81.54296875,4.21142578
0.81738281,0.04394531,0.52246094,-11.59667969,-78.79638672,4.63867188
0.81738281,0.04394531,0.52246094,-11.59667969,-78.79638672,4.63867188
0.81884766,0.06933594,0.57226562,-7.75146484,-81.66503906,6.89697266
0.81884766,0.06933594,0.57226562,-7.75146484,-81.66503906,6.89697266
0.87060547,0.04003906,0.50390625,-5.00488281,-86.9140625,7.14111328
0.87060547,0.04003906,0.50390625,-5.00488281,-86.9140625,7.14111328
0.89013672,0.03173828,0.46289062,-7.20214844,-89.23339844,5.31005859
0.89013672,0.03173828,0.46289062,-7.20214844,-89.23339844,5.31005859
0.89599609,0.00244141,0.46777344,-13.48876953,-91.12548828,3.35693359
0.89599609,0.00244141,0.46777344,-13.48876953,-91.12548828,3.35693359
0.89599609,0.00244141,0.46777344,-13.48876953,-91.12548828,2.19726562
0.89599609,0.03222656,0.44091797,-16.90673828,-91.85791016,1.40380859
0.88964844,0.04296875,0.41210938,-17.39501953,-87.21923828,1.22070312
0.88964844,0.04296875,0.41210938,-17.39501953,-87.21923828,1.22070312
0.88964844,0.04296875,0.41210938,-15.99121094,-85.20507812,1.22070312
0.88427734,0.03857422,0.46728516,-13.73291016,-84.71679688,1.22070312
0.88476562,0.04345703,0.47119141,-7.26318359,-86.73095703,1.52587891
0.88476562,0.04345703,0.47119141,-7.26318359,-86.73095703,1.52587891
0.88476562,0.04345703,0.47119141,-4.63867188,-88.19580078,1.58691406
0.90478516,0.03564453,0.43457031,-2.74658203,-89.29443359,1.40380859
0.89892578,0.03857422,0.46044922,0.18310547,-94.66552734,2.13623047
0.89892578,0.03857422,0.46044922,0.18310547,-94.66552734,2.13623047
0.89892578,0.04052734,0.43408203,1.83105469,-97.41210938,2.68554688
0.91894531,0.03808594,0.39794922,3.11279297,-99.30419922,2.99072266
0.94482422,0.02441406,0.33203125,2.07519531,-99.85351562,3.47900391
0.94482422,0.02441406,0.33203125,2.07519531,-99.85351562,3.47900391
0.95849609,0.01806641,0.30078125,-0.67138672,-98.08349609,3.41796875
0.953125,0.02197266,0.31347656,-3.29589844,-95.94726562,3.66210938
0.94140625,0.03125,0.35400391,-3.84521484,-94.29931641,5.00488281
0.94140625,0.03125,0.35400391,-3.84521484,-94.29931641,5.00488281
0.94091797,0.03222656,0.31396484,-3.23486328,-93.01757812,5.55419922
0.94238281,0.02246094,0.29003906,-3.05175781,-89.96582031,6.16455078
0.93261719,0.03955078,0.32177734,-1.52587891,-84.41162109,7.69042969
0.93261719,0.03955078,0.32177734,-1.52587891,-84.41162109,7.69042969
0.95458984,0.015625,0.34863281,1.03759766,-83.25195312,9.15527344
0.95556641,0.03125,0.32910156,3.72314453,-83.67919922,10.13183594
0.96044922,0.03515625,0.27929688,9.88769531,-85.81542969,9.39941406
0.96044922,0.03515625,0.27929688,9.88769531,-85.81542969,9.39941406
0.95458984,0.03125,0.265625,11.04736328,-86.9140625,8.85009766
0.95166016,0.02685547,0.25195312,11.77978516,-87.70751953,8.36181641
0.96289062,0.03417969,0.20166016,12.14599609,-91.18652344,8.48388672
0.96289062,0.03417969,0.20166016,12.14599609,-91.18652344,8.48388672
0.97021484,0.04052734,0.19238281,11.96289062,-94.29931641,8.23974609
0.96923828,0.03466797,0.18994141,10.43701172,-95.58105469,8.17871094
1.00683594,0.03369141,0.14599609,3.41796875,-94.23828125,6.34765625
1.00683594,0.03369141,0.14599609,3.41796875,-94.23828125,6.34765625
1.01855469,0.03417969,0.12597656,-1.40380859,-94.17724609,5.06591797
1.02734375,0.04589844,0.11669922,-4.82177734,-95.82519531,3.35693359
1.02148438,0.02832031,0.17236328,-6.89697266,-99.24316406,0.91552734
1.02148438,0.02832031,0.17236328,-6.89697266,-99.24316406,0.91552734
0.99902344,0.01464844,0.20996094,-6.8359375,-98.6328125,0.67138672
0.9765625,-0.00390625,0.24804688,-6.16455078,-95.33691406,0.9765625
0.96777344,-0.00097656,0.29833984,-6.10351562,-82.58056641,1.09863281
0.96777344,-0.00097656,0.29833984,-6.10351562,-82.58056641,1.09863281
0.96875,-0.00048828,0.29492188,-5.49316406,-73.97460938,0.36621094
0.96875,0.01123047,0.25830078,-4.63867188,-65.91796875,-0.67138672
0.97705078,0.02050781,0.19384766,-2.31933594,-54.62646484,-2.07519531
0.97705078,0.02050781,0.19384766,-2.31933594,-54.62646484,-2.07519531
0.99462891,0.02587891,0.15283203,-1.03759766,-52.18505859,-2.56347656
1.00390625,0.02539062,0.10595703,0,-52.734375,-3.17382812
1.00146484,0.01367188,0.09472656,-0.85449219,-57.55615234,-3.54003906
1.00146484,0.01367188,0.09472656,-0.85449219,-57.55615234,-3.54003906
0.99365234,0.01708984,0.1171875,-2.25830078,-56.640625,-3.35693359
0.99902344,0.02148438,0.13574219,-3.72314453,-52.91748047,-3.54003906
0.99902344,0.01269531,0.15039062,-6.04248047,-42.96875,-5.06591797
0.99902344,0.01269531,0.15039062,-6.04248047,-42.96875,-5.06591797
1.00048828,0.015625,0.13916016,-6.53076172,-38.20800781,-5.43212891
1.00341797,0.01708984,0.13427734,-5.98144531,-34.72900391,-5.67626953
0.99414062,0.01171875,0.13964844,-2.9296875,-29.96826172,-5.00488281
0.99414062,0.01171875,0.13964844,-2.9296875,-29.96826172,-5.00488281
0.99511719,0.01025391,0.14697266,-0.85449219,-27.64892578,-4.39453125
0.99365234,0.01171875,0.16113281,1.15966797,-24.23095703,-3.84521484
1,0.00439453,0.17675781,4.69970703,-15.50292969,-2.86865234
1,0.00439453,0.17675781,4.69970703,-15.50292969,-2.86865234
1.01025391,0.00976562,0.171875,5.67626953,-10.62011719,-2.56347656
1.015625,0.01904297,0.1484375,6.04248047,-6.22558594,-2.80761719
1.00683594,0.03662109,0.09716797,5.73730469,-0.18310547,-3.41796875
1.00683594,0.03662109,0.09716797,5.73730469,-0.18310547,-3.41796875
1.01025391,0.04589844,0.08740234,4.76074219,2.74658203,-3.96728516
1.01757812,0.04589844,0.07128906,3.72314453,5.49316406,-5.06591797
1.01953125,0.02734375,0.06494141,1.34277344,7.62939453,-6.65283203
1.01953125,0.02734375,0.06494141,1.34277344,7.62939453,-6.65283203
1.00439453,0.01220703,0.07421875,1.22070312,7.20214844,-6.95800781
0.99902344,0.00146484,0.08349609,1.40380859,6.22558594,-6.28662109
1.01269531,0.02832031,0.09619141,2.13623047,4.8828125,-4.57763672
1.01269531,0.02832031,0.09619141,2.13623047,4.8828125,-4.57763672
1.01025391,0.02587891,0.09765625,2.9296875,5.61523438,-3.84521484
1.01123047,0.02392578,0.09082031,3.84521484,6.40869141,-3.05175781
1.01123047,0.02392578,0.09082031,3.84521484,6.40869141,-3.05175781
0.99658203,0.02539062,0.08886719,6.89697266,5.49316406,-1.46484375
0.99658203,0.02539062,0.08886719,6.89697266,5.49316406,-1.46484375
0.97363281,-0.00439453,0.07910156,14.16015625,1.46484375,2.01416016
0.97363281,-0.00439453,0.07910156,14.16015625,1.46484375,2.01416016
0.98828125,-0.01318359,0.11328125,14.95361328,-1.40380859,5.31005859
0.98828125,-0.01318359,0.11328125,14.95361328,-1.40380859,5.31005859
0.98779297,0.02001953,0.08935547,11.47460938,2.74658203,6.40869141
0.98779297,0.02001953,0.08935547,11.47460938,2.74658203,6.40869141
0.97802734,0.02636719,0.10351562,9.15527344,7.14111328,7.01904297
0.97802734,0.02636719,0.10351562,9.15527344,7.14111328,7.01904297
0.98144531,0.03417969,0.11376953,7.01904297,14.03808594,6.95800781
0.98144531,0.03417969,0.11376953,7.01904297,14.03808594,6.95800781
1.00537109,0.03759766,0.11621094,5.55419922,21.24023438,5.859375
1.00537109,0.03759766,0.11621094,5.55419922,21.24023438,5.859375
1.03759766,0.03955078,0.10107422,2.19726562,27.77099609,3.84521484
1.03759766,0.03955078,0.10107422,2.19726562,27.77099609,3.84521484
1.03320312,0.01269531,0.11230469,-0.24414062,30.63964844,2.44140625
1.03320312,0.01269531,0.11230469,-0.24414062,30.63964844,2.44140625
1.03515625,0.02050781,0.13818359,-4.27246094,34.30175781,0.9765625
1.03515625,0.02050781,0.13818359,-4.27246094,34.30175781,0.9765625
1.02099609,0.03417969,0.11962891,-5.73730469,37.96386719,-1.34277344
1.02099609,0.03417969,0.11962891,-5.73730469,37.96386719,-1.34277344
0.9921875,0.03320312,0.11572266,-3.72314453,37.47558594,-1.83105469
0.9921875,0.03320312,0.11572266,-3.72314453,37.47558594,-1.83105469
0.96972656,0.02050781,0.15332031,1.77001953,36.01074219,-0.42724609
0.96972656,0.02050781,0.15332031,1.77001953,36.01074219,-0.42724609
0.96972656,-0.00732422,0.19140625,5.31005859,39.0625,1.58691406
0.96972656,-0.00732422,0.19140625,5.31005859,39.0625,1.58691406
1,-0.00195312,0.19921875,2.19726562,50.10986328,2.9296875
1,-0.00195312,0.19921875,2.19726562,50.10986328,2.9296875
1.00244141,0.02392578,0.16064453,-0.85449219,57.92236328,1.70898438
1.00244141,0.02392578,0.16064453,-0.85449219,57.92236328,1.70898438
0.99169922,0.02539062,0.15966797,-1.77001953,60.91308594,1.09863281
0.99169922,0.02539062,0.15966797,-1.77001953,60.91308594,1.09863281
0.97949219,0.02001953,0.16552734,-0.85449219,61.64550781,1.34277344
0.97949219,0.02001953,0.16552734,-0.85449219,61.64550781,1.34277344
0.98535156,0.02001953,0.16259766,-2.44140625,64.20898438,1.70898438
0.98535156,0.02001953,0.16259766,-2.44140625,64.20898438,1.70898438
1,0.00097656,0.18359375,-10.86425781,72.14355469,1.22070312
1,0.00097656,0.18359375,-10.86425781,72.14355469,1.22070312
1.02148438,0.00878906,0.24414062,-22.94921875,85.02197266,-0.67138672
1.02148438,0.00878906,0.24414062,-22.94921875,85.02197266,-0.67138672
1.01367188,0.02539062,0.22460938,-40.89355469,102.2949219,-5.12695312
1.01367188,0.02539062,0.22460938,-40.89355469,102.2949219,-5.12695312
1.01953125,0.02050781,0.20605469,-52.61230469,115.7836914,-8.23974609
1.01953125,0.02050781,0.20605469,-52.61230469,115.7836914,-8.23974609
0.98193359,0.02148438,0.23876953,-54.80957031,119.4458008,-9.21630859
0.98193359,0.02148438,0.23876953,-54.80957031,119.4458008,-9.21630859
0.94628906,0.03955078,0.28759766,-48.03466797,112.3657227,-7.87353516
0.94628906,0.03955078,0.28759766,-48.03466797,112.3657227,-7.87353516
0.93261719,0.03417969,0.34179688,-32.53173828,103.8208008,-5.31005859
0.93261719,0.03417969,0.34179688,-32.53173828,103.8208008,-5.31005859
0.92529297,0.03369141,0.35644531,-16.05224609,98.20556641,-1.58691406
0.92529297,0.03369141,0.35644531,-16.05224609,98.20556641,-1.58691406
0.92626953,0.04296875,0.34326172,-3.11279297,93.62792969,1.09863281
0.92626953,0.04296875,0.34326172,-3.11279297,93.62792969,1.09863281
0.93164062,0.04101562,0.3203125,3.54003906,91.61376953,2.07519531
0.93164062,0.04101562,0.3203125,3.54003906,91.61376953,2.07519531
0.94580078,0.04980469,0.31591797,7.62939453,87.70751953,0.85449219
0.94580078,0.04980469,0.31591797,7.62939453,87.70751953,0.85449219
0.93554688,0.02783203,0.36425781,8.48388672,86.66992188,-0.42724609
0.93554688,0.02783203,0.36425781,8.48388672,86.66992188,-0.42724609
0.93164062,0.00488281,0.421875,6.28662109,90.88134766,-0.79345703
0.93164062,0.00488281,0.421875,6.28662109,90.88134766,-0.79345703
0.91064453,0.01416016,0.44677734,5.18798828,96.86279297,0.67138672
0.91064453,0.01416016,0.44677734,5.18798828,96.86279297,0.9765625
0.91210938,0.01269531,0.47265625,4.51660156,105.7128906,1.09863281
0.91210938,0.01269531,0.47265625,4.51660156,110.9008789,1.22070312
0.91113281,0.01025391,0.48486328,3.47900391,115.4785156,1.28173828
0.91113281,0.01025391,0.48486328,3.47900391,118.4082031,1.46484375
0.90185547,0.00976562,0.47167969,4.63867188,119.3237305,1.77001953
0.90185547,0.00976562,0.47167969,7.01904297,117.0043945,1.89208984
0.89941406,0.02099609,0.47753906,10.68115234,112.8540039,2.01416016
0.89941406,0.02099609,0.47753906,14.58740234,108.7036133,2.31933594
0.91064453,0.01367188,0.50244141,17.45605469,105.46875,2.44140625
0.91064453,0.01367188,0.50244141,19.28710938,102.9663086,2.25830078
0.91064453,0.02880859,0.53125,20.62988281,100.9521484,1.89208984
0.91064453,0.02880859,0.53125,20.14160156,101.4404297,1.34277344
0.90283203,0.02246094,0.54052734,17.70019531,104.675293,0.54931641
0.90283203,0.02246094,0.54052734,15.19775391,107.9101563,0.06103516
0.86425781,0.01660156,0.5234375,13.79394531,108.8256836,0.54931641
0.86425781,0.01660156,0.5234375,13.00048828,108.0932617,1.15966797
0.84570312,0.00878906,0.54101562,11.84082031,108.3374023,1.83105469
0.84570312,0.00878906,0.54101562,10.07080078,108.581543,2.38037109
0.83544922,0.02099609,0.51367188,7.93457031,107.1166992,2.62451172
0.83544922,0.02099609,0.51367188,6.46972656,104.4311523,3.05175781
0.83056641,0.03222656,0.52001953,5.24902344,101.3793945,3.35693359
0.83056641,0.03222656,0.52001953,2.68554688,100.6469727,2.86865234
0.83642578,0.02880859,0.59716797,-1.83105469,104.1259766,1.89208984
0.83642578,0.02880859,0.59716797,-6.89697266,110.4736328,1.15966797
0.78027344,0.01953125,0.63232422,-10.37597656,116.6992188,1.22070312
0.78027344,0.01953125,0.63232422,-11.23046875,120.1171875,1.77001953
0.76269531,0.01318359,0.63427734,-10.92529297,121.5820313,2.68554688
0.76269531,0.01318359,0.62890625,-10.37597656,122.1923828,3.66210938
0.75244141,0.00927734,0.62695312,-10.07080078,122.0092773,4.8828125
0.75244141,0.00927734,0.61962891,-9.03320312,120.1782227,5.859375
0.75244141,0.01464844,0.61962891,-9.03320312,120.1782227,5.859375
0.75195312,0.01464844,0.62060547,-7.01904297,115.7836914,6.53076172
0.73974609,0.01416016,0.64355469,-0.9765625,104.1259766,6.59179688
0.73974609,0.00683594,0.67041016,1.64794922,100.2807617,6.40869141
0.734375,0.00292969,0.69970703,1.64794922,100.3417969,6.65283203
0.74023438,0.00976562,0.71972656,-1.22070312,103.6376953,6.71386719
0.73046875,0.02099609,0.71679688,-4.39453125,108.0322266,6.8359375
0.71777344,0.02050781,0.72509766,-6.95800781,112.3046875,7.38525391
0.69970703,0.01806641,0.72119141,-8.72802734,115.9057617,8.17871094
0.69091797,0.01025391,0.72070312,-9.82666016,118.6523438,8.72802734
0.67919922,0.00488281,0.72265625,-10.07080078,120.5444336,9.58251953
0.68359375,0.00927734,0.72314453,-9.765625,121.2768555,10.68115234
0.69970703,0.01464844,0.72509766,-9.27734375,120.8496094,11.16943359
0.70751953,0.02294922,0.72070312,-7.62939453,117.9199219,10.86425781
0.71435547,0.02783203,0.74267578,-5.31005859,112.3657227,9.88769531
0.70507812,0.0234375,0.76171875,-3.90625,107.2387695,8.11767578
0.68261719,0.01611328,0.76904297,-3.17382812,103.8208008,6.53076172
0.65429688,0.00244141,0.78808594,-2.13623047,102.2949219,5.43212891
0.625,-0.01416016,0.81933594,-0.54931641,102.722168,5.49316406
0.61279297,-0.02197266,0.86181641,0.73242188,105.2856445,6.8359375
0.609375,-0.02734375,0.890625,1.09863281,110.6567383,8.48388672
0.60253906,-0.01953125,0.89355469,1.03759766,116.8212891,10.25390625
0.60400391,-0.01025391,0.90283203,1.64794922,122.6196289,11.65771484
0.59375,0.00244141,0.87451172,1.46484375,128.6621094,12.6953125
0.59375,0.01220703,0.83935547,1.77001953,132.4462891,13.61083984
0.60351562,0.02001953,0.82910156,3.35693359,133.1787109,14.09912109
0.60644531,0.01464844,0.8203125,5.61523438,131.5307617,13.42773438
0.61230469,0.03955078,0.82128906,6.77490234,127.6245117,11.77978516
0.62841797,0.06640625,0.97460938,10.19287109,124.4506836,8.36181641
0.61083984,0.02490234,0.98144531,17.63916016,126.4648438,5.859375
0.58154297,0.01318359,0.82177734,15.38085938,121.2768555,3.54003906
0.54589844,0.00390625,0.8203125,13.61083984,115.6616211,2.13623047
0.51660156,-0.00878906,0.79736328,14.03808594,110.9619141,2.25830078
0.50292969,-0.01464844,0.78076172,15.25878906,103.9428711,2.99072266
0.50048828,-0.01513672,0.81054688,16.11328125,97.53417969,3.17382812
0.48876953,-0.00878906,0.84423828,15.38085938,94.84863281,3.11279297
0.47851562,-0.00488281,0.87646484,14.52636719,95.03173828,3.54003906
0.46240234,-0.00048828,0.91503906,13.79394531,97.77832031,4.57763672
0.45800781,0.00097656,0.95703125,13.24462891,102.0507813,6.22558594
0.45458984,-0.00097656,0.99609375,14.46533203,107.5439453,7.8125
0.44238281,-0.00683594,1.01318359,16.29638672,113.4643555,9.39941406
0.44775391,0.00585938,1.00292969,18.43261719,117.980957,11.10839844
0.46826172,0.02783203,0.99316406,20.75195312,119.934082,11.65771484
0.47216797,0.04248047,0.98339844,21.66748047,120.7885742,10.49804688
0.44580078,0.03320312,0.93994141,22.76611328,120.5444336,9.27734375
0.42724609,0.02294922,0.91650391,25.93994141,117.7368164,8.72802734
0.42773438,0.03125,0.91699219,27.95410156,113.6474609,8.11767578
0.41699219,0.03125,0.92529297,28.13720703,109.6801758,7.44628906
0.39697266,0.02197266,0.93164062,26.55029297,107.5439453,7.14111328
0.37841797,0.01904297,0.93310547,23.92578125,107.1166992,7.62939453
0.37304688,0.02539062,0.94873047,21.05712891,107.5439453,8.60595703
0.36669922,0.03173828,0.94873047,20.44677734,108.1542969,9.52148438
0.3671875,0.04199219,0.93847656,21.30126953,106.7504883,9.94873047
0.37548828,0.05078125,0.95947266,23.4375,103.6376953,8.91113281
0.36572266,0.04980469,0.98632812,25.08544922,101.9287109,7.20214844
0.34570312,0.04052734,1.00927734,27.64892578,102.6611328,5.859375
0.31152344,0.02539062,1.01708984,30.51757812,105.1635742,5.92041016
0.28955078,0.02441406,1.02685547,30.88378906,107.6660156,7.08007812
0.27783203,0.02636719,1.01074219,29.41894531,108.8867188,7.8125
0.27978516,0.03076172,0.97851562,30.57861328,108.581543,8.48388672
0.27832031,0.03564453,0.96337891,31.12792969,106.5063477,8.42285156
0.27050781,0.03955078,1.00195312,31.61621094,105.5908203,8.17871094
0.25634766,0.03710938,1.02392578,32.10449219,107.9101563,8.17871094
0.24267578,0.04296875,1.03466797,32.59277344,111.328125,8.60595703
0.23828125,0.04882812,1.02685547,31.98242188,115.0512695,9.27734375
0.23583984,0.06005859,1.0234375,31.49414062,118.5913086,9.94873047
0.24121094,0.06982422,1.01171875,31.25,120.9106445,10.25390625
0.24365234,0.07714844,0.98291016,31.49414062,121.7041016,10.00976562
0.24365234,0.07714844,0.98291016,31.49414062,121.7041016,10.00976562
0.24560547,0.09326172,0.98144531,30.94482422,122.0092773,8.97216797
0.22216797,0.109375,0.97753906,26.97753906,122.4975586,6.65283203
0.21679688,0.10742188,0.98242188,23.86474609,123.2910156,5.18798828
0.21679688,0.10742188,0.98242188,23.86474609,123.2910156,5.18798828
0.20263672,0.10058594,0.97509766,21.66748047,123.6572266,3.90625
0.171875,0.09375,0.94873047,19.34814453,118.347168,1.40380859
0.15527344,0.08691406,0.94384766,19.89746094,112.7319336,0.06103516
0.15527344,0.08691406,0.94384766,19.89746094,112.7319336,0.06103516
0.14453125,0.09033203,0.94873047,21.17919922,106.5673828,-1.40380859
0.10595703,0.07617188,0.91357422,24.10888672,92.40722656,-4.57763672
0.08251953,0.0703125,0.88964844,23.86474609,83.49609375,-5.73730469
0.08251953,0.0703125,0.88964844,23.86474609,83.49609375,-5.73730469
0.07714844,0.07666016,0.88525391,22.39990234,76.11083984,-6.53076172
0.06494141,0.09277344,0.95996094,19.34814453,66.65039062,-7.20214844
0.05322266,0.09423828,1.00537109,18.06640625,66.40625,-6.89697266
0.05322266,0.09423828,1.00537109,18.06640625,66.40625,-6.89697266
0.03613281,0.09375,1.04248047,16.47949219,69.58007812,-5.92041016
0.00097656,0.08642578,1.06201172,12.08496094,82.58056641,-3.60107422
0.00537109,0.09033203,1.03564453,9.39941406,88.56201172,-2.31933594
0.00537109,0.09033203,1.03564453,9.39941406,88.56201172,-2.31933594
0.00634766,0.09667969,1.00585938,6.22558594,92.83447266,-1.28173828
0.03173828,0.12304688,0.96679688,-0.61035156,95.09277344,-0.48828125
0.03027344,0.12109375,0.9609375,-2.99072266,93.87207031,-1.22070312
0.03027344,0.12109375,0.9609375,-2.99072266,93.87207031,-1.22070312
0.01904297,0.11669922,0.96777344,-4.33349609,91.55273438,-1.58691406
-0.01757812,0.10888672,0.98388672,-3.72314453,85.75439453,-2.44140625
-0.02441406,0.11230469,0.984375,-2.56347656,81.29882812,-2.9296875
-0.02441406,0.11230469,0.984375,-2.56347656,81.29882812,-2.9296875
-0.02148438,0.11621094,0.99023438,-0.61035156,76.171875,-3.60107422
-0.03027344,0.12890625,1.01171875,3.35693359,67.3828125,-5.43212891
-0.04296875,0.12451172,1.01953125,4.51660156,64.453125,-6.04248047
-0.04296875,0.12451172,1.01953125,4.51660156,64.453125,-6.04248047
-0.06933594,0.11035156,1.01757812,5.06591797,63.04931641,-5.98144531
-0.09619141,0.09033203,1.00146484,4.57763672,61.5234375,-4.69970703
-0.10693359,0.08642578,0.99511719,3.05175781,61.27929688,-3.72314453
-0.10693359,0.08642578,0.99511719,3.05175781,61.27929688,-3.72314453
-0.10888672,0.08642578,0.98681641,0.73242188,61.64550781,-2.38037109
-0.11083984,0.08154297,0.97753906,-3.96728516,63.11035156,0.48828125
-0.11083984,0.07470703,0.96435547,-5.12695312,63.41552734,2.01416016
-0.11083984,0.07470703,0.96435547,-5.12695312,63.41552734,2.01416016
-0.10009766,0.08642578,0.94580078,-6.16455078,62.56103516,3.29589844
-0.10351562,0.09765625,0.93701172,-9.39941406,58.22753906,4.82177734
-0.109375,0.1015625,0.9453125,-11.53564453,56.27441406,6.04248047
-0.109375,0.1015625,0.9453125,-11.53564453,56.27441406,6.04248047
-0.10546875,0.10595703,0.95117188,-12.93945312,53.64990234,6.89697266
-0.11474609,0.10205078,0.94677734,-12.14599609,43.33496094,6.16455078
-0.11572266,0.10253906,0.94384766,-10.37597656,36.56005859,5.18798828
-0.11572266,0.10253906,0.94384766,-10.37597656,36.56005859,5.18798828
-0.11474609,0.10351562,0.93017578,-7.8125,28.68652344,3.66210938
-0.11523438,0.09814453,0.91748047,-1.15966797,10.86425781,0.18310547
-0.11865234,0.10546875,0.92724609,1.58691406,2.44140625,-1.52587891
-0.11865234,0.10546875,0.92724609,1.58691406,2.44140625,-1.52587891
-0.12744141,0.10107422,0.93359375,3.72314453,-4.57763672,-3.05175781
-0.15332031,0.09570312,0.98486328,3.72314453,-10.98632812,-4.33349609
-0.17138672,0.09423828,0.99462891,2.07519531,-9.39941406,-3.23486328
-0.17138672,0.09423828,0.99462891,2.07519531,-9.39941406,-3.23486328
-0.16601562,0.08544922,1.00048828,-0.18310547,-6.95800781,-1.77001953
-0.13427734,0.09179688,0.98779297,-1.953125,-3.05175781,0.85449219
-0.12548828,0.09716797,0.95800781,-2.56347656,-3.84521484,1.34277344
-0.12548828,0.09716797,0.95800781,-2.56347656,-3.84521484,1.34277344
-0.12792969,0.09521484,0.94970703,-3.23486328,-5.92041016,1.40380859
-0.125,0.10009766,0.98632812,-4.15039062,-6.59179688,1.40380859
-0.12646484,0.10791016,1.01513672,-5.00488281,-4.57763672,1.953125
-0.12988281,0.10888672,1.02197266,-5.55419922,-2.07519531,2.86865234
-0.13085938,0.10644531,1.01855469,-5.73730469,-0.18310547,3.54003906
-0.12988281,0.1015625,1.01074219,-5.43212891,0.48828125,3.66210938
-0.12646484,0.10351562,0.99804688,-5.31005859,0.30517578,3.60107422
-0.12548828,0.10839844,0.99365234,-5.49316406,-0.30517578,3.23486328
-0.12988281,0.10791016,1.00585938,-6.16455078,0,2.74658203
-0.13232422,0.10644531,1.00878906,-7.62939453,1.40380859,2.86865234
-0.13232422,0.10644531,0.99658203,-8.7890625,2.38037109,3.17382812
-0.13427734,0.10058594,0.98535156,-10.13183594,2.13623047,3.17382812
-0.13623047,0.09667969,0.97216797,-11.16943359,1.28173828,2.99072266
-0.13720703,0.08984375,0.95703125,-11.96289062,-0.24414062,2.50244141
-0.13037109,0.09521484,0.94970703,-12.93945312,-2.31933594,2.01416016
-0.125,0.09814453,0.95996094,-13.73291016,-4.33349609,1.09863281
-0.13964844,0.08398438,0.99316406,-14.70947266,-4.57763672,0.61035156
-0.15771484,0.07910156,1.00927734,-15.93017578,-1.89208984,1.40380859
-0.15917969,0.08496094,1.01074219,-16.78466797,1.22070312,2.44140625
-0.15332031,0.08251953,1.01074219,-16.6015625,2.86865234,3.29589844
-0.1484375,0.08056641,1.00146484,-15.68603516,2.86865234,3.35693359
-0.13134766,0.08105469,0.98291016,-14.58740234,1.15966797,2.68554688
-0.11474609,0.08642578,0.95996094,-13.42773438,-1.52587891,-0.06103516
-0.09912109,0.09521484,0.94726562,-12.45117188,-5.00488281,-0.06103516
-0.10253906,0.09326172,0.95556641,-11.90185547,-8.7890625,-2.44140625
-0.12011719,0.07861328,0.98046875,-11.04736328,-11.23046875,-2.44140625
-0.1328125,0.07128906,1.00732422,-10.43701172,-10.37597656,-2.07519531
-0.13916016,0.07324219,1.01171875,-9.64355469,-10.37597656,-2.07519531
-0.14355469,0.07617188,0.99804688,-9.03320312,-10.86425781,-1.83105469
-0.13623047,0.07421875,0.99169922,-8.60595703,-10.86425781,-1.83105469
-0.11962891,0.07568359,0.99072266,-7.08007812,-14.83154297,-3.41796875
-0.10644531,0.078125,0.98974609,-7.08007812,-14.83154297,-3.41796875
-0.11279297,0.07617188,0.98925781,-7.26318359,-17.27294922,-4.45556641
-0.12548828,0.07519531,0.99462891,-7.26318359,-17.27294922,-4.45556641
-0.12695312,0.07714844,1.00927734,-8.30078125,-16.90673828,-3.96728516
-0.12402344,0.07519531,1.01660156,-8.30078125,-16.90673828,-3.96728516
-0.12304688,0.06982422,1.00585938,-8.42285156,-17.39501953,-4.15039062
-0.12011719,0.07275391,1.00146484,-8.42285156,-17.39501953,-4.15039062
-0.12353516,0.06884766,1.01171875,-8.97216797,-16.90673828,-4.76074219
-0.12451172,0.06494141,1.03417969,-8.97216797,-16.90673828,-4.76074219
-0.12744141,0.06005859,1.04394531,-8.23974609,-10.80322266,-2.86865234
-0.12548828,0.06005859,1.06152344,-8.23974609,-10.80322266,-2.86865234
-0.13085938,0.06005859,1.06591797,-6.65283203,-4.15039062,-0.42724609
-0.12890625,0.06347656,1.05029297,-6.65283203,-4.15039062,-0.42724609
-0.11962891,0.06787109,1.02783203,-5.55419922,-1.77001953,0.61035156
-0.11279297,0.06689453,1.01269531,-5.55419922,-1.77001953,0.61035156
-0.11279297,0.06494141,1.00683594,-4.51660156,-1.34277344,0.73242188
-0.11425781,0.06640625,1.00585938,-4.51660156,-1.34277344,0.73242188
-0.11572266,0.06738281,1.01123047,-4.63867188,-0.18310547,0.54931641
-0.12353516,0.06347656,1.02246094,-4.63867188,-0.18310547,0.54931641
-0.125,0.06103516,1.02539062,-5.49316406,2.01416016,1.58691406
-0.11425781,0.06787109,1.02880859,-5.49316406,2.01416016,1.58691406
-0.10595703,0.06689453,1.02587891,-3.23486328,1.40380859,0.73242188
-0.10351562,0.05517578,1.01660156,-3.23486328,1.40380859,0.73242188
-0.10253906,0.05908203,1.00976562,0.36621094,-1.40380859,-0.42724609
-0.10986328,0.06347656,1.00976562,0.36621094,-1.40380859,-0.42724609
-0.1328125,0.05175781,1.03710938,1.09863281,-0.91552734,0.24414062
-0.11621094,0.07226562,1.03710938,1.09863281,-0.91552734,0.24414062
-0.11279297,0.06738281,1.02880859,1.40380859,2.31933594,0.48828125
-0.1171875,0.06738281,1.02880859,1.40380859,2.31933594,0.48828125
-0.11474609,0.06591797,1.02246094,2.9296875,4.51660156,1.09863281
-0.10546875,0.06591797,1.02246094,2.9296875,4.51660156,1.09863281
-0.10791016,0.07519531,1.02441406,2.44140625,5.12695312,-0.24414062
-0.10791016,0.07519531,1.02441406,2.44140625,5.12695312,-0.24414062
-0.12841797,0.06591797,1.05664062,2.62451172,8.05664062,-0.48828125
-0.13671875,0.07128906,0.97753906,2.80761719,7.38525391,-0.42724609
-0.12939453,0.06054688,0.97216797,4.21142578,12.81738281,-0.06103516
-0.12939453,0.06054688,0.97216797,4.21142578,12.81738281,-0.06103516
-0.12988281,0.06591797,0.96679688,5.18798828,18.49365234,0.79345703
-0.12988281,0.06591797,0.96679688,5.18798828,18.49365234,0.79345703
-0.13037109,0.08300781,0.94726562,4.94384766,25.14648438,1.89208984
-0.13037109,0.08300781,0.94726562,4.94384766,25.14648438,1.89208984
-0.12988281,0.08447266,0.95458984,3.78417969,28.93066406,2.56347656
-0.12255859,0.09619141,0.96533203,2.07519531,31.92138672,2.86865234
-0.11572266,0.05566406,0.97021484,0,36.37695312,1.64794922
-0.11572266,0.05566406,0.97021484,0,36.37695312,1.64794922
-0.12939453,0.05322266,0.96142578,1.58691406,43.21289062,-0.24414062
-0.12939453,0.05322266,0.96142578,1.58691406,43.21289062,-0.24414062
-0.13916016,0.08251953,0.92529297,4.27246094,52.49023438,0.36621094
-0.13916016,0.08251953,0.92529297,4.27246094,52.49023438,0.36621094
-0.14013672,0.09277344,0.88916016,5.31005859,66.04003906,2.44140625
-0.14013672,0.09277344,0.88916016,5.31005859,66.04003906,2.44140625
-0.12548828,0.09863281,0.85839844,4.08935547,83.55712891,3.84521484
-0.12548828,0.09863281,0.85839844,4.08935547,83.55712891,3.84521484
-0.12890625,0.09521484,0.87792969,1.83105469,101.1352539,3.11279297
-0.12890625,0.09521484,0.87792969,1.83105469,101.1352539,3.11279297
-0.15527344,0.06591797,0.81542969,-1.22070312,116.1499023,0.73242188
-0.15527344,0.06591797,0.81542969,-1.22070312,116.1499023,0.73242188
-0.21435547,0.03222656,0.74853516,-11.59667969,140.0756836,-8.05664062
-0.21435547,0.03222656,0.74853516,-11.59667969,140.0756836,-8.05664062
-0.26611328,0.05859375,0.94238281,-14.52636719,149.2919922,-7.99560547
-0.26611328,0.05859375,0.94238281,-14.52636719,149.2919922,-7.99560547
-0.31445312,0.08544922,1.02929688,-14.16015625,144.7753906,-7.38525391
-0.31445312,0.08544922,1.02929688,-14.16015625,144.7753906,-7.38525391
-0.33007812,0.04492188,0.97265625,-10.92529297,138.4887695,-7.50732422
-0.33007812,0.04492188,0.97265625,-10.92529297,138.4887695,-7.50732422
-0.37841797,0.04101562,0.88232422,-8.05664062,136.8408203,-6.59179688
-0.37841797,0.04101562,0.88232422,-8.05664062,136.8408203,-6.59179688
-0.42724609,0.05810547,0.85351562,-8.60595703,141.784668,-4.27246094
-0.42724609,0.05810547,0.85351562,-8.60595703,141.784668,-4.27246094
-0.38525391,0.02050781,0.89648438,-7.01904297,147.0947266,-3.05175781
-0.38525391,0.02050781,0.89648438,-7.01904297,147.0947266,-3.05175781
-0.41308594,0.01953125,0.89404297,-6.22558594,144.1040039,-5.79833984
-0.41308594,0.01953125,0.89404297,-6.22558594,144.1040039,-5.79833984
-0.48828125,0.04394531,0.78955078,-5.92041016,147.8881836,-6.46972656
-0.48828125,0.04394531,0.78955078,-5.92041016,147.8881836,-6.46972656
-0.49707031,0.05908203,0.7734375,-7.38525391,157.409668,-3.05175781
-0.49707031,0.05908203,0.7734375,-7.38525391,157.409668,-3.05175781
-0.53222656,0.04150391,0.77490234,-10.68115234,160.6445313,0.18310547
-0.53222656,0.04150391,0.77490234,-10.68115234,160.6445313,0.18310547
-0.51171875,0.05175781,0.80517578,-9.15527344,167.4194336,2.86865234
-0.51171875,0.05175781,0.80517578,-9.15527344,167.4194336,2.86865234
-0.55615234,0.03466797,0.83984375,2.68554688,177.1240234,1.83105469
-0.55615234,0.03466797,0.83984375,2.68554688,177.1240234,1.83105469
-0.65234375,0.09179688,0.76464844,15.31982422,195.0683594,3.60107422
-0.65234375,0.09179688,0.76464844,15.31982422,195.0683594,3.60107422
-0.69238281,0.08496094,0.75830078,18.31054688,209.3505859,9.39941406
-0.69238281,0.08496094,0.75830078,18.31054688,209.3505859,9.39941406
-0.70751953,0.0859375,0.81689453,22.64404297,217.7124023,14.22119141
-0.70751953,0.0859375,0.81689453,22.64404297,217.7124023,14.22119141
-0.74072266,0.09423828,0.79541016,24.71923828,218.0175781,17.63916016
-0.74072266,0.09423828,0.79541016,24.71923828,218.0175781,17.63916016
-0.79638672,0.10791016,0.72021484,22.58300781,217.956543,22.03369141
-0.79638672,0.10791016,0.72021484,22.58300781,217.956543,22.03369141
-0.81298828,0.10449219,0.64746094,15.25878906,222.2900391,27.46582031
-0.81298828,0.10449219,0.64746094,15.25878906,222.2900391,27.46582031
-0.84912109,0.10986328,0.64501953,5.37109375,222.1679688,31.00585938
-0.84912109,0.10986328,0.64501953,5.37109375,222.1679688,31.00585938
-0.88476562,0.12353516,0.61523438,0.24414062,223.815918,37.17041016
-0.88476562,0.12353516,0.61523438,0.24414062,223.815918,37.17041016
-0.89257812,0.12890625,0.60351562,1.77001953,236.1450195,43.21289062
-0.89257812,0.12890625,0.60351562,1.77001953,236.1450195,43.21289062
-0.88525391,0.10644531,0.64990234,5.55419922,244.9951172,45.8984375
-0.88525391,0.10644531,0.64990234,5.55419922,244.9951172,45.8984375
-0.86230469,0.07275391,0.66699219,8.7890625,238.2202148,44.921875
-0.86230469,0.07275391,0.66699219,8.7890625,238.2202148,44.921875
-0.85058594,0.07177734,0.62792969,9.39941406,221.862793,41.38183594
-0.85058594,0.07177734,0.62792969,9.39941406,221.862793,41.38183594
-0.88574219,0.08642578,0.58203125,5.79833984,203.3081055,37.23144531
-0.88574219,0.08642578,0.58203125,5.79833984,203.3081055,37.23144531
-0.90917969,0.08496094,0.53759766,-2.07519531,182.1899414,33.75244141
-0.90917969,0.08496094,0.53759766,-2.07519531,182.1899414,33.75244141
-0.90234375,0.06396484,0.52050781,-5.859375,163.0859375,28.93066406
-0.90234375,0.06396484,0.52050781,-5.859375,163.0859375,28.93066406
-0.94140625,0.08740234,0.45703125,-8.66699219,147.7050781,22.94921875
-0.94140625,0.08740234,0.45703125,-8.66699219,147.7050781,22.94921875
-0.95068359,0.10595703,0.41503906,-12.02392578,140.3198242,17.27294922
-0.95068359,0.10595703,0.41503906,-12.02392578,140.3198242,17.27294922
-0.93603516,0.09033203,0.42333984,-12.02392578,135.559082,10.25390625
-0.93603516,0.09033203,0.42333984,-12.02392578,135.559082,10.25390625
-0.91699219,0.07519531,0.45458984,-6.40869141,131.5917969,0.61035156
-0.91699219,0.07519531,0.45458984,-6.40869141,131.5917969,0.61035156
-0.90380859,0.0546875,0.49609375,7.08007812,124.6948242,-8.60595703
-0.90380859,0.0546875,0.49609375,7.08007812,124.6948242,-8.60595703
-0.90527344,0.04882812,0.43994141,17.15087891,106.6894531,-15.56396484
-0.90527344,0.04882812,0.43994141,17.15087891,106.6894531,-15.56396484
-0.92919922,0.08056641,0.34814453,17.45605469,84.41162109,-18.31054688
-0.92919922,0.08056641,0.34814453,17.45605469,84.41162109,-18.31054688
-0.95947266,0.10498047,0.30908203,12.26806641,67.19970703,-17.578125
-0.95947266,0.10498047,0.30908203,12.26806641,67.19970703,-17.578125
-0.97558594,0.09912109,0.31982422,10.31494141,55.60302734,-17.45605469
-0.97558594,0.09912109,0.31982422,10.31494141,55.60302734,-17.45605469
-0.96142578,0.11376953,0.28808594,13.91601562,55.72509766,-19.95849609
-0.96142578,0.11376953,0.28808594,13.91601562,55.72509766,-19.95849609
-1.02197266,0.12792969,0.23291016,17.21191406,58.65478516,-20.56884766
-1.02197266,0.12792969,0.23291016,17.21191406,58.65478516,-20.56884766
-1.04150391,0.13671875,0.21289062,18.92089844,63.23242188,-16.78466797
-1.04150391,0.13671875,0.21289062,18.92089844,63.23242188,-16.78466797
-1.01660156,0.12402344,0.18505859,20.5078125,68.23730469,-13.73291016
-1.01660156,0.12402344,0.18505859,20.5078125,68.23730469,-13.73291016
-0.99121094,0.11914062,0.18603516,23.68164062,78.00292969,-11.90185547
-0.99121094,0.11914062,0.18603516,23.68164062,78.00292969,-11.90185547
-0.984375,0.12158203,0.203125,26.00097656,83.06884766,-9.765625
-0.984375,0.12158203,0.203125,26.00097656,83.06884766,-9.765625
-0.94335938,0.08251953,0.23632812,27.34375,78.06396484,-9.88769531
-0.94335938,0.08251953,0.23632812,27.34375,78.06396484,-9.88769531
-0.93408203,0.09375,0.19482422,28.19824219,70.00732422,-12.57324219
-0.93408203,0.09375,0.19482422,28.19824219,70.00732422,-12.57324219
-0.953125,0.1015625,0.203125,23.31542969,58.95996094,-12.63427734
-0.953125,0.1015625,0.203125,23.31542969,58.95996094,-12.63427734
-0.96191406,0.07373047,0.18701172,19.83642578,41.87011719,-12.93945312
-0.96191406,0.07373047,0.18701172,19.83642578,41.87011719,-12.93945312
-0.9765625,0.09130859,0.13769531,15.01464844,28.68652344,-11.90185547
-0.9765625,0.09130859,0.13769531,15.01464844,28.68652344,-11.90185547
-0.99023438,0.08642578,0.12060547,10.98632812,20.20263672,-10.49804688
-0.99023438,0.08642578,0.12060547,10.98632812,20.20263672,-10.49804688
-1.02783203,0.10498047,0.12597656,6.77490234,13.12255859,-8.42285156
-1.02783203,0.10498047,0.12597656,6.77490234,13.12255859,-8.42285156
-1.00732422,0.09375,0.13623047,5.00488281,8.60595703,-7.44628906
-1.00732422,0.09375,0.13623047,5.00488281,8.60595703,-7.44628906
-0.98681641,0.08056641,0.15478516,4.82177734,4.21142578,-8.54492188
-0.98681641,0.08056641,0.15478516,4.82177734,4.21142578,-8.54492188
-0.98291016,0.09326172,0.11474609,6.59179688,4.45556641,-8.05664062
-0.98291016,0.09326172,0.11474609,6.59179688,4.45556641,-8.05664062
-0.97119141,0.10205078,0.12255859,7.32421875,6.53076172,-6.65283203
-0.97119141,0.10205078,0.12255859,7.32421875,6.53076172,-6.65283203
-0.98486328,0.11132812,0.13378906,6.59179688,7.14111328,-5.859375
-0.98486328,0.11132812,0.13378906,6.59179688,7.14111328,-5.859375
-0.98291016,0.10498047,0.12060547,4.15039062,5.49316406,-5.31005859
-0.98291016,0.10498047,0.12060547,4.15039062,5.49316406,-5.31005859
-0.97900391,0.09863281,0.1328125,1.22070312,2.13623047,-4.76074219
-0.97900391,0.09863281,0.1328125,1.22070312,2.13623047,-4.76074219
-0.96289062,0.08984375,0.15136719,-0.42724609,-4.21142578,-5.06591797
-0.96289062,0.08984375,0.15136719,-0.42724609,-4.21142578,-5.06591797
-0.95703125,0.09033203,0.13037109,-3.60107422,-11.41357422,-5.67626953
-0.95703125,0.09033203,0.13037109,-3.60107422,-11.41357422,-5.67626953
-0.96582031,0.08886719,0.11035156,-7.14111328,-15.25878906,-5.00488281
-0.96582031,0.08886719,0.11035156,-7.14111328,-15.25878906,-5.00488281
-1.00341797,0.10009766,0.10791016,-9.15527344,-17.15087891,-3.84521484
-1.00341797,0.10009766,0.10791016,-9.15527344,-17.15087891,-3.84521484
-1.01074219,0.10400391,0.10595703,-7.8125,-13.42773438,-2.56347656
-1.01074219,0.10400391,0.10595703,-7.8125,-13.42773438,-2.56347656
-1.00585938,0.10693359,0.11914062,-5.859375,-8.05664062,-0.48828125
-1.00585938,0.10693359,0.11914062,-5.859375,-8.05664062,-0.48828125
-0.99511719,0.10888672,0.10107422,-4.39453125,-1.83105469,1.46484375
-0.99511719,0.10888672,0.10107422,-4.39453125,-1.83105469,2.50244141
-0.98779297,0.10351562,0.11376953,-4.15039062,5.92041016,3.90625
-0.98779297,0.10351562,0.11376953,-3.05175781,8.85009766,5.00488281
-0.99316406,0.07714844,0.14648438,-1.28173828,10.25390625,5.06591797
-0.99316406,0.07714844,0.14648438,-0.06103516,10.07080078,4.45556641
-0.99169922,0.07324219,0.15673828,0.61035156,8.48388672,3.23486328
-0.99169922,0.07324219,0.15673828,1.09863281,7.38525391,1.64794922
-1.00195312,0.09179688,0.12988281,1.34277344,7.75146484,0.73242188
-1.00195312,0.09179688,0.12988281,1.28173828,7.75146484,0.67138672
-0.97753906,0.07177734,0.13427734,0.18310547,5.12695312,0.48828125
-0.97753906,0.07177734,0.12890625,-0.42724609,3.78417969,-1.09863281
-0.98388672,0.08007812,0.14208984,0.48828125,3.84521484,-2.56347656
-0.98388672,0.078125,0.14013672,0.85449219,2.99072266,-2.99072266
-0.98681641,0.08007812,0.14794922,1.22070312,1.34277344,-3.90625
-0.98193359,0.09277344,0.14550781,0.9765625,-0.91552734,-5.18798828
-0.97998047,0.07861328,0.12988281,-0.12207031,-3.05175781,-6.59179688
-0.98339844,0.09130859,0.11669922,-1.03759766,-4.15039062,-7.87353516
-0.98632812,0.09277344,0.109375,-2.13623047,-4.27246094,-8.36181641
-0.97705078,0.08056641,0.10888672,-2.80761719,-4.15039062,-8.05664062
-0.97021484,0.07373047,0.12060547,-2.86865234,-4.02832031,-7.26318359
-0.96679688,0.07714844,0.12255859,-3.05175781,-4.51660156,-6.53076172
-0.96777344,0.08837891,0.12695312,-3.23486328,-5.12695312,-5.98144531
-0.96875,0.08544922,0.14355469,-3.54003906,-5.98144531,-5.61523438
-0.97851562,0.09082031,0.15332031,-3.23486328,-6.95800781,-5.73730469
-0.99414062,0.09326172,0.13134766,-2.44140625,-7.01904297,-5.79833984
-1.00244141,0.10449219,0.11230469,-1.953125,-5.31005859,-5.43212891
-1.00634766,0.10009766,0.09814453,-1.15966797,-2.07519531,-4.69970703
-1.00585938,0.10400391,0.09619141,-0.18310547,2.38037109,-3.47900391
-1.00244141,0.1015625,0.10058594,0.61035156,6.8359375,-1.953125
-0.99951172,0.09423828,0.11035156,1.64794922,10.86425781,-0.48828125
-0.98876953,0.08544922,0.12597656,2.99072266,13.79394531,0.36621094
-0.97607422,0.07128906,0.1484375,4.69970703,14.95361328,0.54931641
-0.96875,0.06542969,0.15869141,5.67626953,13.97705078,0
-0.96728516,0.06054688,0.15332031,5.859375,11.65771484,-0.85449219
-0.96777344,0.05419922,0.140625,5.67626953,9.03320312,-1.953125
-0.97607422,0.04980469,0.13134766,5.79833984,6.77490234,-3.17382812
-0.98339844,0.06298828,0.12158203,6.28662109,5.79833984,-4.21142578
-0.98876953,0.07275391,0.11083984,6.65283203,6.10351562,-4.69970703
-0.99169922,0.0859375,0.10693359,6.28662109,6.8359375,-4.8828125
-0.99658203,0.08349609,0.11425781,5.61523438,7.20214844,-5.06591797
-0.99609375,0.08007812,0.1171875,4.94384766,7.01904297,-5.24902344
-0.99023438,0.07226562,0.11523438,4.27246094,6.40869141,-5.67626953
-0.98486328,0.07373047,0.11816406,3.35693359,5.79833984,-6.22558594
-0.98486328,0.06982422,0.12158203,2.44140625,4.69970703,-6.65283203
-0.98486328,0.05908203,0.12548828,2.01416016,3.11279297,-7.01904297
-0.97851562,0.05273438,0.13623047,2.50244141,1.40380859,-7.56835938
-0.97802734,0.05859375,0.13671875,3.54003906,0.12207031,-7.93457031
-0.98779297,0.06933594,0.12255859,4.33349609,-0.12207031,-7.75146484
-0.99267578,0.07617188,0.10546875,4.57763672,0.12207031,-7.01904297
-0.99267578,0.07666016,0.09912109,4.51660156,0.67138672,-6.10351562
-0.99169922,0.07568359,0.10009766,4.21142578,1.28173828,-5.31005859
-0.99658203,0.07568359,0.10205078,3.96728516,2.31933594,-4.57763672
-1.00830078,0.07080078,0.10498047,4.21142578,3.90625,-3.72314453
-1.02099609,0.07275391,0.10449219,5.06591797,5.79833984,-2.9296875
-1.02441406,0.0703125,0.10595703,6.65283203,7.69042969,-2.38037109
-1.01806641,0.06689453,0.10400391,7.87353516,9.09423828,-1.953125
-1.01123047,0.07470703,0.09863281,8.54492188,9.94873047,-1.953125
-1.01123047,0.07470703,0.09863281,8.54492188,9.94873047,-1.953125
-1.00878906,0.07958984,0.09619141,8.36181641,10.86425781,-1.89208984
-1.00292969,0.07226562,0.10644531,7.38525391,10.80322266,-1.89208984
-1.00097656,0.0703125,0.11328125,6.95800781,10.43701172,-1.89208984
-0.99414062,0.06982422,0.11474609,6.8359375,9.52148438,-1.52587891
-0.98339844,0.07128906,0.10253906,6.16455078,8.66699219,-1.52587891
-0.98046875,0.07275391,0.08398438,5.00488281,8.72802734,-0.36621094
-0.98193359,0.06787109,0.07763672,4.21142578,8.72802734,-0.36621094
-0.97802734,0.06298828,0.09521484,4.08935547,8.54492188,0.73242188
-0.97753906,0.05908203,0.11621094,4.08935547,8.54492188,0.73242188
-0.97753906,0.06640625,0.11962891,4.02832031,6.59179688,-0.30517578
-0.98535156,0.07177734,0.09960938,4.02832031,6.59179688,-0.30517578
-1.00195312,0.08203125,0.07910156,3.05175781,9.33837891,-0.06103516
-1.00683594,0.08886719,0.06884766,3.05175781,9.33837891,-0.06103516
-1.00244141,0.08447266,0.08056641,1.58691406,12.08496094,0.91552734
-0.99267578,0.07763672,0.09619141,1.58691406,12.08496094,0.91552734
-0.97998047,0.06640625,0.10839844,-0.73242188,9.27734375,-0.36621094
-0.97460938,0.05175781,0.10839844,-0.73242188,9.27734375,-0.36621094
-0.97705078,0.04833984,0.1015625,-1.40380859,5.49316406,-2.31933594
-0.97705078,0.04833984,0.1015625,-1.40380859,5.49316406,-2.31933594
-0.98730469,0.05957031,0.09570312,-1.89208984,2.38037109,-2.62451172
-0.98730469,0.05957031,0.09570312,-1.89208984,2.38037109,-2.62451172
-0.98535156,0.06884766,0.0859375,-4.21142578,0.30517578,-2.25830078
-0.98535156,0.06884766,0.0859375,-4.21142578,0.30517578,-2.25830078
-1.00488281,0.05957031,0.08398438,-6.71386719,-1.64794922,-2.13623047
-1.00488281,0.05957031,0.08398438,-6.71386719,-1.64794922,-2.13623047
-1.01367188,0.05859375,0.08935547,-6.59179688,-2.31933594,-2.19726562
-1.01367188,0.05859375,0.08935547,-6.59179688,-2.31933594,-2.19726562
-1.01416016,0.05908203,0.09082031,-5.37109375,-1.70898438,-2.07519531
-1.01416016,0.05908203,0.09082031,-5.37109375,-1.70898438,-2.07519531
-1.00195312,0.05224609,0.09667969,-2.38037109,-0.67138672,-1.83105469
-1.00195312,0.05224609,0.09667969,-2.38037109,-0.67138672,-1.83105469
-0.99511719,0.08105469,0.07617188,-1.46484375,2.01416016,-0.42724609
-0.99511719,0.08105469,0.07617188,-1.46484375,2.01416016,-0.42724609
-1.01123047,0.06689453,0.08691406,0.48828125,5.31005859,-0.18310547
-1.01123047,0.06689453,0.08691406,0.48828125,5.31005859,-0.18310547
-1.00439453,0.05517578,0.1015625,2.19726562,6.53076172,0.30517578
-1.00439453,0.05517578,0.1015625,2.19726562,6.53076172,0.30517578
-0.98242188,0.05224609,0.10107422,2.19726562,4.69970703,-0.42724609
-0.98242188,0.05224609,0.10107422,2.19726562,4.69970703,-0.42724609
-0.97998047,0.04101562,0.10058594,2.31933594,1.15966797,-2.01416016
-0.97998047,0.04101562,0.10058594,2.31933594,1.15966797,-2.01416016
-1.01416016,0.08056641,0.05273438,2.99072266,2.50244141,-1.77001953
-1.01416016,0.08056641,0.05273438,2.99072266,2.50244141,-1.77001953
-1.01220703,0.06787109,0.08642578,3.66210938,7.26318359,-0.06103516
-1.01220703,0.06787109,0.08642578,3.66210938,7.26318359,-0.06103516
-0.98779297,0.05322266,0.1015625,4.76074219,6.77490234,-0.61035156
-0.98779297,0.05322266,0.1015625,4.76074219,6.77490234,-0.61035156
-0.96875,0.04736328,0.09960938,3.17382812,2.07519531,-2.25830078
-0.96875,0.04736328,0.09960938,3.17382812,2.07519531,-2.25830078
-0.96826172,0.03613281,0.09082031,0.61035156,-3.90625,-4.08935547
-0.96826172,0.03613281,0.09082031,0.61035156,-3.90625,-4.08935547
-1.0078125,0.06884766,0.05126953,-1.58691406,-7.08007812,-6.16455078
-1.0078125,0.06884766,0.05126953,-1.58691406,-7.08007812,-6.16455078
-1.05615234,0.10449219,0.03076172,-1.953125,0.85449219,-4.21142578
-1.05615234,0.10449219,0.03076172,-1.953125,0.85449219,-4.21142578
-1.02001953,0.06445312,0.09179688,0.79345703,8.36181641,-1.52587891
-1.02001953,0.06445312,0.09179688,0.79345703,8.36181641,-1.52587891
-0.98095703,0.0546875,0.09521484,2.68554688,7.93457031,-1.89208984
-0.98095703,0.0546875,0.09521484,2.68554688,7.93457031,-1.89208984
-0.95263672,0.04296875,0.08740234,1.28173828,3.96728516,-2.80761719
-0.95263672,0.04296875,0.08740234,1.28173828,3.96728516,-2.80761719
-0.98535156,0.04296875,0.10693359,0.91552734,-0.30517578,-4.8828125
-0.98535156,0.04296875,0.10693359,0.91552734,-0.30517578,-4.8828125
-0.9609375,0.03955078,0.09033203,0.79345703,-5.98144531,-7.01904297
-0.9609375,0.03955078,0.09033203,0.79345703,-5.98144531,-7.01904297
-1.01464844,0.09277344,0.03320312,-0.79345703,-4.82177734,-6.28662109
-1.01464844,0.09277344,0.03320312,-0.79345703,-4.82177734,-6.28662109
-1.03076172,0.08740234,0.06494141,-0.9765625,2.74658203,-2.68554688
-1.03076172,0.08740234,0.06494141,-0.9765625,2.74658203,-2.68554688
-1.00927734,0.05517578,0.08398438,1.46484375,7.14111328,-0.79345703
-1.00927734,0.05517578,0.08398438,1.46484375,7.14111328,-0.79345703
-0.97998047,0.03271484,0.09716797,2.25830078,3.60107422,-1.953125
-0.97998047,0.03271484,0.09716797,2.25830078,3.60107422,-1.953125
-0.984375,0.05029297,0.08398438,2.01416016,-0.54931641,-3.96728516
-0.984375,0.05029297,0.08398438,2.01416016,-0.54931641,-3.96728516
-1.01220703,0.08398438,0.03808594,1.58691406,3.05175781,-3.41796875
-1.01220703,0.08398438,0.03808594,1.58691406,3.05175781,-3.41796875
-1.00390625,0.07519531,0.06201172,0.42724609,8.72802734,-1.83105469
-1.00390625,0.07519531,0.06201172,0.42724609,8.72802734,-1.83105469
-1.00537109,0.05029297,0.07519531,0.36621094,10.86425781,-0.79345703
-1.00537109,0.05029297,0.07519531,0.36621094,10.86425781,-0.79345703
-0.98779297,0.04589844,0.08935547,0,7.01904297,-1.40380859
-0.98779297,0.04589844,0.08935547,0,7.01904297,-1.40380859
-0.99511719,0.05859375,0.07763672,-2.50244141,2.01416016,-2.74658203
-0.99511719,0.05859375,0.07763672,-2.50244141,2.01416016,-2.74658203
-0.99072266,0.05810547,0.07470703,-4.8828125,-0.79345703,-2.80761719
-0.99072266,0.05810547,0.07470703,-4.8828125,-0.79345703,-2.80761719
-0.99511719,0.05957031,0.07519531,-7.08007812,-2.56347656,-3.05175781
-0.99511719,0.05957031,0.07519531,-7.08007812,-2.56347656,-3.05175781
-1.00195312,0.04882812,0.06298828,-8.11767578,-1.89208984,-2.50244141
-1.00195312,0.04882812,0.06298828,-8.11767578,-1.89208984,-2.50244141
-1.00195312,0.04882812,0.06298828,-8.11767578,-1.89208984,-2.50244141
-1.01660156,0.05761719,0.05712891,-6.22558594,1.52587891,-0.85449219
-0.99707031,0.04980469,0.08642578,-4.63867188,3.11279297,0
-0.99707031,0.04980469,0.08642578,-4.63867188,3.11279297,0
-0.98828125,0.05078125,0.07861328,-3.29589844,2.99072266,-0.36621094
-0.98828125,0.05078125,0.07861328,-3.29589844,2.99072266,-0.36621094
-0.98828125,0.05078125,0.07861328,-3.29589844,2.99072266,-0.36621094
-0.98730469,0.06396484,0.07080078,-3.96728516,3.41796875,0.54931641
-0.98339844,0.05615234,0.08447266,-5.00488281,2.99072266,1.40380859
-0.98339844,0.05615234,0.08447266,-5.00488281,2.99072266,1.40380859
-0.98339844,0.05615234,0.08447266,-5.00488281,2.99072266,1.40380859
-0.98535156,0.03759766,0.08642578,-5.12695312,0.91552734,1.09863281
-1.01074219,0.03564453,0.07617188,-2.99072266,-1.03759766,-0.12207031
-1.01074219,0.03564453,0.07617188,-2.99072266,-1.03759766,-0.12207031
-1.01074219,0.03564453,0.07617188,-2.99072266,-1.03759766,-0.12207031
-1.00341797,0.04492188,0.07763672,-0.79345703,-0.79345703,-0.54931641
-1.00048828,0.05810547,0.0703125,-0.42724609,0.24414062,-0.54931641
-1.00048828,0.05810547,0.0703125,-0.42724609,0.24414062,-0.54931641
-1.00048828,0.05810547,0.0703125,-0.61035156,0.48828125,-0.24414062
-0.98291016,0.04882812,0.08105469,-0.9765625,0.18310547,-0.24414062
-0.97705078,0.04101562,0.09179688,-1.46484375,-2.50244141,-0.9765625
-0.97705078,0.04101562,0.09179688,-1.46484375,-2.50244141,-0.9765625
-0.97705078,0.04101562,0.09179688,-1.953125,-4.21142578,-1.77001953
-0.98974609,0.04736328,0.06884766,-2.74658203,-5.43212891,-2.38037109
-1.01660156,0.05078125,0.04541016,-3.72314453,-3.72314453,-2.07519531
-1.01660156,0.05078125,0.04541016,-3.72314453,-3.72314453,-2.07519531
-1.01660156,0.05078125,0.07617188,-3.11279297,-3.05175781,-1.77001953
-0.99462891,0.05029297,0.08740234,-2.13623047,-2.80761719,-1.83105469
-0.98291016,0.05566406,0.06933594,-1.58691406,-2.9296875,-1.34277344
-0.98291016,0.05566406,0.06933594,-1.58691406,-2.9296875,-1.34277344
-0.97900391,0.05566406,0.06494141,-1.953125,-2.99072266,-0.79345703
-0.97216797,0.046875,0.07470703,-2.38037109,-3.54003906,-0.36621094
-0.96484375,0.03076172,0.09423828,-3.11279297,-6.77490234,-1.52587891
-0.96484375,0.03076172,0.09423828,-3.11279297,-6.77490234,-1.52587891
-0.96923828,0.02978516,0.09033203,-3.54003906,-9.03320312,-2.80761719
-0.98974609,0.04248047,0.07275391,-4.33349609,-11.16943359,-3.84521484
-1.04052734,0.07714844,0.03027344,-5.55419922,-7.50732422,-2.68554688
-1.04052734,0.07714844,0.03027344,-5.55419922,-7.50732422,-2.68554688
-1.04199219,0.06347656,0.04785156,-4.27246094,-3.17382812,-1.09863281
-1.03027344,0.05126953,0.07080078,-1.953125,0.91552734,0.12207031
-0.99511719,0.03515625,0.09130859,1.953125,4.51660156,0.91552734
-0.99511719,0.03515625,0.09130859,1.953125,4.51660156,0.91552734
-0.984375,0.03076172,0.09716797,2.9296875,4.21142578,0.73242188
-0.98291016,0.03466797,0.09863281,3.41796875,3.11279297,0.42724609
-0.99023438,0.03759766,0.09472656,3.41796875,0.36621094,-0.24414062
-0.99023438,0.03759766,0.09472656,3.41796875,0.36621094,-0.24414062
-0.99121094,0.03759766,0.09570312,3.54003906,-0.9765625,-0.85449219
-0.99023438,0.0625,0.07617188,2.9296875,-1.64794922,-1.77001953
-0.98779297,0.0546875,0.08691406,1.22070312,-3.35693359,-3.11279297
-0.98779297,0.0546875,0.08691406,1.22070312,-3.35693359,-3.11279297
-0.98925781,0.04638672,0.10058594,0.42724609,-3.35693359,-2.99072266
-1.00048828,0.04101562,0.09130859,0,-3.41796875,-2.9296875
-1.00195312,0.03320312,0.08154297,-0.48828125,-3.66210938,-2.44140625
-1.00195312,0.03320312,0.08154297,-0.48828125,-3.66210938,-2.44140625
-1.01367188,0.03417969,0.07666016,-0.91552734,-3.90625,-2.13623047
-1.01708984,0.04199219,0.08447266,-0.79345703,-3.84521484,-1.89208984
-1.01611328,0.05615234,0.11328125,-1.09863281,-3.54003906,-2.07519531
-1.01611328,0.05615234,0.11328125,-1.09863281,-3.54003906,-2.07519531
-1.02001953,0.05029297,0.12597656,-1.34277344,-2.38037109,-1.64794922
-1.02099609,0.04541016,0.13085938,-1.89208984,-0.12207031,-0.91552734
-1.00488281,0.04638672,0.11328125,-2.44140625,3.60107422,0.91552734
-1.00488281,0.04638672,0.11328125,-2.44140625,3.60107422,0.91552734
-0.99902344,0.04492188,0.10058594,-2.50244141,3.72314453,1.15966797
-0.99609375,0.03125,0.08935547,-2.01416016,3.17382812,1.22070312
-0.98925781,0.03662109,0.07324219,-0.91552734,0.91552734,1.09863281
-0.98925781,0.03662109,0.07324219,-0.91552734,0.91552734,1.09863281
-0.98339844,0.04931641,0.06689453,-1.28173828,-0.79345703,0.85449219
-0.98535156,0.05273438,0.05664062,-2.19726562,-2.74658203,0.36621094
-1.01318359,0.06103516,0.06884766,-4.33349609,-6.34765625,-0.61035156
-1.01318359,0.06103516,0.06884766,-4.33349609,-6.34765625,-0.61035156
-1.01953125,0.06298828,0.09814453,-5.06591797,-6.46972656,-0.91552734
-1.02050781,0.05664062,0.12792969,-5.06591797,-5.24902344,-1.03759766
-1.03320312,0.03417969,0.14404297,-4.76074219,0.12207031,0.9765625
-1.03320312,0.03417969,0.14404297,-4.76074219,0.12207031,0.9765625
-1.01757812,0.04443359,0.13525391,-4.33349609,2.50244141,2.07519531
-1.00244141,0.04394531,0.11376953,-4.08935547,3.41796875,2.62451172
-0.98779297,0.03808594,0.08251953,-3.66210938,2.38037109,2.68554688
-0.98779297,0.03808594,0.08251953,-3.66210938,2.38037109,2.68554688
-0.98632812,0.03857422,0.08789062,-3.29589844,1.52587891,2.56347656
-0.98681641,0.04345703,0.09667969,-3.17382812,0.79345703,2.31933594
-0.99121094,0.05029297,0.10302734,-3.54003906,0.91552734,2.31933594
-0.99121094,0.05029297,0.10302734,-3.54003906,0.91552734,2.31933594
-0.98779297,0.05224609,0.09667969,-4.08935547,0.79345703,2.25830078
-0.98583984,0.04931641,0.08886719,-4.27246094,0.30517578,1.89208984
-1.00976562,0.04345703,0.10253906,-3.66210938,-0.67138672,1.58691406
-1.00976562,0.04345703,0.10253906,-3.66210938,-0.67138672,1.58691406
-1.02001953,0.046875,0.11425781,-2.13623047,0.06103516,1.46484375
-1.01367188,0.04394531,0.12304688,-3.11279297,0.61035156,1.89208984
-1.0078125,0.04345703,0.11132812,-1.28173828,1.64794922,1.89208984
-1.0078125,0.04345703,0.11132812,-1.28173828,1.64794922,1.89208984
-0.99707031,0.05029297,0.10742188,-1.03759766,2.01416016,1.70898438
-0.99121094,0.04638672,0.10302734,-0.9765625,2.25830078,1.46484375
-0.984375,0.04589844,0.10498047,-0.30517578,2.01416016,0.73242188
-0.984375,0.04589844,0.10498047,-0.30517578,2.01416016,0.73242188
-0.98632812,0.04003906,0.10595703,0.79345703,1.64794922,0.24414062
-0.99023438,0.03857422,0.1015625,1.70898438,1.52587891,-0.06103516
-0.99023438,0.03857422,0.1015625,1.70898438,1.52587891,-0.06103516
-0.98876953,0.05126953,0.08154297,2.31933594,0.42724609,-0.67138672
-0.98876953,0.05126953,0.08154297,2.31933594,0.42724609,-0.67138672
-0.99853516,0.0546875,0.09326172,1.03759766,-0.9765625,-1.09863281
-0.99853516,0.0546875,0.09326172,1.03759766,-0.9765625,-1.09863281
-1.00488281,0.04541016,0.11230469,-0.61035156,0.91552734,0.12207031
-1.00488281,0.04541016,0.11230469,-0.61035156,0.91552734,0.12207031
-0.98730469,0.03466797,0.09960938,0.18310547,1.89208984,0.9765625
-0.98730469,0.03466797,0.09960938,0.18310547,1.89208984,0.9765625
-0.97509766,0.04785156,0.07470703,1.83105469,0.24414062,0.18310547
-0.97509766,0.04785156,0.07470703,1.83105469,0.24414062,0.18310547
-0.98681641,0.0546875,0.07324219,0.48828125,-2.56347656,-0.85449219
-0.98681641,0.0546875,0.07324219,0.48828125,-2.56347656,-0.85449219
-1.01171875,0.04492188,0.13378906,-0.61035156,-1.09863281,-0.54931641
-1.01171875,0.04492188,0.13378906,-0.61035156,-1.09863281,-0.54931641
-1.01220703,0.04492188,0.12792969,0.30517578,2.99072266,0.85449219
-1.01220703,0.04492188,0.12792969,0.30517578,2.99072266,0.85449219
-0.99169922,0.04296875,0.08056641,1.83105469,3.17382812,0.42724609
-0.99169922,0.04296875,0.08056641,1.83105469,3.17382812,0.42724609
-0.98095703,0.05029297,0.06103516,2.86865234,-0.12207031,-0.9765625
-0.98095703,0.05029297,0.06103516,2.86865234,-0.12207031,-0.9765625
-0.97802734,0.06005859,0.0625,1.70898438,-4.27246094,-2.68554688
-0.97802734,0.06005859,0.0625,1.70898438,-4.27246094,-2.68554688
-1.00683594,0.05273438,0.10205078,-0.12207031,-6.59179688,-3.84521484
-1.00683594,0.05273438,0.10205078,-0.12207031,-6.59179688,-3.84521484
-1.02539062,0.04296875,0.14501953,-0.67138672,-1.70898438,-1.83105469
-1.02539062,0.04296875,0.14501953,-0.67138672,-1.70898438,-1.83105469
-1.00048828,0.03417969,0.11572266,-0.18310547,1.70898438,-0.24414062
-1.00048828,0.03417969,0.11572266,-0.18310547,1.70898438,-0.24414062
-0.97705078,0.04101562,0.07080078,0.73242188,0.30517578,-0.48828125
-0.97705078,0.04101562,0.07080078,0.73242188,0.30517578,-0.48828125
-0.97558594,0.04882812,0.06933594,-0.79345703,-3.11279297,-1.03759766
-0.97558594,0.04882812,0.06933594,-0.79345703,-3.11279297,-1.03759766
-1.00537109,0.04882812,0.09863281,-2.56347656,-4.33349609,-1.03759766
-1.00537109,0.04882812,0.09863281,-2.56347656,-4.33349609,-1.03759766
-1.03564453,0.03515625,0.15917969,-1.89208984,-0.54931641,0.24414062
-1.03564453,0.03515625,0.15917969,-1.89208984,-0.54931641,0.24414062
-1.01806641,0.03515625,0.12988281,0.91552734,4.57763672,1.77001953
-1.01806641,0.03515625,0.12988281,0.91552734,4.57763672,1.77001953
-0.98388672,0.04931641,0.07470703,1.70898438,3.96728516,1.70898438
-0.98388672,0.04931641,0.07470703,1.70898438,3.96728516,1.70898438
-0.97607422,0.05224609,0.06396484,-0.67138672,0.24414062,1.34277344
-0.97607422,0.05224609,0.06396484,-0.67138672,0.24414062,1.34277344
-0.99755859,0.04980469,0.08496094,-3.35693359,-1.89208984,1.22070312
-0.99755859,0.04980469,0.08496094,-3.35693359,-1.89208984,1.22070312
-1.02148438,0.04638672,0.12402344,-4.08935547,-0.24414062,1.52587891
-1.02148438,0.04638672,0.12402344,-4.08935547,-0.24414062,1.40380859
-1.00732422,0.03173828,0.11816406,-0.18310547,1.77001953,1.22070312
-1.00732422,0.03173828,0.11816406,-0.18310547,1.77001953,1.03759766
-0.98388672,0.046875,0.08300781,1.15966797,1.58691406,1.03759766
-0.98388672,0.046875,0.08300781,1.15966797,0.54931641,0.9765625
-0.97265625,0.04931641,0.07080078,-0.9765625,-0.91552734,1.03759766
-0.97265625,0.04931641,0.07080078,-0.9765625,-2.31933594,1.15966797
-0.97851562,0.05078125,0.07763672,-3.29589844,-3.60107422,0.9765625
-0.97851562,0.05078125,0.07763672,-4.33349609,-3.90625,0.79345703
-1.01855469,0.04052734,0.11083984,-4.94384766,-2.74658203,1.22070312
-1.01855469,0.04052734,0.11083984,-4.45556641,-0.73242188,1.70898438
-1.01855469,0.04785156,0.1328125,-3.35693359,1.22070312,1.77001953
-1.01855469,0.04785156,0.1328125,-2.25830078,2.38037109,1.64794922
-1.00488281,0.04492188,0.09423828,-2.13623047,2.50244141,1.70898438
-1.00488281,0.04492188,0.09423828,-2.19726562,2.13623047,1.83105469
-0.99365234,0.04931641,0.07910156,-2.80761719,1.22070312,1.83105469
-0.99365234,0.04931641,0.07910156,-3.54003906,0.61035156,1.89208984
-1,0.04443359,0.10400391,-3.78417969,0.48828125,2.19726562
-1,0.04443359,0.10400391,-3.66210938,1.34277344,2.68554688
-1.01611328,0.03613281,0.12109375,-2.74658203,2.62451172,3.17382812
-1.01611328,0.03613281,0.12109375,-1.03759766,3.35693359,2.99072266
-1,0.04931641,0.1015625,0.73242188,3.11279297,2.19726562
-1,0.04931641,0.1015625,1.953125,2.01416016,0.9765625
-0.99414062,0.05664062,0.07763672,1.953125,0.9765625,0.18310547
-0.99414062,0.05664062,0.07763672,1.40380859,0.12207031,-0.30517578
-1,0.04589844,0.09033203,0.73242188,-0.36621094,-0.24414062
-1,0.04589844,0.09033203,0.36621094,-0.42724609,0
-1.00927734,0.05517578,0.10351562,0.36621094,-0.36621094,0.06103516
-1.00927734,0.05517578,0.10351562,0.18310547,0.24414062,0.12207031
-1.00244141,0.03759766,0.11132812,0.73242188,1.34277344,0.48828125
-1.00244141,0.03759766,0.11132812,1.34277344,1.64794922,0.61035156
-0.98144531,0.05175781,0.08447266,1.83105469,1.09863281,0.18310547
-0.98144531,0.05175781,0.07519531,1.83105469,-0.12207031,-0.54931641
-0.98046875,0.06201172,0.07568359,0.91552734,-1.52587891,-1.09863281
-0.98046875,0.06005859,0.09375,-0.06103516,-2.13623047,-1.52587891
-1.00146484,0.04589844,0.10986328,-1.22070312,-1.64794922,-1.09863281
-1.00146484,0.04443359,0.12109375,-2.19726562,0.06103516,0
-1.00585938,0.04980469,0.12158203,-2.01416016,1.58691406,0.73242188
-1.00585938,0.04785156,0.10791016,-1.34277344,2.07519531,0.73242188
-0.98828125,0.04785156,0.09179688,-0.48828125,1.77001953,0.48828125
-0.98242188,0.04736328,0.07617188,0.12207031,0.91552734,0.06103516
-0.98046875,0.04980469,0.07128906,0.54931641,-0.12207031,-0.36621094
-0.97998047,0.05126953,0.08154297,0.85449219,-1.28173828,-0.91552734
-0.98535156,0.04882812,0.09814453,1.03759766,-1.70898438,-1.03759766
-0.99365234,0.04492188,0.10791016,1.09863281,-1.40380859,-0.73242188
-0.99658203,0.04638672,0.10595703,0.85449219,-0.9765625,-0.24414062
-0.9921875,0.04736328,0.10058594,0.67138672,-0.54931641,0
-0.98779297,0.04492188,0.09082031,0.9765625,-0.73242188,-0.06103516
-0.98486328,0.046875,0.07666016,1.40380859,-1.58691406,-0.48828125
-0.98339844,0.05371094,0.07470703,1.46484375,-2.80761719,-0.9765625
-0.9921875,0.05322266,0.08056641,1.09863281,-4.02832031,-1.28173828
-0.99414062,0.05664062,0.09765625,0.42724609,-4.39453125,-1.34277344
-0.9921875,0.06152344,0.11669922,0.24414062,-3.78417969,-1.28173828
-1.01025391,0.04638672,0.12939453,0.12207031,-2.99072266,-0.85449219
-1.01269531,0.04101562,0.12402344,0.36621094,-1.77001953,-0.12207031
-1.00878906,0.04150391,0.11865234,0.54931641,-0.36621094,0.54931641
-0.99707031,0.04589844,0.10888672,1.09863281,0.73242188,0.91552734
-0.98828125,0.04931641,0.09375,1.953125,0.36621094,0.61035156
-0.98339844,0.05517578,0.08447266,2.38037109,-0.85449219,0
-0.98486328,0.05615234,0.08447266,2.44140625,-2.13623047,-0.54931641
-0.99121094,0.05419922,0.09228516,2.25830078,-3.29589844,-1.09863281
-0.99853516,0.046875,0.10253906,2.01416016,-3.54003906,-1.03759766
-0.99658203,0.04736328,0.10449219,2.25830078,-3.54003906,-0.91552734
-0.98876953,0.05078125,0.09765625,2.62451172,-4.21142578,-1.03759766
-0.98730469,0.04931641,0.09228516,2.99072266,-5.37109375,-1.28173828
-0.98730469,0.05126953,0.09423828,3.47900391,-6.65283203,-1.52587891
-0.99023438,0.05126953,0.09326172,3.17382812,-7.32421875,-1.40380859
-0.98291016,0.05126953,0.08789062,2.50244141,-7.62939453,-1.34277344
-0.99560547,0.04199219,0.08691406,1.09863281,-7.38525391,-0.91552734
-1.00048828,0.04736328,0.08105469,-0.24414062,-7.14111328,0.06103516
-0.99414062,0.05126953,0.07763672,-1.34277344,-8.05664062,0.67138672
-0.99462891,0.04345703,0.06640625,-1.64794922,-9.82666016,0.73242188
-0.99707031,0.02929688,0.04394531,-1.77001953,-12.57324219,0.91552734
-0.96533203,0.06884766,0.07519531,-2.13623047,-14.70947266,0.48828125
-0.98583984,0.06201172,0.10888672,-2.56347656,-15.625,-0.61035156
-1.00195312,0.05712891,0.13916016,-3.29589844,-14.52636719,-0.73242188
-1.03222656,0.03369141,0.125,-4.15039062,-13.00048828,0.36621094
-1.02685547,0.03369141,0.10986328,-4.33349609,-12.08496094,2.13623047
-1.00488281,0.05126953,0.11572266,-3.96728516,-12.08496094,3.05175781
-1.00732422,0.04589844,0.12646484,-3.11279297,-12.39013672,3.35693359
-1.02392578,0.03222656,0.12646484,-2.25830078,-12.93945312,4.45556641
-1.02783203,0.03369141,0.10791016,-1.40380859,-14.28222656,6.16455078
-0.99755859,0.05273438,0.09277344,0.42724609,-17.51708984,6.8359375
-0.9765625,0.06445312,0.09863281,2.80761719,-22.58300781,5.98144531
-1.00097656,0.06640625,0.08984375,5.92041016,-28.68652344,4.33349609
-1.00195312,0.02880859,0.10400391,10.86425781,-35.33935547,2.86865234
-0.97558594,0.0625,0.09472656,15.44189453,-42.29736328,1.34277344
-0.90625,0.07470703,0.08154297,22.15576172,-51.57470703,-3.47900391
-0.88916016,0.03710938,0.08203125,32.77587891,-63.78173828,-12.63427734
-0.96728516,0.1015625,0.05957031,40.22216797,-74.21875,-16.11328125
-0.99609375,0.07861328,0.08154297,39.42871094,-79.77294922,-17.88330078
-1.02539062,0.05273438,0.12597656,34.60693359,-79.28466797,-16.78466797
-1.02636719,0.06591797,0.15039062,28.80859375,-76.66015625,-14.77050781
-1.03466797,0.04785156,0.1796875,23.31542969,-72.44873047,-12.93945312
-1.03759766,0.03222656,0.16748047,18.85986328,-68.78662109,-9.94873047
-0.99365234,0.06396484,0.13720703,16.41845703,-69.15283203,-8.54492188
-0.94775391,0.08935547,0.11523438,15.25878906,-72.87597656,-10.49804688
-0.93603516,0.08056641,0.12695312,14.09912109,-75.92773438,-14.03808594
-0.95703125,0.06054688,0.13769531,11.47460938,-76.59912109,-16.29638672
-0.98046875,0.04296875,0.15527344,6.89697266,-75.07324219,-15.80810547
-0.98828125,0.03662109,0.18261719,1.09863281,-73.30322266,-13.97705078
-0.98583984,0.03076172,0.23242188,-3.41796875,-70.37353516,-12.02392578
-0.99902344,0.01367188,0.27148438,-7.20214844,-64.57519531,-9.27734375
-1.02099609,0.00585938,0.27392578,-10.37597656,-58.77685547,-5.61523438
-1.01806641,0.00244141,0.25146484,-11.96289062,-55.35888672,-1.46484375
-0.98925781,0.02050781,0.25683594,-11.59667969,-55.23681641,1.64794922
-0.95654297,0.03076172,0.25976562,-9.46044922,-57.6171875,2.44140625
-0.94091797,0.02880859,0.24755859,-6.16455078,-61.5234375,1.89208984
-0.93652344,0.02294922,0.20166016,-1.70898438,-67.26074219,0.9765625
-0.92724609,0.02490234,0.17431641,2.13623047,-75.1953125,-0.18310547
-0.91943359,0.02441406,0.15283203,6.16455078,-85.69335938,-1.77001953
-0.90039062,0.02880859,0.13818359,10.62011719,-98.32763672,-3.84521484
-0.89160156,0.03710938,0.14550781,15.31982422,-112.121582,-6.77490234
-0.88623047,0.04736328,0.16552734,18.98193359,-125.4882813,-9.88769531
-0.88769531,0.0390625,0.18554688,20.56884766,-135.4980469,-12.51220703
-0.88769531,0.0390625,0.18554688,20.56884766,-135.4980469,-12.51220703
-0.88916016,0.03125,0.19726562,18.79882812,-140.5639648,-14.6484375
-0.95898438,0.01171875,0.19824219,1.03759766,-135.1928711,-13.73291016
-1.01904297,0.02880859,0.296875,-11.23046875,-128.4179688,-10.68115234
-1.01904297,0.02880859,0.296875,-11.23046875,-128.4179688,-10.68115234
-1.05273438,0.03613281,0.46923828,-19.95849609,-116.2109375,-7.50732422
-1.09667969,-0.06201172,0.57324219,-29.78515625,-81.90917969,2.9296875
-1.13330078,-0.26074219,0.35302734,-30.33447266,-70.98388672,12.02392578
-1.13330078,-0.26074219,0.35302734,-30.33447266,-70.98388672,12.02392578
-1.26806641,-0.59765625,-0.13623047,-28.93066406,-82.94677734,38.63525391
-0.86914062,0.25927734,0.62939453,-25.390625,-87.09716797,39.00146484
-0.81347656,0.19189453,0.55810547,-18.98193359,-85.44921875,30.2734375
-0.81347656,0.19189453,0.55810547,-18.98193359,-85.44921875,30.2734375
-0.81054688,0.140625,0.47363281,-13.12255859,-87.70751953,24.16992188
-0.81640625,0.06591797,0.30761719,-8.36181641,-103.2714844,15.68603516
-0.80615234,0.04199219,0.26708984,-8.66699219,-112.1826172,13.91601562
-0.80615234,0.04199219,0.26708984,-8.66699219,-112.1826172,13.91601562
-0.79394531,0.03320312,0.2578125,-10.92529297,-122.0703125,14.28222656
-0.78417969,0.06689453,0.25244141,-14.89257812,-146.7895508,12.87841797
-0.81494141,0.05566406,0.27197266,-15.86914062,-161.1938477,10.49804688
-0.81494141,0.05566406,0.27197266,-15.86914062,-161.1938477,10.49804688
-0.83398438,0.02685547,0.32617188,-15.80810547,-173.9501953,8.66699219
-0.83203125,0.02197266,0.39160156,-17.15087891,-188.5986328,7.62939453
-0.85595703,0.02734375,0.47607422,-20.38574219,-191.40625,8.36181641
-0.85595703,0.02734375,0.47607422,-20.38574219,-191.40625,8.36181641
-0.88671875,0.02783203,0.63134766,-22.39990234,-188.7207031,10.13183594
-0.92529297,0.01855469,0.82519531,-17.94433594,-170.5322266,15.07568359
-0.91308594,0.01416016,0.83544922,-14.09912109,-158.3862305,17.70019531
-0.91308594,0.01416016,0.83544922,-14.09912109,-158.3862305,17.70019531
-0.89257812,0.01220703,0.78027344,-11.35253906,-147.277832,20.56884766
-0.80517578,0.05273438,0.65478516,-10.43701172,-136.3525391,23.13232422
-0.76220703,0.05126953,0.63964844,-10.25390625,-135.3759766,22.21679688
-0.76220703,0.05126953,0.63964844,-10.25390625,-135.3759766,22.21679688
-0.71728516,0.06054688,0.64648438,-9.15527344,-135.3149414,20.56884766
-0.64208984,0.08154297,0.66259766,-5.49316406,-136.3525391,16.17431641
-0.61328125,0.09619141,0.66455078,-3.54003906,-137.3291016,13.671875
-0.61328125,0.09619141,0.66455078,-3.54003906,-137.3291016,13.671875
-0.60742188,0.09912109,0.65429688,-1.52587891,-139.1601563,10.13183594
-0.65234375,0.06054688,0.62841797,1.22070312,-145.8740234,4.02832031
-0.68310547,0.03710938,0.63525391,1.22070312,-149.1699219,3.90625
-0.68310547,0.03710938,0.63525391,1.22070312,-149.1699219,3.90625
-0.70214844,0.02441406,0.63623047,0.30517578,-151.7944336,5.31005859
-0.67773438,0.04833984,0.61962891,-7.50732422,-156.7382813,8.66699219
-0.66699219,0.05322266,0.65722656,-11.84082031,-159.3017578,9.27734375
-0.66699219,0.05322266,0.65722656,-11.84082031,-159.3017578,9.27734375
-0.66943359,0.05029297,0.71533203,-14.22119141,-161.1328125,9.15527344
-0.66455078,0.03417969,0.76953125,-12.20703125,-165.5273438,8.48388672
-0.65087891,0.03369141,0.78320312,-10.19287109,-168.4570313,8.30078125
-0.65087891,0.03369141,0.78320312,-10.19287109,-168.4570313,8.30078125
-0.62988281,0.0390625,0.81494141,-6.10351562,-171.3256836,8.66699219
-0.59130859,0.06347656,0.875,2.38037109,-174.1943359,8.42285156
-0.60644531,0.04101562,0.84228516,5.859375,-177.0019531,8.05664062
-0.60644531,0.04101562,0.84228516,5.859375,-177.0019531,8.05664062
-0.60058594,0.03222656,0.82226562,8.42285156,-185.9741211,8.66699219
-0.56982422,0.04150391,0.76708984,9.52148438,-185.9741211,8.66699219
-0.51416016,0.04785156,0.87060547,10.92529297,-189.7583008,8.48388672
-0.40576172,0.06103516,0.83203125,17.27294922,-189.0258789,6.53076172
-0.39404297,0.08203125,0.84130859,19.71435547,-189.453125,5.24902344
-0.39404297,0.08203125,0.84130859,19.71435547,-189.453125,5.24902344
-0.39257812,0.07324219,0.87207031,20.26367188,-188.9648438,4.27246094
-0.40136719,0.06738281,0.94824219,21.60644531,-184.5703125,3.96728516
-0.40576172,0.06933594,1.0078125,21.42333984,-177.734375,4.15039062
-0.40576172,0.06933594,1.0078125,21.42333984,-177.734375,4.15039062
-0.40087891,0.07714844,0.98681641,21.54541016,-170.1660156,4.33349609
-0.40087891,0.05224609,0.89111328,20.26367188,-165.7104492,4.39453125
-0.40917969,0.06152344,0.91162109,18.92089844,-163.9404297,6.28662109
-0.39599609,0.08642578,0.98681641,16.6015625,-159.6069336,7.75146484
-0.38232422,0.08740234,0.95654297,13.97705078,-155.456543,7.62939453
-0.36132812,0.09472656,0.91503906,10.49804688,-153.9916992,7.62939453
-0.32275391,0.12011719,0.96777344,8.30078125,-152.8320313,3.41796875
-0.27783203,0.14892578,0.9296875,5.98144531,-151.8554688,3.41796875
-0.25976562,0.12207031,0.82714844,1.58691406,-161.8041992,-1.77001953
-0.23779297,0.09814453,0.83496094,-3.66210938,-161.8041992,-1.77001953
-0.20410156,0.08251953,0.86621094,-12.26806641,-165.8325195,-3.23486328
-0.19775391,0.08349609,0.86572266,-22.33886719,-165.8325195,-3.23486328
-0.21386719,0.08105469,0.86572266,-39.79492188,-166.8701172,-4.39453125
-0.21972656,0.06640625,0.86962891,-39.79492188,-166.8701172,-4.39453125
-0.21337891,0.05419922,0.86230469,-46.32568359,-174.3774414,-5.859375
-0.19287109,0.05517578,0.87402344,-46.32568359,-174.3774414,-5.859375
-0.18261719,0.05859375,0.85888672,-29.41894531,-185.3027344,-8.66699219
-0.17333984,0.03369141,0.92236328,-29.41894531,-185.3027344,-8.66699219
-0.16455078,0.02636719,1.06103516,-30.45654297,-176.574707,-7.20214844
-0.15380859,0.03076172,1.11816406,-30.45654297,-176.574707,-7.20214844
-0.14648438,0.03076172,1.16845703,-32.83691406,-146.6064453,-4.45556641
-0.140625,0.02929688,1.2265625,-32.83691406,-146.6064453,-4.45556641
-0.13818359,0.02685547,1.26171875,-31.79931641,-107.5439453,-0.85449219
-0.13134766,0.02929688,1.26855469,-31.79931641,-107.5439453,-0.85449219
-0.11621094,0.03613281,1.25244141,-30.33447266,-72.69287109,2.19726562
-0.08642578,0.04492188,1.22558594,-30.33447266,-72.69287109,2.19726562
-0.05957031,0.05566406,1.18847656,-30.82275391,-47.66845703,1.09863281
-0.04882812,0.05615234,1.14208984,-30.82275391,-47.66845703,1.09863281
-0.05908203,0.04785156,1.10107422,-28.56445312,-34.85107422,-1.03759766
-0.07763672,0.04150391,1.07177734,-28.56445312,-34.85107422,-1.03759766
-0.09960938,0.01904297,1.05029297,-28.01513672,-29.23583984,-0.91552734
-0.11328125,0.00439453,1.00292969,-28.01513672,-29.23583984,-0.91552734
-0.10986328,0.01611328,0.94873047,-27.34375,-34.91210938,-1.64794922
-0.08886719,0.01220703,0.94091797,-27.34375,-34.91210938,-1.64794922
-0.07910156,0.01123047,0.94091797,-27.28271484,-46.56982422,-2.62451172
-0.08544922,0.00292969,0.94384766,-27.28271484,-46.56982422,-2.62451172
-0.09179688,-0.01318359,0.95410156,-25.63476562,-59.14306641,-3.47900391
-0.07763672,-0.01464844,0.95849609,-25.63476562,-59.14306641,-3.47900391
-0.05566406,-0.00732422,0.98974609,-21.484375,-70.86181641,-5.31005859
-0.04785156,0,0.98974609,-21.484375,-70.86181641,-5.31005859
-0.05371094,-0.00830078,1.03857422,-18.12744141,-78.43017578,-6.8359375
-0.06494141,-0.0234375,1.03857422,-18.12744141,-78.43017578,-6.8359375
-0.06103516,-0.02587891,1.11035156,-14.22119141,-76.29394531,-5.92041016
-0.04785156,-0.02587891,1.11035156,-14.22119141,-76.29394531,-5.92041016
-0.03662109,-0.0390625,1.19335938,-9.03320312,-60.79101562,-5.73730469
-0.03564453,-0.0390625,1.19335938,-9.03320312,-60.79101562,-5.73730469
-0.02441406,-0.03271484,1.22070312,-4.94384766,-29.41894531,-4.51660156
-0.02441406,-0.03271484,1.22070312,-4.94384766,-29.41894531,-4.51660156
-0.05419922,-0.046875,1.16113281,-4.08935547,2.01416016,-0.54931641
-0.05419922,-0.046875,1.16113281,-4.08935547,2.01416016,-0.54931641
-0.00537109,-0.0078125,1.06835938,-7.38525391,23.80371094,3.11279297
-0.00537109,-0.0078125,1.06835938,-7.38525391,23.80371094,3.11279297
0.00976562,0.00341797,0.97216797,-10.43701172,28.93066406,0.54931641
0.00976562,0.00341797,0.97216797,-10.43701172,28.93066406,0.54931641
-0.02880859,-0.01708984,0.93066406,-11.41357422,21.17919922,-1.77001953
-0.02880859,-0.01708984,0.93066406,-11.41357422,21.17919922,-1.77001953
-0.01904297,-0.01123047,0.94628906,-12.87841797,11.59667969,-3.23486328
-0.01904297,-0.01123047,0.94628906,-12.87841797,11.59667969,-3.23486328
-0.03173828,-0.02294922,0.98291016,-13.97705078,4.21142578,-5.00488281
-0.03173828,-0.02294922,0.98291016,-13.97705078,4.21142578,-5.00488281
-0.05322266,-0.03564453,1.03613281,-12.20703125,0.91552734,-4.51660156
-0.05322266,-0.03564453,1.03613281,-12.20703125,0.91552734,-4.51660156
-0.06005859,-0.04150391,1.05712891,-8.42285156,1.58691406,-2.9296875
-0.06005859,-0.04150391,1.05712891,-8.42285156,1.58691406,-2.9296875
-0.05957031,-0.04052734,1.04980469,-6.16455078,4.15039062,-1.15966797
-0.05957031,-0.04052734,1.04980469,-6.16455078,4.15039062,-1.15966797
-0.02050781,-0.01367188,1.02587891,-4.33349609,5.06591797,-0.85449219
-0.02050781,-0.01367188,1.02587891,-4.33349609,5.06591797,-0.85449219
-0.01708984,-0.01025391,0.99560547,-1.34277344,0.48828125,-3.23486328
-0.01708984,-0.01025391,0.99560547,-1.34277344,0.48828125,-3.23486328
-0.05322266,-0.03369141,0.99023438,-0.54931641,-4.69970703,-3.78417969
-0.05322266,-0.03369141,0.99023438,-0.54931641,-4.69970703,-3.78417969
-0.05566406,-0.04003906,1.01171875,-0.91552734,-7.62939453,-3.72314453
-0.05566406,-0.04003906,1.01171875,-0.91552734,-7.62939453,-3.72314453
-0.03417969,-0.02441406,0.98046875,-0.18310547,-6.22558594,-3.66210938
-0.03417969,-0.02441406,0.98046875,-0.18310547,-6.22558594,-3.66210938
-0.03564453,0.02099609,0.95507812,3.29589844,-0.67138672,-0.79345703
-0.03564453,0.02099609,0.95507812,3.29589844,-0.67138672,-0.79345703
-0.04589844,-0.02148438,0.9453125,5.98144531,8.23974609,1.70898438
-0.04589844,-0.02148438,0.9453125,5.98144531,8.23974609,1.70898438
-0.06738281,-0.02148438,0.98632812,5.61523438,13.06152344,2.9296875
-0.06738281,-0.02148438,0.98632812,5.61523438,13.06152344,2.9296875
-0.03125,-0.02929688,1.00634766,4.45556641,10.7421875,3.17382812
-0.03125,-0.02929688,1.00634766,4.45556641,10.7421875,3.17382812
-0.02490234,-0.01513672,1.01220703,1.64794922,7.69042969,2.56347656
-0.02490234,-0.01513672,1.01220703,1.64794922,7.69042969,2.56347656
-0.03662109,-0.03076172,1.01660156,1.15966797,4.82177734,2.31933594
-0.03662109,-0.03076172,1.01660156,1.15966797,4.82177734,2.31933594
-0.04980469,-0.04101562,1.00488281,2.31933594,2.99072266,1.22070312
-0.04980469,-0.04101562,1.00488281,2.31933594,2.99072266,1.22070312
-0.0625,-0.03515625,0.98632812,1.40380859,2.38037109,0.42724609
-0.0625,-0.03515625,0.98632812,1.40380859,2.38037109,0.42724609
-0.06396484,-0.03125,0.97802734,-0.73242188,3.11279297,0.24414062
-0.06396484,-0.03125,0.97802734,-0.73242188,3.11279297,0.24414062
-0.06542969,-0.01660156,0.96484375,0.48828125,6.04248047,0.79345703
-0.06542969,-0.01660156,0.96484375,0.48828125,6.04248047,0.79345703
-0.078125,-0.01660156,0.95703125,1.953125,11.59667969,2.25830078
-0.078125,-0.01660156,0.95703125,1.953125,11.59667969,2.25830078
-0.08007812,-0.02441406,0.96386719,1.46484375,14.89257812,3.84521484
-0.08007812,-0.02441406,0.96386719,1.46484375,14.89257812,3.84521484
-0.04101562,-0.02490234,0.98046875,-1.34277344,13.73291016,3.84521484
-0.04101562,-0.02490234,0.98046875,-1.34277344,13.73291016,3.84521484
-0.02978516,-0.03271484,1.01416016,-3.29589844,9.33837891,2.13623047
-0.02978516,-0.03271484,1.01416016,-3.29589844,9.33837891,2.13623047
-0.04931641,-0.02978516,1.00878906,-2.74658203,4.8828125,0.67138672
-0.04931641,-0.02978516,1.00878906,-2.74658203,4.8828125,0.67138672
-0.06494141,-0.02099609,1.00097656,-0.42724609,3.72314453,0.73242188
-0.06494141,-0.02099609,1.00097656,-0.42724609,3.72314453,0.73242188
-0.06445312,-0.01074219,1.01757812,0.36621094,4.69970703,1.77001953
-0.06445312,-0.01074219,1.01757812,0.36621094,4.69970703,1.77001953
-0.06005859,-0.03466797,1.05322266,1.52587891,3.84521484,1.89208984
-0.06005859,-0.03466797,1.05322266,1.52587891,3.84521484,1.89208984
-0.07666016,-0.03173828,1.05371094,3.29589844,0.06103516,1.09863281
-0.07666016,-0.03173828,1.05371094,3.29589844,0.06103516,1.09863281
-0.0703125,-0.02294922,1.04101562,2.68554688,-3.66210938,1.34277344
-0.0703125,-0.02294922,1.04101562,2.68554688,-3.66210938,1.34277344
-0.05761719,-0.02587891,1.04199219,2.25830078,-7.44628906,1.15966797
-0.05761719,-0.02587891,1.04199219,2.25830078,-7.44628906,1.15966797
-0.06640625,-0.04101562,1.00244141,2.31933594,-10.07080078,0.73242188
-0.06640625,-0.04101562,1.00244141,2.31933594,-10.07080078,0.73242188
-0.0703125,-0.02978516,0.94775391,0.12207031,-8.48388672,0.36621094
-0.0703125,-0.02978516,0.94775391,0.12207031,-8.48388672,0.36621094
-0.07177734,-0.01171875,0.94726562,-2.13623047,-3.66210938,0.91552734
-0.07177734,-0.01171875,0.94726562,-2.13623047,-3.66210938,0.91552734
-0.05517578,-0.01855469,0.98144531,-2.07519531,1.09863281,2.13623047
-0.05517578,-0.01855469,0.98144531,-2.07519531,1.09863281,2.13623047
-0.05908203,-0.03369141,0.99951172,-1.09863281,2.07519531,1.77001953
-0.05908203,-0.03369141,0.99951172,-1.09863281,2.07519531,1.77001953
-0.0625,-0.03759766,0.99658203,-1.58691406,0.79345703,0.91552734
-0.0625,-0.03759766,0.99658203,-1.58691406,0.79345703,0.91552734
-0.07519531,-0.02636719,0.99560547,-1.64794922,-0.42724609,0.36621094
-0.07519531,-0.02636719,0.99560547,-1.64794922,-0.42724609,0.36621094
-0.04785156,-0.01171875,1.01416016,0,0.18310547,1.34277344
-0.04785156,-0.01171875,1.01416016,0,0.18310547,1.34277344
-0.05615234,-0.02734375,1.02636719,2.13623047,-1.46484375,1.34277344
-0.05615234,-0.02734375,1.02636719,2.13623047,-1.46484375,1.34277344
-0.07568359,-0.03369141,0.99462891,2.50244141,-2.68554688,1.15966797
-0.07568359,-0.03369141,0.99462891,2.50244141,-2.68554688,1.15966797
-0.07177734,-0.02832031,0.98291016,1.89208984,-1.28173828,1.34277344
-0.07177734,-0.02832031,0.98291016,1.89208984,-1.28173828,1.34277344
-0.06542969,-0.02880859,1.00048828,1.77001953,0.06103516,1.52587891
-0.06542969,-0.02880859,1.00048828,1.77001953,0.06103516,1.52587891
-0.0703125,-0.02148438,1.00585938,2.38037109,-0.67138672,1.83105469
-0.0703125,-0.02148438,1.00585938,2.38037109,-0.67138672,1.83105469
-0.07128906,-0.02294922,0.97265625,1.953125,0.30517578,2.80761719
-0.07128906,-0.02294922,0.97265625,1.953125,0.30517578,2.80761719
-0.06396484,-0.02929688,0.98730469,1.15966797,2.01416016,3.05175781
-0.06396484,-0.02929688,0.98730469,1.15966797,2.01416016,3.05175781
-0.05224609,-0.0234375,0.99511719,1.28173828,2.56347656,2.99072266
-0.05224609,-0.0234375,0.99511719,1.28173828,2.56347656,2.99072266
-0.04541016,-0.02294922,1.00439453,0.85449219,2.62451172,2.86865234
-0.04541016,-0.02294922,1.00439453,0.85449219,2.62451172,2.86865234
-0.06982422,-0.05419922,1.02099609,0.30517578,0.48828125,1.34277344
-0.06982422,-0.05419922,1.02099609,0.30517578,0.48828125,1.34277344
-0.07519531,-0.04150391,1.01513672,0.48828125,-2.68554688,-0.06103516
-0.07519531,-0.04150391,1.01513672,0.48828125,-2.68554688,-0.06103516
-0.06933594,-0.02197266,1.00195312,0.42724609,-4.08935547,-0.54931641
-0.06933594,-0.02197266,1.00195312,0.42724609,-4.08935547,-0.54931641
-0.06689453,-0.00390625,0.96826172,0.18310547,-2.25830078,0.54931641
-0.06689453,-0.00390625,0.96826172,0.18310547,-2.25830078,0.54931641
-0.05859375,-0.01074219,0.97070312,0.85449219,1.40380859,2.25830078
-0.05859375,-0.01074219,0.97070312,0.85449219,1.40380859,2.25830078
-0.05712891,-0.02539062,1.00244141,1.64794922,1.15966797,2.38037109
-0.05712891,-0.02539062,1.00244141,1.64794922,1.15966797,2.38037109
-0.07080078,-0.05957031,1.00683594,1.09863281,-1.58691406,1.52587891
-0.07080078,-0.05957031,1.00683594,1.09863281,-1.58691406,1.52587891
-0.07324219,-0.03320312,0.98828125,-1.34277344,-3.05175781,-0.18310547
-0.07324219,-0.03320312,0.98828125,-1.34277344,-3.05175781,-0.18310547
-0.05175781,-0.01464844,0.98583984,-2.86865234,-1.15966797,-0.30517578
-0.05175781,-0.01464844,0.98583984,-2.86865234,-1.15966797,-0.30517578
-0.06103516,-0.01953125,1.00097656,-1.52587891,-0.06103516,0.24414062
-0.06103516,-0.01953125,1.00097656,-1.52587891,-0.06103516,0.24414062
-0.06689453,-0.03173828,1.00488281,-0.91552734,-0.91552734,-0.18310547
-0.06689453,-0.03173828,1.00488281,-0.91552734,-0.91552734,-0.18310547
-0.07470703,-0.02929688,1.00878906,-1.28173828,-1.953125,-0.36621094
-0.07470703,-0.02929688,1.00878906,-1.28173828,-1.953125,-0.36621094
-0.07666016,-0.04296875,0.99560547,-2.44140625,-2.50244141,-0.54931641
-0.07666016,-0.04296875,0.99560547,-2.44140625,-2.50244141,-0.54931641
-0.06542969,-0.03564453,0.97802734,-3.72314453,-2.25830078,-1.58691406
-0.06542969,-0.03564453,0.97802734,-3.72314453,-2.25830078,-1.58691406
-0.04882812,0.00683594,0.99365234,-3.66210938,-1.28173828,-2.13623047
-0.04882812,0.00683594,0.99365234,-3.66210938,-1.28173828,-2.13623047
-0.05761719,-0.01513672,0.99609375,-1.83105469,-1.40380859,-0.9765625
-0.05761719,-0.01513672,0.99609375,-1.83105469,-1.40380859,-0.9765625
-0.06298828,-0.01855469,0.97802734,-1.83105469,-0.91552734,-0.61035156
-0.06298828,-0.01855469,0.97802734,-1.83105469,-0.91552734,-0.61035156
-0.05859375,-0.01660156,0.98046875,-3.41796875,0.48828125,-0.12207031
-0.05859375,-0.01660156,0.98046875,-3.41796875,0.48828125,-0.12207031
-0.06103516,-0.04541016,0.99853516,-4.21142578,1.46484375,-0.24414062
-0.06103516,-0.04541016,0.99853516,-4.21142578,1.46484375,-0.24414062
-0.06201172,-0.04101562,1.00292969,-3.23486328,1.58691406,-0.67138672
-0.05810547,-0.02734375,1.01074219,-2.13623047,1.77001953,-0.91552734
-0.05078125,-0.02734375,1.04492188,0.9765625,0.42724609,-1.15966797
-0.05078125,-0.02734375,1.04492188,0.9765625,0.42724609,-1.15966797
-0.05810547,-0.03466797,1.04833984,3.23486328,-4.51660156,-2.31933594
-0.05810547,-0.03466797,1.04833984,3.23486328,-4.51660156,-2.31933594
-0.06494141,-0.02099609,1.00488281,4.45556641,-7.99560547,-2.68554688
-0.06494141,-0.02099609,1.00488281,4.45556641,-7.99560547,-2.68554688
-0.06640625,-0.01123047,0.96044922,3.23486328,-7.01904297,-1.89208984
-0.06640625,-0.01123047,0.96044922,3.23486328,-7.01904297,-1.89208984
-0.06884766,-0.00488281,0.93701172,0.67138672,-2.9296875,0.67138672
-0.06884766,-0.00488281,0.93701172,0.67138672,-2.9296875,0.67138672
-0.05419922,-0.04882812,0.96142578,-1.15966797,0.79345703,1.40380859
-0.05419922,-0.04882812,0.96142578,-1.15966797,0.79345703,1.40380859
-0.06347656,-0.03662109,0.99707031,-1.70898438,-0.36621094,0.30517578
-0.06347656,-0.03662109,0.99707031,-1.70898438,-0.36621094,0.30517578
-0.05859375,-0.02490234,0.98779297,-1.52587891,-2.62451172,-0.12207031
-0.05859375,-0.02490234,0.98779297,-1.52587891,-2.62451172,-0.12207031
-0.05859375,-0.01318359,0.95507812,-0.91552734,-2.13623047,0.36621094
-0.05859375,-0.01318359,0.95507812,-0.91552734,-2.13623047,0.36621094
-0.05273438,-0.01220703,0.96240234,-1.77001953,0.61035156,0.24414062
-0.05273438,-0.01220703,0.96240234,-1.77001953,0.61035156,0.24414062
-0.06152344,-0.01513672,0.98632812,-0.91552734,2.68554688,0.9765625
-0.06152344,-0.01513672,0.98632812,-0.91552734,2.68554688,0.9765625
-0.0546875,-0.02734375,1.01318359,-1.70898438,2.38037109,1.40380859
-0.0546875,-0.02734375,1.01318359,-1.70898438,1.52587891,1.03759766
-0.06396484,-0.05029297,1.015625,-1.58691406,0.61035156,0.30517578
-0.06396484,-0.05029297,1.015625,-1.09863281,0,-0.30517578
-0.07714844,-0.03417969,1.0078125,-0.24414062,-0.12207031,-0.54931641
-0.07714844,-0.03417969,1.0078125,0.73242188,0.24414062,-0.48828125
-0.07763672,-0.01513672,1.00195312,1.34277344,0.9765625,0.06103516
-0.07763672,-0.01513672,1.00195312,1.83105469,1.64794922,0.79345703
-0.04833984,-0.02001953,1.00878906,2.19726562,1.70898438,0.9765625
-0.04833984,-0.02001953,1.00878906,2.44140625,0.61035156,0.73242188
-0.05029297,-0.02636719,1.01757812,2.86865234,-1.22070312,0.30517578
-0.05029297,-0.02441406,1.01074219,3.54003906,-2.99072266,0.06103516
-0.05761719,-0.02099609,1,4.15039062,-4.15039062,0.06103516
-0.06298828,-0.03076172,0.98828125,4.69970703,-4.27246094,0.12207031
-0.06689453,-0.03173828,0.97900391,5.49316406,-3.96728516,0
-0.07177734,-0.02783203,0.97021484,6.16455078,-3.17382812,0.18310547
-0.07373047,-0.02294922,0.96923828,5.49316406,-2.19726562,0.24414062
-0.07226562,-0.02148438,0.97167969,4.15039062,-1.28173828,0.48828125
-0.06884766,-0.02050781,0.97265625,2.44140625,-0.48828125,0.85449219
-0.06640625,-0.02294922,0.97851562,0.24414062,0,1.09863281
-0.06542969,-0.02441406,0.98339844,-1.52587891,0.06103516,1.28173828
-0.06152344,-0.02783203,0.98828125,-2.99072266,0.06103516,1.28173828
-0.06005859,-0.02539062,0.99121094,-3.35693359,0,1.22070312
-0.06591797,-0.01953125,0.98730469,-2.86865234,0.67138672,1.46484375
-0.06689453,-0.01953125,0.98291016,-1.89208984,2.38037109,2.01416016
-0.06640625,-0.02392578,0.99169922,-0.73242188,4.15039062,2.25830078
-0.07128906,-0.02685547,1.01660156,0,5.18798828,2.31933594
-0.07226562,-0.03271484,1.03857422,0.30517578,5.00488281,2.25830078
-0.06591797,-0.03808594,1.04394531,-0.12207031,3.66210938,1.89208984
-0.0625,-0.04101562,1.03222656,-0.85449219,1.953125,1.22070312
-0.06103516,-0.03759766,1.01123047,-1.83105469,0.54931641,0.61035156
-0.06396484,-0.03222656,0.98828125,-2.86865234,0,0.18310547
-0.06591797,-0.02246094,0.96679688,-3.84521484,0.36621094,0.24414062
-0.06542969,-0.02832031,0.98632812,-4.51660156,1.46484375,0.73242188
-0.06689453,-0.05615234,1.00146484,-4.02832031,1.64794922,0.30517578
-0.07373047,-0.06103516,1.01269531,-2.86865234,1.34277344,-0.30517578
-0.07177734,-0.04443359,1.01953125,-1.58691406,0.79345703,-0.79345703
-0.06591797,-0.02734375,1.01660156,-1.03759766,0.24414062,-1.15966797
-0.05761719,-0.02587891,1.01708984,-1.09863281,0.06103516,-1.40380859
-0.05273438,-0.03173828,1.01708984,-1.22070312,-0.54931641,-1.70898438
-0.06152344,-0.01611328,1.02490234,-0.73242188,-1.52587891,-1.89208984
-0.06201172,-0.01171875,1.02490234,0.73242188,-2.62451172,-1.58691406
-0.06542969,-0.01904297,1.02001953,2.62451172,-3.47900391,-1.28173828
-0.06298828,-0.02880859,1.01074219,4.15039062,-4.02832031,-1.28173828
-0.06835938,-0.02587891,1.00048828,4.57763672,-4.08935547,-1.58691406
-0.08251953,-0.02099609,0.99267578,4.27246094,-3.72314453,-1.34277344
-0.08349609,-0.02587891,0.98828125,3.54003906,-3.17382812,-0.85449219
-0.08203125,-0.02783203,0.98193359,2.56347656,-2.50244141,-0.48828125
-0.07763672,-0.02880859,0.97851562,1.89208984,-1.52587891,-0.12207031
-0.06591797,-0.03369141,0.97802734,1.46484375,-0.67138672,0.06103516
-0.0625,-0.04101562,0.98828125,2.07519531,-0.18310547,-0.24414062
-0.05957031,-0.03271484,0.99511719,3.60107422,-0.48828125,-0.61035156
-0.05957031,-0.02050781,0.99804688,4.69970703,-1.09863281,-0.67138672
-0.0625,-0.02050781,0.99804688,5.18798828,-1.89208984,-0.73242188
-0.06640625,-0.02441406,0.99804688,4.94384766,-2.50244141,-0.91552734
-0.07080078,-0.02685547,0.99707031,4.45556641,-3.11279297,-0.9765625
-0.07324219,-0.02490234,0.98974609,3.35693359,-3.41796875,-1.03759766
-0.07519531,-0.01757812,0.97802734,1.28173828,-3.23486328,-0.91552734
-0.07421875,-0.00830078,0.95996094,-1.09863281,-2.50244141,-0.42724609
-0.05908203,-0.00878906,0.95458984,-3.54003906,-0.91552734,0.48828125
-0.05224609,-0.03125,0.96972656,-4.8828125,0.73242188,0.54931641
-0.05664062,-0.03759766,0.99414062,-4.94384766,1.89208984,-0.12207031
-0.06591797,-0.02441406,1.01464844,-4.08935547,1.58691406,-0.12207031
-0.06982422,-0.02099609,1.03125,-2.56347656,1.58691406,-0.12207031
-0.06933594,-0.02685547,1.03564453,-0.42724609,-0.79345703,-0.30517578
-0.06738281,-0.03027344,1.02783203,-0.42724609,-0.79345703,-0.30517578
-0.06640625,-0.02587891,1.00878906,-0.85449219,-2.44140625,-0.54931641
-0.06542969,-0.02246094,0.98974609,-0.85449219,-2.44140625,-0.54931641
-0.06689453,-0.02148438,0.97412109,-3.66210938,-1.77001953,-0.18310547
-0.06494141,-0.02197266,0.96582031,-3.66210938,-1.77001953,-0.18310547
-0.06445312,-0.03027344,0.96533203,-6.34765625,0.06103516,-0.12207031
-0.06640625,-0.03808594,0.9765625,-6.34765625,0.06103516,-0.12207031
-0.06835938,-0.0390625,0.99707031,-6.53076172,0.24414062,-0.73242188
-0.06396484,-0.03613281,0.99707031,-6.53076172,0.24414062,-0.73242188
-0.04980469,-0.01855469,1.01660156,-4.57763672,-1.03759766,-0.67138672
-0.04443359,-0.01855469,1.01660156,-4.57763672,-1.03759766,-0.67138672
-0.06103516,-0.03222656,1.00634766,-3.35693359,-3.35693359,-1.58691406
-0.06103516,-0.03222656,1.00634766,-3.35693359,-3.35693359,-1.58691406
-0.06640625,-0.02001953,0.98095703,-1.953125,-3.78417969,-0.91552734
-0.06640625,-0.02001953,0.98095703,-1.953125,-3.78417969,-0.91552734
-0.05859375,-0.05078125,0.9609375,2.56347656,-2.01416016,1.34277344
-0.05859375,-0.05078125,0.9609375,2.56347656,-2.01416016,1.34277344
-0.08398438,-0.05419922,0.97851562,0.73242188,-1.953125,-0.79345703
-0.08398438,-0.05419922,0.97851562,0.73242188,-1.953125,-0.79345703
-0.06591797,-0.01269531,0.97265625,0.24414062,-0.18310547,-0.48828125
-0.06591797,-0.01269531,0.97265625,0.24414062,-0.18310547,-0.48828125
-0.04052734,-0.02099609,0.98242188,-0.36621094,2.68554688,-0.42724609
-0.04052734,-0.02099609,0.98242188,-0.36621094,2.68554688,-0.42724609
-0.05615234,0.0078125,1.00634766,0.73242188,1.46484375,0.48828125
-0.05615234,0.0078125,1.00634766,0.73242188,1.46484375,0.48828125
-0.06689453,-0.02392578,1.00341797,2.13623047,-0.06103516,1.83105469
-0.06689453,-0.02392578,1.00341797,2.13623047,-0.06103516,1.83105469
-0.07519531,-0.04248047,1.01123047,2.01416016,-0.30517578,1.89208984
-0.07519531,-0.04248047,1.01123047,2.01416016,-0.30517578,1.89208984
-0.07861328,-0.04150391,1.00537109,0.61035156,-0.73242188,1.22070312
-0.07861328,-0.04150391,1.00537109,0.61035156,-0.73242188,1.22070312
-0.07128906,-0.03173828,0.98876953,-2.07519531,-0.48828125,0.79345703
-0.07128906,-0.03173828,0.98876953,-2.07519531,-0.48828125,0.79345703
-0.06591797,-0.02685547,0.98828125,-2.68554688,-0.18310547,0.85449219
-0.06591797,-0.02685547,0.98828125,-2.68554688,-0.18310547,0.85449219
-0.06152344,-0.02294922,0.98388672,-1.77001953,0.79345703,1.03759766
-0.06152344,-0.02294922,0.98388672,-1.77001953,0.79345703,1.03759766
-0.0546875,-0.02685547,1.00390625,-1.46484375,1.77001953,1.22070312
-0.0546875,-0.02685547,1.00390625,-1.46484375,1.77001953,1.22070312
-0.07177734,-0.05371094,1.01464844,-1.58691406,0.79345703,0.67138672
-0.07177734,-0.05371094,1.01464844,-1.58691406,0.79345703,0.67138672
-0.08105469,-0.04736328,1.00732422,-0.79345703,-1.03759766,-0.54931641
-0.08105469,-0.04736328,1.00732422,-0.79345703,-1.03759766,-0.54931641
-0.06445312,-0.02636719,0.97900391,-1.46484375,-1.09863281,-0.48828125
-0.06445312,-0.02636719,0.97900391,-1.46484375,-1.09863281,-0.48828125
-0.05859375,-0.03369141,0.96337891,-3.17382812,-0.73242188,-0.24414062
-0.05859375,-0.03369141,0.96337891,-3.17382812,-0.73242188,-0.24414062
-0.05517578,-0.04296875,0.97949219,-5.43212891,-0.36621094,-0.91552734
-0.05517578,-0.04296875,0.97949219,-5.43212891,-0.36621094,-0.91552734
-0.06494141,-0.03662109,1.01611328,-5.61523438,-0.18310547,-2.44140625
-0.06494141,-0.03662109,1.01611328,-5.61523438,-0.18310547,-2.44140625
-0.06933594,-0.03417969,1.01757812,-3.11279297,-0.06103516,-2.50244141
-0.06933594,-0.03417969,1.01757812,-3.11279297,-0.06103516,-2.50244141
-0.06835938,-0.01708984,0.99804688,-1.09863281,0.54931641,-1.22070312
-0.06835938,-0.01708984,0.99804688,-1.09863281,0.54931641,-1.22070312
-0.06103516,-0.03466797,1.00830078,-0.85449219,-0.54931641,-1.22070312
-0.06103516,-0.03466797,1.00830078,-0.85449219,-0.54931641,-1.22070312
-0.06542969,-0.03759766,1.02539062,-0.36621094,-3.72314453,-1.83105469
-0.06542969,-0.03759766,1.02539062,-0.36621094,-3.72314453,-1.83105469
-0.07324219,-0.03076172,1.00146484,-0.61035156,-4.94384766,-2.07519531
-0.07324219,-0.03076172,1.00146484,-0.61035156,-4.94384766,-2.07519531
-0.06933594,-0.01708984,0.98681641,-0.85449219,-2.62451172,-0.9765625
-0.06933594,-0.01708984,0.98681641,-0.85449219,-2.62451172,-0.9765625
-0.06005859,-0.02685547,0.97949219,-0.73242188,-0.48828125,0.06103516
-0.06005859,-0.02685547,0.97949219,-0.73242188,-0.48828125,0.06103516
-0.06640625,-0.03662109,0.97900391,-0.67138672,0.42724609,0.42724609
-0.06640625,-0.03662109,0.97900391,-0.67138672,0.42724609,0.42724609
-0.06640625,-0.03662109,0.97900391,-0.67138672,0.42724609,0.42724609
-0.07128906,-0.04833984,1.00439453,-0.06103516,-0.18310547,0.06103516
-0.06884766,-0.04736328,1.00927734,0.61035156,-1.34277344,-0.42724609
-0.06884766,-0.04736328,1.00927734,0.61035156,-1.34277344,-0.42724609
-0.06884766,-0.04736328,1.00927734,0.61035156,-1.34277344,-0.42724609
-0.0625,-0.03222656,1.00292969,-0.18310547,-2.50244141,-0.91552734
-0.06103516,-0.03564453,0.99365234,-1.03759766,-3.29589844,-0.85449219
-0.06103516,-0.03564453,0.99365234,-1.03759766,-3.29589844,-0.85449219
-0.06103516,-0.03564453,0.99365234,-1.03759766,-3.29589844,-0.85449219
-0.06152344,-0.03662109,0.98388672,-1.953125,-3.54003906,-1.03759766
-0.04736328,-0.03125,0.97802734,-3.05175781,-1.953125,-1.15966797
-0.04736328,-0.03125,0.97802734,-3.05175781,-1.953125,-1.15966797
-0.04736328,-0.03125,0.97802734,-3.05175781,-1.953125,-1.15966797
-0.05615234,-0.03759766,0.99804688,-1.70898438,-1.03759766,-1.64794922
-0.06396484,-0.03125,1.00048828,0.12207031,-2.44140625,-1.28173828
-0.06396484,-0.03125,1.00048828,0.12207031,-2.44140625,-1.28173828
-0.06396484,-0.03125,1.00048828,0.12207031,-2.44140625,-1.28173828
-0.06445312,-0.02880859,0.984375,0.24414062,-4.02832031,-1.09863281
-0.06982422,-0.02734375,0.97119141,-0.12207031,-4.08935547,-0.42724609
-0.06982422,-0.02734375,0.97119141,-0.12207031,-4.08935547,-0.42724609
-0.06982422,-0.02734375,0.97119141,-0.12207031,-4.08935547,-0.42724609
-0.06640625,-0.02001953,0.97167969,-0.12207031,-2.07519531,0.79345703
-0.05322266,-0.02587891,1.00097656,-0.54931641,-0.79345703,2.19726562
-0.05322266,-0.02587891,1.00097656,-0.54931641,-0.79345703,2.19726562
-0.05322266,-0.02587891,1.00097656,-0.54931641,-0.79345703,2.19726562
-0.06884766,-0.06054688,1.02978516,0,-3.78417969,1.03759766
-0.07666016,-0.04003906,1.00585938,2.31933594,-5.61523438,0.67138672
-0.07666016,-0.04003906,1.00585938,2.31933594,-5.61523438,0.67138672
-0.07666016,-0.04003906,1.00585938,2.31933594,-5.61523438,0.67138672
-0.06396484,-0.03027344,0.99658203,3.96728516,-4.94384766,1.64794922
-0.06103516,-0.03222656,0.9765625,3.29589844,-5.00488281,1.953125
-0.06103516,-0.03222656,0.9765625,3.29589844,-5.00488281,1.953125
-0.06103516,-0.03222656,0.9765625,3.29589844,-5.00488281,1.953125
-0.0546875,-0.03271484,0.96826172,-0.48828125,-4.21142578,1.77001953
-0.05517578,-0.03808594,1.02294922,-3.72314453,-4.63867188,1.28173828
-0.05517578,-0.03808594,1.02294922,-3.72314453,-4.63867188,1.28173828
-0.05517578,-0.03808594,1.02294922,-3.96728516,-6.40869141,0.85449219
-0.06201172,-0.04345703,1.02734375,-3.54003906,-8.17871094,0.48828125
-0.05224609,-0.03759766,1.01220703,-2.74658203,-10.68115234,-0.36621094
-0.05224609,-0.03759766,1.01220703,-2.74658203,-10.68115234,-0.36621094
-0.05224609,-0.03759766,1.01220703,-2.01416016,-11.71875,-0.54931641
-0.04589844,-0.04003906,1.02001953,-1.09863281,-13.00048828,-0.73242188
-0.05615234,-0.03808594,1.02441406,1.03759766,-16.11328125,-0.73242188
-0.05615234,-0.03808594,1.02441406,1.03759766,-16.11328125,-0.73242188
-0.05615234,-0.03369141,1.01464844,1.83105469,-17.21191406,-0.36621094
-0.05273438,-0.03613281,1.00292969,1.83105469,-17.08984375,-0.12207031
-0.04980469,-0.03662109,0.99169922,0.9765625,-15.25878906,-0.06103516
-0.04980469,-0.03662109,0.99169922,0.9765625,-15.25878906,-0.06103516
-0.04541016,-0.04150391,0.98876953,0.18310547,-14.16015625,-0.18310547
-0.04394531,-0.04492188,0.99853516,-1.03759766,-13.42773438,-0.54931641
-0.04736328,-0.04394531,1.01757812,-2.68554688,-14.09912109,-0.9765625
-0.04736328,-0.04394531,1.01757812,-2.68554688,-14.09912109,-0.9765625
-0.03955078,-0.04980469,1.02001953,-3.29589844,-15.13671875,-1.09863281
-0.03515625,-0.04980469,1.01855469,-3.78417969,-16.41845703,-1.58691406
-0.02929688,-0.04638672,1.02148438,-4.15039062,-19.10400391,-2.31933594
-0.02929688,-0.04638672,1.02148438,-4.15039062,-19.10400391,-2.31933594
-0.03173828,-0.04492188,1.02587891,-3.72314453,-20.62988281,-2.62451172
-0.04003906,-0.04492188,1.03076172,-2.80761719,-22.03369141,-2.62451172
-0.04052734,-0.04833984,1.01464844,-0.73242188,-24.16992188,-2.74658203
-0.04052734,-0.04833984,1.01464844,-0.73242188,-24.16992188,-2.74658203
-0.03710938,-0.05224609,1.01513672,0.30517578,-24.04785156,-2.9296875
-0.04443359,-0.04980469,1.02490234,1.70898438,-24.04785156,-3.23486328
-0.04296875,-0.04052734,1.02539062,5.12695312,-24.71923828,-2.38037109
-0.04296875,-0.04052734,1.02539062,5.12695312,-24.71923828,-2.38037109
-0.03515625,-0.04638672,1.0234375,5.73730469,-25.20751953,-2.25830078
-0.02978516,-0.04785156,1.03417969,4.82177734,-26.3671875,-2.56347656
-0.01708984,-0.06054688,1.05957031,1.15966797,-32.47070312,-3.90625
-0.01708984,-0.06054688,1.05957031,1.15966797,-32.47070312,-3.90625
-0.00292969,-0.03125,1.04833984,-2.50244141,-36.43798828,-5.18798828
-0.00537109,-0.02392578,1.00927734,0.18310547,-39.0625,-4.15039062
0.00488281,-0.05224609,1.03076172,-4.69970703,-42.41943359,-4.08935547
0.01757812,-0.03222656,1.00537109,-4.69970703,-41.80908203,-3.96728516
0.02636719,-0.03466797,1.01416016,-4.69970703,-43.88427734,-5.06591797
0.01855469,-0.02099609,1.02587891,-1.70898438,-45.83740234,-5.55419922
-0.00878906,-0.046875,1.04638672,0.79345703,-52.12402344,-6.65283203
-0.00878906,-0.046875,1.04638672,0.79345703,-52.12402344,-6.65283203
0.00292969,-0.06494141,1.03759766,3.11279297,-55.35888672,-6.46972656
0.01220703,-0.04248047,1.00927734,6.65283203,-58.28857422,-5.67626953
0.03710938,-0.04199219,1.00439453,5.06591797,-63.35449219,-5.92041016
0.03710938,-0.04199219,1.00439453,5.06591797,-63.35449219,-5.92041016
0.03955078,-0.0390625,0.99804688,5.55419922,-65.12451172,-5.49316406
0.0546875,-0.03662109,1.02246094,3.78417969,-65.61279297,-5.00488281
0.07861328,-0.03320312,0.99902344,3.47900391,-65.97900391,-4.82177734
0.07861328,-0.03320312,0.99902344,3.47900391,-65.97900391,-4.82177734
0.07763672,-0.03222656,1.00683594,2.56347656,-67.68798828,-5.24902344
0.08105469,-0.03662109,0.99267578,2.99072266,-69.76318359,-5.37109375
0.10107422,-0.03710938,1.01220703,2.25830078,-72.93701172,-5.49316406
0.10107422,-0.03710938,1.01220703,2.25830078,-72.93701172,-5.49316406
0.10498047,-0.02636719,0.9765625,1.70898438,-74.46289062,-5.61523438
0.11523438,-0.02880859,0.96972656,1.22070312,-76.84326172,-6.10351562
0.13085938,-0.02783203,0.95605469,-0.73242188,-82.88574219,-6.46972656
0.13085938,-0.02783203,0.95605469,-0.73242188,-82.88574219,-6.46972656
0.13964844,-0.02685547,0.96386719,-1.52587891,-85.87646484,-6.95800781
0.14550781,-0.02246094,0.95507812,-2.19726562,-88.25683594,-7.99560547
0.14501953,-0.03955078,0.96337891,-4.21142578,-92.34619141,-9.39941406
0.14501953,-0.03955078,0.96337891,-4.21142578,-92.34619141,-9.39941406
0.12792969,-0.03076172,0.93994141,-4.02832031,-94.29931641,-9.64355469
0.13916016,-0.04833984,0.94189453,-5.49316406,-96.74072266,-10.25390625
0.22509766,-0.04003906,0.90625,-8.48388672,-101.7456055,-10.62011719
0.22509766,-0.04003906,0.90625,-8.48388672,-101.7456055,-10.62011719
0.25146484,-0.03125,0.90185547,-9.15527344,-105.4077148,-12.02392578
0.26513672,-0.03320312,0.90185547,-10.43701172,-109.2529297,-13.97705078
0.28369141,-0.02050781,0.91503906,-11.77978516,-114.5629883,-16.35742188
0.28369141,-0.02050781,0.91503906,-11.77978516,-114.5629883,-16.35742188
0.29003906,-0.02441406,0.92871094,-13.24462891,-115.6005859,-18.61572266
0.27880859,-0.046875,0.95556641,-13.79394531,-117.4316406,-20.08056641
0.23046875,-0.06152344,0.97070312,-10.68115234,-119.3847656,-18.00537109
0.23046875,-0.06152344,0.97070312,-10.68115234,-119.3847656,-18.00537109
0.25341797,-0.06494141,1.01416016,-7.62939453,-121.3989258,-15.74707031
0.29345703,-0.05273438,1.00830078,-5.31005859,-119.6289063,-14.58740234
0.29345703,-0.05273438,1.00830078,-5.31005859,-119.6289063,-14.58740234
0.32324219,-0.03320312,0.98632812,-0.9765625,-125.6103516,-11.65771484
0.32324219,-0.03320312,0.98632812,-0.9765625,-125.6103516,-11.65771484
0.33300781,-0.03759766,0.91210938,2.74658203,-130.6762695,-9.21630859
0.33300781,-0.03759766,0.91210938,2.74658203,-130.6762695,-9.21630859
0.36328125,-0.03320312,0.89892578,5.61523438,-137.0239258,-4.94384766
0.36328125,-0.03320312,0.89892578,5.61523438,-137.0239258,-4.94384766
0.38232422,-0.04248047,0.83398438,7.87353516,-140.2587891,-3.05175781
0.38232422,-0.04248047,0.83398438,7.87353516,-140.2587891,-3.05175781
0.40625,-0.01660156,0.92529297,8.7890625,-142.7001953,2.74658203
0.40625,-0.01660156,0.92529297,8.7890625,-142.7001953,2.74658203
0.45800781,0,0.96972656,11.77978516,-145.1416016,5.06591797
0.45800781,0,0.96972656,11.77978516,-145.1416016,5.06591797
0.47460938,-0.00585938,0.87988281,12.20703125,-144.3481445,4.39453125
0.47460938,-0.00585938,0.87988281,12.20703125,-144.3481445,4.39453125
0.48974609,-0.02246094,0.77001953,16.05224609,-146.8505859,2.38037109
0.48974609,-0.02246094,0.77001953,16.05224609,-146.8505859,2.38037109
0.51660156,-0.03222656,0.87060547,13.97705078,-151.1230469,2.9296875
0.51660156,-0.03222656,0.87060547,13.97705078,-151.1230469,2.9296875
0.53369141,-0.015625,0.88720703,15.80810547,-149.9023438,3.23486328
0.53369141,-0.015625,0.88720703,15.80810547,-149.9023438,3.23486328
0.53320312,-0.02539062,0.81884766,15.80810547,-156.25,5.12695312
0.53320312,-0.02539062,0.81884766,15.80810547,-156.25,5.12695312
0.57421875,-0.03222656,0.7734375,14.09912109,-154.4189453,6.40869141
0.57421875,-0.03222656,0.7734375,14.09912109,-154.4189453,6.40869141
0.61669922,-0.02441406,0.75439453,15.86914062,-163.5131836,7.93457031
0.61669922,-0.02441406,0.75439453,15.86914062,-163.5131836,7.93457031
0.66943359,0.00097656,0.75048828,5.49316406,-168.3959961,8.11767578
0.66943359,0.00097656,0.75048828,5.49316406,-168.3959961,8.11767578
0.69580078,0.02783203,0.74462891,-0.48828125,-171.5698242,3.54003906
0.69580078,0.02783203,0.74462891,-0.48828125,-171.5698242,2.25830078
0.66992188,-0.01660156,0.84716797,-6.10351562,-172.4243164,2.31933594
0.66992188,-0.01660156,0.84716797,-6.10351562,-172.4243164,3.54003906
0.66503906,-0.02880859,0.89501953,-5.61523438,-157.8369141,4.02832031
0.66503906,-0.02880859,0.89501953,-5.61523438,-153.8085938,6.28662109
0.67626953,-0.01464844,0.90771484,-2.86865234,-147.4609375,7.50732422
0.67626953,-0.01464844,0.90771484,-2.86865234,-138.1225586,8.11767578
0.72021484,-0.00830078,0.80566406,-5.61523438,-129.5166016,7.32421875
0.72021484,-0.00830078,0.80566406,-5.98144531,-122.9248047,6.40869141
0.72753906,-0.00927734,0.76367188,-2.38037109,-125.1220703,6.22558594
0.72753906,-0.00927734,0.76367188,-0.42724609,-122.4975586,5.55419922
0.77099609,0.00390625,0.65087891,-0.24414062,-120.1782227,4.39453125
0.77099609,0.00390625,0.65087891,0.18310547,-125.2441406,3.60107422
0.83154297,-0.00488281,0.47998047,-3.66210938,-130.0048828,2.99072266
0.83154297,-0.00488281,0.47998047,-8.48388672,-138.0004883,-0.91552734
0.84765625,0.04150391,0.56445312,-8.97216797,-143.3105469,-5.31005859
0.84765625,0.04150391,0.56445312,-10.68115234,-140.5029297,-8.42285156
0.76611328,-0.0390625,0.52587891,-7.99560547,-140.2587891,-9.64355469
0.76611328,-0.0390625,0.52587891,-5.31005859,-147.2167969,-9.46044922
0.81396484,-0.06835938,0.71826172,-5.92041016,-136.1694336,-9.58251953
0.81396484,-0.06835938,0.71826172,-2.44140625,-129.4555664,-9.46044922
0.80908203,-0.02392578,0.77001953,2.74658203,-125.4882813,-9.03320312
0.80908203,-0.02392578,0.77001953,6.59179688,-121.5820313,-8.85009766
0.83789062,-0.01708984,0.63769531,11.53564453,-122.1313477,-8.97216797
0.83789062,-0.01708984,0.63769531,17.76123047,-125.9765625,-8.60595703
0.89160156,0.00878906,0.56396484,21.60644531,-125.2441406,-9.27734375
0.89160156,0.00878906,0.56396484,25.93994141,-127.0751953,-11.41357422
0.86962891,-0.02197266,0.38427734,32.53173828,-136.7797852,-11.96289062
0.86962891,-0.02197266,0.50292969,32.47070312,-146.5454102,-12.45117188
0.88085938,-0.01171875,0.55615234,31.37207031,-147.8271484,-10.7421875
0.88085938,-0.01171875,0.52734375,30.82275391,-142.0288086,-9.33837891
0.95068359,-0.00732422,0.58447266,27.09960938,-129.5776367,-9.58251953
0.95068359,-0.00732422,0.56884766,29.11376953,-128.2958984,-8.54492188
0.94042969,-0.02636719,0.54736328,23.55957031,-119.9951172,-11.65771484
0.94042969,-0.00341797,0.52880859,18.73779297,-119.6289063,-10.37597656
0.90380859,-0.02636719,0.48583984,16.17431641,-115.7226563,-11.35253906
0.91943359,0.00146484,0.49023438,13.06152344,-112.121582,-11.59667969
0.94335938,0.00927734,0.44628906,11.41357422,-105.8349609,-13.48876953
0.90869141,0.00341797,0.36474609,14.89257812,-111.8164063,-13.54980469
0.96289062,0.02001953,0.42285156,10.98632812,-116.2719727,-14.6484375
0.91308594,-0.01074219,0.29589844,8.91113281,-122.253418,-14.46533203
0.92382812,0.00146484,0.37988281,10.7421875,-129.699707,-13.61083984
0.93408203,-0.00976562,0.29980469,8.60595703,-130.0048828,-13.91601562
0.90429688,-0.00244141,0.26855469,13.73291016,-139.5874023,-13.12255859
0.92285156,-0.00732422,0.33544922,13.06152344,-148.9257813,-11.59667969
0.90771484,-0.02734375,0.22998047,11.04736328,-156.4331055,-9.33837891
0.91308594,-0.01220703,0.29833984,15.68603516,-169.0673828,-5.12695312
0.93798828,-0.00585938,0.30566406,14.28222656,-171.3256836,-2.56347656
0.93310547,-0.00683594,0.31005859,11.23046875,-171.9360352,0.06103516
0.97412109,-0.00341797,0.34082031,6.71386719,-165.1000977,1.89208984
0.984375,-0.00976562,0.28662109,-0.24414062,-155.456543,2.74658203
1.00195312,0.00097656,0.31884766,-7.44628906,-147.0947266,2.9296875
1.00683594,0,0.29394531,-15.13671875,-135.4370117,1.89208984
0.98046875,0.00097656,0.29736328,-20.56884766,-126.8310547,1.15966797
0.98242188,0.00634766,0.28857422,-22.52197266,-121.887207,0.9765625
0.97753906,0.00488281,0.26074219,-22.70507812,-119.5068359,1.09863281
0.94921875,-0.00048828,0.26171875,-21.05712891,-119.6899414,2.13623047
0.92431641,-0.01757812,0.27929688,-17.02880859,-120.300293,4.51660156
0.91601562,-0.02685547,0.30175781,-11.16943359,-120.7885742,7.56835938
0.93115234,-0.02148438,0.31054688,-4.39453125,-120.6054688,10.62011719
0.94970703,-0.01171875,0.30224609,2.68554688,-120.4223633,12.93945312
0.96337891,-0.00341797,0.30273438,9.27734375,-119.6899414,14.95361328
0.96972656,0.00146484,0.29882812,16.29638672,-118.0419922,16.66259766
0.97998047,0.01855469,0.26904297,22.94921875,-116.4550781,17.94433594
0.98974609,0.02636719,0.25488281,28.99169922,-115.1733398,18.79882812
0.98876953,0.02978516,0.25146484,35.09521484,-113.0981445,19.47021484
0.98046875,0.01708984,0.25634766,39.97802734,-109.6801758,20.38574219
0.98876953,0.01367188,0.28173828,42.29736328,-100.8300781,21.484375
1.04248047,0.02832031,0.25146484,40.22216797,-85.44921875,19.95849609
1.1015625,0.03662109,0.19677734,33.93554688,-68.54248047,15.19775391
1.11767578,0.03076172,0.12988281,26.48925781,-55.17578125,8.97216797
1.11572266,0.03076172,0.07177734,18.31054688,-46.32568359,3.41796875
1.10742188,0.03027344,0.046875,12.08496094,-42.05322266,-0.79345703
1.09863281,0.02148438,0.06542969,9.21630859,-41.44287109,-3.90625
1.05957031,-0.00146484,0.14892578,9.03320312,-40.40527344,-5.00488281
1.03369141,-0.02294922,0.20214844,10.37597656,-35.70556641,-4.82177734
1.02783203,-0.046875,0.23339844,12.6953125,-28.93066406,-3.84521484
1.02783203,-0.05224609,0.24267578,14.03808594,-21.42333984,-2.50244141
1.01660156,-0.04296875,0.22363281,14.58740234,-13.79394531,-2.01416016
1.01025391,-0.03369141,0.18408203,13.73291016,-6.77490234,-1.953125
1.00244141,-0.01855469,0.13574219,13.30566406,-1.46484375,-2.31933594
0.98730469,-0.00390625,0.10644531,13.06152344,1.40380859,-2.56347656
0.97265625,0.00390625,0.10839844,12.26806641,3.11279297,-2.80761719
0.95898438,-0.01171875,0.11132812,12.93945312,4.57763672,-2.50244141
0.95703125,-0.01757812,0.125,14.28222656,6.28662109,-1.40380859
0.98144531,-0.00585938,0.10546875,14.95361328,8.85009766,-0.9765625
1.00878906,0.00878906,0.06640625,13.85498047,10.86425781,-1.83105469
1.01855469,0.00439453,0.03955078,11.84082031,11.71875,-2.9296875
1.01904297,-0.00390625,0.03662109,9.765625,11.29150391,-4.02832031
1.01513672,0.00927734,0.03955078,7.75146484,10.62011719,-4.39453125
1.015625,0.01171875,0.04248047,7.08007812,9.765625,-4.45556641
1.01806641,0.01171875,0.03417969,6.34765625,8.30078125,-4.15039062
1.01660156,0.00683594,0.02246094,5.31005859,6.16455078,-3.60107422
1.01025391,0.00390625,0.02294922,3.96728516,3.54003906,-2.99072266
1.00634766,0.00097656,0.03369141,2.31933594,1.03759766,-2.38037109
0.99707031,0,0.04785156,1.52587891,-1.09863281,-2.07519531
0.98876953,-0.00292969,0.06396484,1.09863281,-2.68554688,-1.58691406
0.98193359,-0.00732422,0.09082031,1.03759766,-2.74658203,-0.91552734
0.97998047,-0.00732422,0.10595703,0.91552734,-1.15966797,-0.48828125
0.98535156,-0.00830078,0.10791016,0,1.28173828,-0.48828125
0.99072266,-0.01074219,0.09960938,-1.15966797,3.47900391,-0.73242188
0.99267578,-0.00585938,0.07958984,-2.31933594,4.57763672,-0.91552734
0.99072266,-0.00146484,0.06591797,-3.23486328,4.57763672,-0.73242188
0.98583984,0.00146484,0.06494141,-3.23486328,3.35693359,-0.12207031
0.98095703,0.00341797,0.07421875,-2.62451172,1.70898438,0.85449219
0.98095703,0.00341797,0.07421875,-2.62451172,1.70898438,0.85449219
0.98339844,0.00732422,0.09130859,-1.22070312,0.48828125,1.70898438
1.00683594,0.01123047,0.09472656,0.73242188,-0.67138672,1.46484375
1.00878906,-0.00390625,0.09375,0.24414062,-0.85449219,0.61035156
1.00585938,0.00048828,0.08886719,-0.67138672,-0.85449219,0.12207031
0.99755859,0.0078125,0.08349609,-0.91552734,-0.85449219,-0.24414062
0.9921875,0.01123047,0.08447266,-0.73242188,-1.03759766,-0.12207031
0.98974609,0.01611328,0.08447266,0.12207031,-1.40380859,0.18310547
0.99267578,0.02441406,0.08203125,1.52587891,-2.01416016,0.24414062
0.99902344,0.03076172,0.06787109,2.50244141,-2.80761719,0.18310547
1.01318359,0.03369141,0.05419922,2.56347656,-3.35693359,-0.30517578
1.03173828,0.03027344,0.03662109,0.9765625,-3.47900391,-1.40380859
1.04492188,0.01953125,0.03955078,-1.953125,-3.35693359,-2.99072266
1.03759766,0.00732422,0.05761719,-5.18798828,-3.05175781,-4.69970703
1.01513672,-0.00390625,0.08544922,-7.62939453,-2.99072266,-5.49316406
0.99267578,-0.00097656,0.10107422,-7.99560547,-2.9296875,-5.12695312
0.97998047,0.00390625,0.11328125,-6.77490234,-3.11279297,-4.08935547
0.97216797,0.01171875,0.12353516,-4.57763672,-2.68554688,-2.80761719
0.97119141,0.01611328,0.125,-1.953125,-1.52587891,-2.01416016
0.97265625,0.01904297,0.11865234,0,-0.06103516,-1.64794922
0.98095703,0.01660156,0.10449219,1.15966797,1.70898438,-1.77001953
0.99121094,0.01416016,0.08837891,1.28173828,2.99072266,-2.19726562
0.99609375,0.01318359,0.07568359,1.22070312,3.17382812,-2.44140625
0.99658203,0.01074219,0.06591797,1.58691406,2.07519531,-2.07519531
0.99609375,-0.00488281,0.06835938,1.58691406,0.18310547,-1.03759766
0.99658203,-0.01367188,0.07958984,1.58691406,-1.70898438,0.24414062
0.99023438,-0.00634766,0.10107422,1.953125,-2.86865234,1.40380859
0.98632812,0.00292969,0.11865234,2.68554688,-2.62451172,2.25830078
0.98535156,0.00878906,0.12207031,4.33349609,-1.46484375,2.9296875
0.98486328,0.01123047,0.12011719,5.79833984,0.06103516,3.29589844
0.98974609,0.02050781,0.11474609,6.65283203,2.56347656,3.35693359
1.00341797,0.03076172,0.09277344,6.28662109,5.79833984,2.56347656
1.00341797,0.03076172,0.09277344,6.28662109,5.79833984,2.56347656
1.01318359,0.03173828,0.06005859,4.63867188,8.42285156,1.22070312
1.00244141,0.01611328,0.01513672,0.30517578,7.62939453,-1.34277344
0.99267578,0.015625,0.03125,-0.48828125,4.33349609,-1.40380859
0.99267578,0.015625,0.03125,-0.48828125,4.33349609,-1.40380859
0.99072266,0.02050781,0.06640625,0.18310547,1.15966797,-1.22070312
0.98925781,0.01855469,0.11767578,3.41796875,0.24414062,-0.9765625
0.98828125,0.01660156,0.11474609,4.57763672,1.70898438,-1.22070312
0.98828125,0.01660156,0.11474609,4.57763672,1.70898438,-1.22070312
0.98291016,0.01025391,0.09814453,5.18798828,3.05175781,-1.46484375
0.97607422,-0.00585938,0.07666016,4.15039062,3.47900391,-1.58691406
0.9765625,-0.00292969,0.08496094,3.90625,2.99072266,-1.28173828
0.9765625,-0.00292969,0.08496094,3.90625,2.99072266,-1.28173828
0.98095703,0.00390625,0.10107422,4.15039062,3.17382812,-0.79345703
1.00195312,-0.00048828,0.10253906,5.37109375,5.18798828,-0.30517578
1.02197266,0.02490234,0.08398438,4.39453125,6.40869141,-1.03759766
1.02197266,0.02490234,0.08398438,4.39453125,6.40869141,-1.03759766
1.02490234,0.02587891,0.07128906,3.72314453,6.65283203,-2.25830078
1.01318359,0.00878906,0.07470703,2.68554688,4.33349609,-2.9296875
1.00439453,-0.01318359,0.09570312,1.953125,2.86865234,-2.19726562
1.00439453,-0.01318359,0.09570312,1.953125,2.86865234,-2.19726562
0.99365234,-0.01464844,0.11181641,1.09863281,2.56347656,-1.28173828
0.97802734,-0.00830078,0.12207031,0,4.51660156,-0.36621094
0.97558594,0.00439453,0.11816406,0.48828125,6.16455078,-0.18310547
0.97558594,0.00439453,0.11816406,0.48828125,6.16455078,-0.18310547
0.98046875,0.01660156,0.09716797,1.15966797,7.26318359,-0.06103516
1.00976562,0.03955078,0.03417969,0.73242188,5.55419922,-0.9765625
1.01513672,0.03417969,0.03222656,0.12207031,2.86865234,-1.40380859
1.01513672,0.03417969,0.03222656,0.12207031,2.86865234,-1.40380859
1.01806641,0.02392578,0.04345703,-0.42724609,0.36621094,-1.28173828
1.01660156,0.00341797,0.09033203,-1.22070312,-2.68554688,0.36621094
1.00927734,-0.01074219,0.11279297,-1.46484375,-2.62451172,1.09863281
1.00927734,-0.01074219,0.11279297,-1.46484375,-2.62451172,1.09863281
1.00292969,-0.01513672,0.11865234,-2.62451172,-1.89208984,1.64794922
0.99609375,0.00537109,0.0859375,-5.37109375,-0.36621094,2.13623047
0.98974609,0.015625,0.06787109,-6.59179688,-0.36621094,1.953125
0.98974609,0.015625,0.06787109,-6.59179688,-0.36621094,1.953125
0.98828125,0.02441406,0.06396484,-6.71386719,-1.09863281,1.89208984
0.98388672,0.02099609,0.08886719,-5.37109375,-3.60107422,1.89208984
0.98535156,0.01416016,0.10498047,-3.90625,-4.39453125,2.13623047
0.98535156,0.01416016,0.10498047,-3.90625,-4.39453125,2.13623047
0.99365234,0.01220703,0.11376953,-2.68554688,-4.39453125,2.38037109
1.00195312,0.00585938,0.11035156,-1.03759766,-3.47900391,2.80761719
1.00341797,0.00537109,0.10498047,-0.91552734,-2.68554688,3.05175781
1.00341797,0.00537109,0.10498047,-0.91552734,-2.68554688,3.05175781
1.00341797,-0.00048828,0.10644531,-1.46484375,-1.953125,2.86865234
0.9921875,-0.00195312,0.10791016,-2.62451172,0,2.25830078
0.99511719,0.00878906,0.09375,-2.56347656,0.54931641,2.07519531
0.99511719,0.00878906,0.09375,-2.56347656,0.54931641,2.07519531
1.00097656,0.01513672,0.078125,-1.89208984,0.12207031,2.25830078
1.00341797,0.01220703,0.07666016,0.06103516,-2.44140625,2.99072266
0.99902344,0.00683594,0.08935547,1.09863281,-3.23486328,2.99072266
0.99902344,0.00683594,0.08935547,1.09863281,-3.23486328,2.99072266
0.99658203,0.00146484,0.10107422,1.64794922,-2.13623047,3.60107422
1.03173828,0.01513672,0.07861328,1.40380859,-0.79345703,2.01416016
1.03320312,0.01269531,0.06542969,-0.30517578,-0.79345703,2.01416016
1.03320312,0.01269531,0.06542969,-0.30517578,-0.79345703,2.01416016
1.02148438,0.00048828,0.06738281,-3.72314453,-1.09863281,0.48828125
0.99707031,0.00292969,0.04931641,-4.8828125,-3.35693359,0.42724609
0.98876953,0.00830078,0.14013672,-4.8828125,-3.35693359,0.42724609
0.98876953,0.00830078,0.14013672,-4.8828125,-3.35693359,0.42724609
0.99072266,0.00244141,0.15722656,-1.09863281,0.91552734,1.28173828
0.99462891,-0.00439453,0.14160156,-1.09863281,0.91552734,1.28173828
0.99267578,-0.00634766,0.11621094,-0.12207031,2.74658203,2.25830078
0.99609375,-0.00341797,0.08642578,-0.12207031,2.74658203,2.25830078
1.00439453,0.00244141,0.08007812,-0.42724609,1.64794922,2.62451172
1.0078125,0.00732422,0.09521484,-0.42724609,1.64794922,2.62451172
1.00634766,0.00146484,0.11572266,-0.06103516,3.17382812,2.38037109
1.00146484,-0.00097656,0.12597656,-0.06103516,3.17382812,2.38037109
0.99804688,0.00537109,0.11767578,0,4.94384766,1.40380859
1.00097656,0.01220703,0.09179688,0,4.94384766,1.40380859
1.01123047,0.01953125,0.07128906,-1.953125,4.15039062,-0.18310547
1.02001953,0.01953125,0.06152344,-1.953125,4.15039062,-0.18310547
1.02197266,0.01757812,0.06933594,-3.11279297,2.74658203,-1.22070312
1.02050781,0.01513672,0.09472656,-3.11279297,2.74658203,-1.22070312
1.015625,0.01074219,0.11181641,-1.15966797,2.68554688,-1.09863281
1.01074219,0.00488281,0.12353516,-1.15966797,2.68554688,-1.09863281
1.0078125,-0.00146484,0.12255859,0.42724609,3.41796875,-0.61035156
1.00292969,0.00048828,0.10546875,0.42724609,3.41796875,-0.61035156
0.99902344,0.00537109,0.08251953,0.54931641,1.83105469,-0.06103516
1.00097656,0.00927734,0.0625,0.54931641,1.83105469,-0.06103516
1.00732422,0.01660156,0.05712891,-1.52587891,0.67138672,-0.67138672
1.01269531,0.02001953,0.06347656,-1.52587891,0.67138672,-0.67138672
1.00732422,0.01708984,0.08398438,-2.86865234,-0.12207031,-1.64794922
0.99267578,0.00732422,0.08398438,-2.86865234,-0.12207031,-1.64794922
0.96972656,-0.01074219,0.12304688,-1.953125,-1.03759766,-0.12207031
0.99267578,-0.00341797,0.12304688,-1.953125,-1.03759766,-0.12207031
1.00537109,-0.01074219,0.12109375,-2.25830078,0.36621094,0
0.98681641,-0.01074219,0.12109375,-2.25830078,0.36621094,0
0.98388672,0.00634766,0.09472656,-1.40380859,1.953125,0.54931641
0.98095703,0.00634766,0.09472656,-1.40380859,1.953125,0.54931641
0.99462891,0.02050781,0.07763672,0.42724609,-0.12207031,0.42724609
0.99462891,0.02050781,0.07763672,0.42724609,-0.12207031,0.42724609
1.01025391,0.01611328,0.11132812,3.11279297,-1.58691406,-0.36621094
1.01025391,0.01611328,0.11132812,3.11279297,-1.58691406,-0.36621094
1.01513672,-0.01171875,0.13525391,4.27246094,-0.12207031,-0.85449219
1.01513672,-0.01171875,0.13525391,4.27246094,-0.12207031,-0.85449219
1.00927734,-0.01416016,0.12597656,3.23486328,2.80761719,-0.61035156
1.00927734,-0.01416016,0.12597656,3.23486328,2.80761719,-0.61035156
0.99609375,0.00488281,0.09765625,2.74658203,4.82177734,-0.12207031
0.99609375,0.00488281,0.09765625,2.74658203,4.82177734,-0.12207031
0.98681641,0.01904297,0.08105469,3.60107422,4.33349609,-0.30517578
0.98681641,0.01904297,0.08105469,3.60107422,4.33349609,-0.30517578
0.99951172,0.01611328,0.08056641,4.39453125,2.86865234,-1.15966797
0.99951172,0.01611328,0.08056641,4.39453125,2.86865234,-1.15966797
1.03027344,0.00927734,0.06445312,1.22070312,2.01416016,-2.31933594
1.03027344,0.00927734,0.06445312,1.22070312,2.01416016,-2.31933594
1.01074219,-0.00488281,0.06689453,-3.54003906,0.42724609,-3.29589844
1.01074219,-0.00488281,0.06689453,-3.54003906,0.42724609,-3.29589844
0.99072266,0.00244141,0.09228516,-3.96728516,-2.13623047,-1.953125
0.99072266,0.00244141,0.09228516,-3.96728516,-2.13623047,-1.953125
0.98583984,0.01660156,0.10644531,-1.34277344,-3.29589844,-0.85449219
0.98583984,0.01660156,0.10644531,-1.34277344,-3.29589844,-0.85449219
0.97998047,0.01757812,0.09570312,0.30517578,-2.50244141,-0.9765625
0.97998047,0.01757812,0.09570312,0.30517578,-2.50244141,-0.9765625
0.99023438,0.01074219,0.10888672,0.67138672,-1.58691406,-1.40380859
0.99023438,0.01074219,0.10888672,0.67138672,-1.58691406,-1.40380859
0.99169922,-0.01757812,0.13330078,-0.42724609,0.06103516,-1.03759766
0.99169922,-0.01757812,0.13330078,-0.42724609,0.06103516,-1.03759766
1.00292969,0.00634766,0.11230469,-0.54931641,1.34277344,-0.36621094
1.00292969,0.00634766,0.11230469,-0.54931641,1.34277344,-0.36621094
1.00048828,0.01904297,0.08447266,0.42724609,0.91552734,-0.24414062
1.00048828,0.01904297,0.08447266,0.42724609,0.91552734,-0.24414062
0.99023438,0.01025391,0.08105469,1.28173828,-0.9765625,-0.06103516
0.99023438,0.01025391,0.08105469,1.28173828,-0.9765625,-0.06103516
1.00927734,0.01074219,0.07421875,0.12207031,-1.52587891,-0.30517578
1.00927734,0.01074219,0.07421875,0.12207031,-1.52587891,-0.30517578
1.02197266,-0.00048828,0.06445312,-3.17382812,-1.64794922,-0.61035156
1.02197266,-0.00048828,0.06445312,-3.17382812,-1.64794922,-0.61035156
1.00976562,-0.01416016,0.09765625,-6.22558594,-3.60107422,0.42724609
1.00976562,-0.01416016,0.09765625,-6.22558594,-3.60107422,0.42724609
0.99365234,-0.00195312,0.11865234,-6.46972656,-3.78417969,1.52587891
0.99365234,-0.00195312,0.11865234,-6.46972656,-3.78417969,1.52587891
0.98730469,0.01806641,0.10546875,-5.06591797,-2.13623047,1.83105469
0.98730469,0.01806641,0.10546875,-5.06591797,-2.13623047,1.83105469
0.97998047,0.01806641,0.09179688,-3.29589844,-2.07519531,1.58691406
0.97998047,0.01806641,0.09179688,-3.29589844,-2.07519531,1.58691406
0.98242188,0.0078125,0.10351562,-1.89208984,-2.44140625,1.58691406
0.98242188,0.0078125,0.10351562,-1.89208984,-2.44140625,1.58691406
1.01123047,0.00634766,0.10302734,-0.18310547,-3.11279297,1.70898438
1.01123047,0.00634766,0.10302734,-0.18310547,-3.11279297,1.70898438
0.99755859,-0.01123047,0.09912109,-0.18310547,-2.80761719,1.64794922
0.99755859,-0.01123047,0.09912109,-0.18310547,-2.80761719,1.64794922
0.98681641,0.00488281,0.07275391,-0.79345703,-0.91552734,1.34277344
0.98681641,0.00488281,0.07275391,-0.79345703,-0.91552734,1.34277344
0.99023438,0.00683594,0.07910156,-0.36621094,0.12207031,0.85449219
0.99023438,0.00683594,0.07910156,-0.36621094,0.12207031,0.85449219
0.99072266,-0.00537109,0.07910156,0.36621094,0.06103516,0.48828125
0.99072266,-0.00537109,0.07910156,0.36621094,0.06103516,0.48828125
1.00927734,-0.00390625,0.06787109,-0.42724609,2.01416016,-0.61035156
1.00927734,-0.00390625,0.06787109,-0.42724609,2.01416016,-0.61035156
1.00976562,0.01660156,0.10449219,-1.52587891,1.70898438,-0.67138672
1.00976562,0.01660156,0.10449219,-1.52587891,1.70898438,-0.67138672
0.99853516,0.00927734,0.11816406,-2.19726562,-2.13623047,0.30517578
0.99853516,0.00927734,0.11816406,-2.19726562,-2.13623047,0.30517578
0.99365234,-0.00195312,0.08496094,-1.40380859,-2.62451172,0.06103516
0.99365234,-0.00195312,0.08496094,-1.40380859,-2.62451172,0.06103516
0.99853516,-0.00097656,0.0703125,-0.30517578,-0.12207031,-1.03759766
0.99853516,-0.00097656,0.0703125,-0.30517578,-0.12207031,-1.03759766
1.00097656,0.00927734,0.08740234,-0.06103516,0.9765625,-2.01416016
1.00097656,0.00927734,0.08740234,-0.06103516,0.9765625,-2.01416016
0.99853516,0.01660156,0.09912109,0.85449219,0,-1.46484375
0.99853516,0.01660156,0.09912109,0.85449219,0,-1.46484375
1.00292969,0.01123047,0.10400391,1.03759766,-2.25830078,-0.36621094
1.00292969,0.01123047,0.10400391,1.03759766,-2.25830078,-0.36621094
0.99658203,-0.00683594,0.09033203,0.91552734,-3.23486328,-0.06103516
0.99658203,-0.00683594,0.09033203,0.91552734,-3.23486328,-0.06103516
0.99804688,0.00097656,0.08496094,0.79345703,-1.46484375,0.30517578
0.99804688,0.00097656,0.08496094,0.79345703,-1.46484375,0.30517578
1.00244141,0.00292969,0.08642578,0.79345703,-0.48828125,0.42724609
1.00976562,0.00195312,0.0859375,0.61035156,-0.30517578,0.42724609
0.98828125,0.01513672,0.09912109,0.36621094,-0.24414062,0.91552734
0.98828125,0.01513672,0.09912109,0.36621094,-0.24414062,0.91552734
1.00195312,0.01074219,0.10253906,1.70898438,-1.03759766,1.52587891
1.00195312,0.01074219,0.10253906,1.70898438,-1.03759766,1.52587891
1.00830078,0.01269531,0.11181641,2.99072266,-2.07519531,1.77001953
1.00830078,0.01269531,0.11181641,2.99072266,-2.07519531,1.77001953
1.00048828,-0.00927734,0.08984375,2.80761719,-2.50244141,2.62451172
1.00048828,-0.00927734,0.08984375,2.80761719,-2.50244141,2.62451172
0.99902344,-0.01660156,0.03710938,0.54931641,0.9765625,1.64794922
0.99902344,-0.01660156,0.03710938,0.54931641,0.9765625,1.64794922
1.00195312,-0.00537109,0.07714844,-2.38037109,2.13623047,0.24414062
1.00195312,-0.00537109,0.07714844,-2.38037109,2.13623047,0.24414062
0.99121094,0.01025391,0.11181641,-3.60107422,-1.52587891,0.18310547
0.99121094,0.01025391,0.11181641,-3.60107422,-1.52587891,0.18310547
0.99316406,0.00292969,0.10839844,-3.05175781,-3.72314453,1.64794922
0.99316406,0.00292969,0.10839844,-3.05175781,-3.72314453,1.64794922
0.99560547,-0.00048828,0.10351562,-2.07519531,-2.50244141,2.74658203
0.99560547,-0.00048828,0.10351562,-2.07519531,-2.50244141,2.74658203
0.98144531,-0.00830078,0.09179688,-1.52587891,-1.52587891,2.99072266
0.98144531,-0.00830078,0.09179688,-1.52587891,-1.52587891,2.99072266
0.98632812,-0.00097656,0.078125,-1.953125,-1.52587891,2.19726562
0.98632812,-0.00097656,0.078125,-1.953125,-1.52587891,2.19726562
0.99414062,0.00439453,0.06640625,-2.44140625,-0.61035156,0.91552734
0.99414062,0.00439453,0.06640625,-2.44140625,-0.61035156,0.91552734
0.9921875,0.00878906,0.09716797,-2.68554688,-1.64794922,0.85449219
0.9921875,0.00878906,0.09716797,-2.68554688,-1.64794922,0.85449219
0.99267578,0.00927734,0.09619141,-1.89208984,-3.35693359,1.34277344
0.99267578,0.00927734,0.09619141,-1.89208984,-3.35693359,1.34277344
0.98779297,-0.00097656,0.08496094,-0.48828125,-2.38037109,2.13623047
0.98779297,-0.00097656,0.08496094,-0.48828125,-2.38037109,2.13623047
0.98144531,-0.00927734,0.06835938,-0.9765625,0.18310547,2.50244141
0.98144531,-0.00927734,0.06835938,-0.9765625,0.18310547,2.50244141
0.98291016,0.0078125,0.078125,-1.89208984,0.79345703,2.80761719
0.98291016,0.0078125,0.078125,-1.89208984,0.79345703,2.80761719
0.99316406,0.00927734,0.08642578,-2.38037109,-1.28173828,3.35693359
0.99316406,0.00927734,0.08642578,-2.38037109,-1.28173828,3.35693359
0.98925781,0.00830078,0.09277344,-2.01416016,-3.72314453,4.33349609
0.98925781,0.00830078,0.09277344,-2.01416016,-3.72314453,4.33349609
0.99023438,0.00439453,0.09033203,-0.18310547,-4.08935547,5.24902344
0.99023438,0.00439453,0.09033203,-0.18310547,-4.08935547,5.24902344
0.984375,-0.01367188,0.07324219,0.9765625,-2.9296875,5.24902344
0.984375,-0.01367188,0.07324219,0.9765625,-2.9296875,5.24902344
0.98925781,-0.02148438,0.06591797,-0.24414062,-1.52587891,4.33349609
0.98925781,-0.02148438,0.06591797,-0.24414062,-1.52587891,4.33349609
0.98974609,-0.00439453,0.08300781,-0.91552734,-0.9765625,2.9296875
0.98974609,-0.00439453,0.08300781,-0.91552734,-0.9765625,2.9296875
0.98779297,0.00292969,0.09814453,0.42724609,-1.34277344,2.74658203
0.98779297,0.00292969,0.09814453,0.42724609,-1.34277344,2.74658203
0.98828125,-0.015625,0.09423828,2.19726562,-1.15966797,2.9296875
0.98828125,-0.015625,0.09423828,2.19726562,-1.15966797,2.9296875
0.98535156,-0.02246094,0.08300781,2.01416016,-0.06103516,1.953125
0.98535156,-0.02246094,0.08300781,2.01416016,-0.06103516,1.953125
0.99511719,-0.01464844,0.07128906,0.24414062,0,0.67138672
0.99511719,-0.01464844,0.07128906,0.24414062,0,0.67138672
0.99462891,0.00048828,0.08886719,-1.34277344,-1.83105469,-0.36621094
0.99462891,0.00048828,0.08886719,-1.34277344,-1.83105469,-0.36621094
0.99609375,-0.00048828,0.10205078,-0.91552734,-3.96728516,-0.67138672
0.99609375,-0.00048828,0.10205078,-0.91552734,-3.96728516,-0.67138672
0.99169922,0.00048828,0.09033203,0.36621094,-4.27246094,-0.18310547
0.99169922,0.00048828,0.09033203,0.36621094,-4.27246094,-0.18310547
0.98730469,-0.00390625,0.07519531,1.46484375,-2.44140625,0.06103516
0.98730469,-0.00390625,0.07519531,1.46484375,-2.44140625,0.06103516
0.99316406,-0.01025391,0.06201172,1.70898438,-1.22070312,-0.54931641
0.99316406,-0.01025391,0.06201172,1.70898438,-1.22070312,-0.54931641
1.00244141,-0.00683594,0.06494141,1.28173828,-0.24414062,-2.56347656
1.00244141,-0.00683594,0.06494141,1.28173828,-0.24414062,-2.56347656
1,-0.00048828,0.09521484,1.77001953,-0.06103516,-3.78417969
1,-0.00048828,0.09521484,1.77001953,-0.06103516,-3.78417969
1.00341797,-0.00097656,0.10888672,2.99072266,-0.30517578,-3.84521484
1.00341797,-0.00097656,0.10888672,2.99072266,-0.30517578,-3.84521484
0.99560547,0.00439453,0.09521484,4.82177734,0.91552734,-3.05175781
0.99560547,0.00439453,0.09521484,4.82177734,0.91552734,-3.05175781
0.9921875,0.00439453,0.08837891,6.04248047,1.953125,-1.58691406
0.9921875,0.00439453,0.08837891,6.04248047,1.953125,-1.58691406
1,0.00683594,0.09814453,6.10351562,0.85449219,-0.9765625
1,0.00683594,0.09814453,6.10351562,0.85449219,-0.9765625
1.00634766,0.00048828,0.10058594,5.37109375,-1.70898438,-0.42724609
1.00634766,0.00048828,0.10058594,5.37109375,-1.70898438,-0.42724609
1.00244141,-0.00390625,0.08837891,4.27246094,-2.44140625,-0.06103516
1.00244141,-0.00390625,0.08837891,4.27246094,-2.44140625,-0.06103516
0.99609375,0.00048828,0.08251953,3.78417969,-1.52587891,0.54931641
0.99609375,0.00048828,0.08251953,3.78417969,-1.52587891,0.54931641
0.99414062,-0.00097656,0.08251953,3.29589844,-1.40380859,1.28173828
0.99414062,-0.00097656,0.08251953,3.29589844,-1.40380859,1.28173828
1.00048828,-0.00878906,0.08447266,1.40380859,-3.11279297,1.64794922
1.00048828,-0.00878906,0.08447266,1.40380859,-3.11279297,1.64794922
1.00683594,-0.02539062,0.05615234,-2.13623047,-3.23486328,1.15966797
1.00683594,-0.02539062,0.05615234,-2.13623047,-3.23486328,1.15966797
0.99853516,-0.01220703,0.08496094,-3.90625,0.9765625,0.30517578
0.99853516,-0.01220703,0.08496094,-3.90625,0.9765625,0.30517578
0.99609375,0.01220703,0.10644531,-2.86865234,1.34277344,0.36621094
0.99609375,0.01220703,0.10644531,-2.86865234,1.34277344,0.36621094
0.99853516,0.00537109,0.08154297,-2.44140625,-0.79345703,0.61035156
0.99853516,0.00537109,0.08154297,-2.44140625,-0.79345703,0.61035156
0.99316406,-0.00488281,0.07421875,-3.29589844,-0.54931641,0.24414062
0.99316406,-0.00488281,0.07421875,-3.29589844,-0.54931641,0.24414062
0.98828125,-0.00244141,0.09277344,-3.17382812,-0.30517578,-0.06103516
0.98828125,-0.00244141,0.09277344,-3.17382812,-0.30517578,-0.06103516
0.98681641,-0.01220703,0.09716797,-2.44140625,-0.12207031,-0.24414062
0.98681641,-0.01220703,0.09716797,-2.44140625,-0.12207031,-0.24414062
0.98681641,-0.00341797,0.08154297,-2.56347656,0.30517578,-0.54931641
0.98681641,-0.00341797,0.08154297,-2.56347656,0.30517578,-0.54931641
0.99609375,0.00585938,0.07910156,-3.23486328,0.30517578,-0.67138672
0.99609375,0.00585938,0.07910156,-3.23486328,0.30517578,-0.42724609
0.99365234,0.01660156,0.10009766,-2.80761719,-0.67138672,0.06103516
0.99365234,0.01660156,0.10009766,-2.13623047,-0.91552734,0.48828125
1.00244141,0.00927734,0.08935547,-1.52587891,-1.03759766,0.79345703
1.00244141,0.00927734,0.08935547,-0.85449219,-0.79345703,0.9765625
1.00732422,0.00585938,0.08154297,-0.42724609,-0.48828125,0.9765625
1.00732422,0.00585938,0.08154297,-0.12207031,-0.79345703,1.15966797
0.99609375,0.00195312,0.09619141,0.18310547,-1.15966797,1.52587891
0.99609375,0.00195312,0.09619141,-0.06103516,-1.52587891,1.89208984
0.99267578,-0.01269531,0.08447266,-0.54931641,-1.28173828,2.07519531
0.99267578,-0.01220703,0.07080078,-1.34277344,-0.54931641,2.07519531
0.98828125,-0.00634766,0.0703125,-1.83105469,0.30517578,2.01416016
0.98828125,-0.00390625,0.07519531,-2.13623047,0.67138672,1.89208984
0.99169922,-0.00195312,0.07958984,-2.50244141,0.48828125,1.70898438
0.98925781,0.00048828,0.08056641,-2.31933594,0.24414062,1.40380859
0.98925781,0.00146484,0.08398438,-1.89208984,0,1.03759766
0.99414062,-0.00390625,0.08349609,-1.70898438,-0.24414062,0.73242188
0.99804688,-0.00732422,0.08056641,-1.83105469,-0.24414062,0.18310547
0.99902344,-0.00634766,0.08349609,-2.25830078,-0.18310547,-0.18310547
0.99462891,-0.00097656,0.08691406,-2.13623047,-0.12207031,-0.42724609
0.99121094,0.00146484,0.09033203,-1.83105469,-0.12207031,-0.36621094
0.9921875,-0.00195312,0.08886719,-1.34277344,-0.18310547,-0.36621094
0.99023438,-0.00292969,0.07763672,-0.79345703,-0.06103516,-0.48828125
0.98681641,-0.00488281,0.07373047,-0.54931641,0.36621094,-0.85449219
0.98828125,-0.00878906,0.07861328,-0.30517578,0.85449219,-1.22070312
0.99169922,-0.01074219,0.08447266,-0.42724609,1.22070312,-1.52587891
0.99462891,-0.00341797,0.09082031,-0.73242188,1.15966797,-1.64794922
0.99511719,0.00146484,0.09179688,-0.54931641,1.03759766,-1.58691406
0.99707031,0.00585938,0.09375,-0.06103516,1.15966797,-1.46484375
0.99560547,0.00683594,0.09472656,0.9765625,1.34277344,-1.22070312
0.99511719,0.00195312,0.09179688,1.953125,1.89208984,-1.09863281
0.99658203,-0.00390625,0.09179688,2.56347656,2.19726562,-1.22070312
0.99951172,-0.00390625,0.09326172,3.05175781,2.25830078,-1.52587891
0.99658203,-0.00244141,0.09472656,2.99072266,1.953125,-1.83105469
0.99804688,-0.00048828,0.08789062,3.05175781,1.77001953,-2.01416016
0.99853516,0.00146484,0.08642578,3.35693359,2.07519531,-2.19726562
0.99804688,0.00244141,0.08642578,3.66210938,2.38037109,-2.38037109
1.00195312,-0.00244141,0.08789062,4.02832031,2.62451172,-2.62451172
1.00097656,-0.00439453,0.09472656,4.15039062,2.44140625,-2.9296875
0.99609375,-0.00927734,0.09863281,4.08935547,2.01416016,-3.17382812
0.99414062,-0.00976562,0.09375,3.84521484,2.07519531,-3.35693359
0.99316406,-0.00634766,0.08691406,3.96728516,2.74658203,-3.47900391
0.99560547,0.00048828,0.08251953,4.39453125,3.96728516,-3.35693359
1,0.00048828,0.08105469,4.57763672,5.00488281,-3.29589844
1.00146484,0.00146484,0.08056641,4.69970703,5.67626953,-3.23486328
1.00292969,0,0.07910156,4.8828125,6.65283203,-3.11279297
0.99902344,-0.00439453,0.09179688,5.43212891,8.66699219,-2.99072266
0.99755859,-0.0078125,0.109375,5.12695312,9.03320312,-2.80761719
0.96582031,0.02490234,0.10400391,4.08935547,7.87353516,-1.89208984
1.00683594,-0.01318359,0.08691406,3.96728516,7.32421875,-0.67138672
1.06835938,-0.02587891,0.10351562,3.35693359,6.28662109,-2.99072266
0.99560547,0.01025391,0.08251953,2.19726562,5.12695312,-3.54003906
0.97900391,0.00830078,0.08691406,1.953125,5.79833984,-2.86865234
0.98144531,0,0.09375,2.25830078,6.71386719,-2.38037109
0.98535156,-0.00878906,0.08300781,2.25830078,8.11767578,-2.31933594
0.99169922,-0.01416016,0.07080078,2.07519531,10.49804688,-2.50244141
0.99853516,-0.015625,0.06298828,1.52587891,13.36669922,-2.99072266
1.00146484,-0.0078125,0.07714844,1.34277344,15.93017578,-3.60107422
0.99072266,0.00537109,0.09765625,1.64794922,17.51708984,-3.78417969
0.97998047,0.01464844,0.10693359,2.44140625,18.92089844,-3.23486328
0.97607422,0.01220703,0.10693359,3.60107422,20.99609375,-2.13623047
0.9921875,0.00146484,0.11865234,4.69970703,22.64404297,-1.64794922
1.00146484,0.00634766,0.11767578,5.73730469,23.68164062,-1.64794922
1.00634766,0.00927734,0.11181641,6.95800781,25.02441406,-2.31933594
1.00585938,0.0078125,0.11132812,6.95800781,25.02441406,-2.31933594
0.99707031,0.00634766,0.10791016,7.62939453,26.61132812,-2.80761719
0.99072266,0.00390625,0.10205078,7.62939453,26.61132812,-2.80761719
0.98535156,0.00439453,0.08984375,8.66699219,32.77587891,-2.9296875
0.98193359,0.00292969,0.08447266,8.66699219,32.77587891,-2.9296875
0.984375,-0.00292969,0.09130859,10.98632812,41.68701172,-3.84521484
0.96582031,-0.00244141,0.08837891,10.98632812,41.68701172,-3.84521484
0.97802734,0.02490234,0.09472656,10.43701172,48.03466797,-3.11279297
1.01757812,-0.05029297,0.14013672,10.43701172,48.03466797,-3.11279297
0.99755859,0.00390625,0.109375,7.44628906,51.14746094,-6.46972656
0.99951172,0.00390625,0.109375,7.44628906,51.14746094,-6.46972656
0.98681641,0.01416016,0.13476562,6.16455078,53.77197266,-6.16455078
0.98681641,0.01416016,0.13476562,6.16455078,53.77197266,-6.16455078
0.98632812,0.00927734,0.15625,4.82177734,55.60302734,-6.16455078
0.98632812,0.00927734,0.15625,4.82177734,55.60302734,-6.16455078
0.95507812,0.00488281,0.10986328,3.47900391,57.18994141,-7.14111328
0.95507812,0.00488281,0.10986328,3.47900391,57.18994141,-7.14111328
0.98291016,-0.0234375,0.15722656,-0.30517578,60.97412109,-6.71386719
0.98291016,-0.0234375,0.15722656,-0.30517578,60.97412109,-6.71386719
0.97412109,0.03662109,0.17529297,-1.15966797,64.39208984,-7.93457031
0.97412109,0.03662109,0.17529297,-1.15966797,64.39208984,-7.93457031
0.95361328,-0.00488281,0.16845703,-0.48828125,70.12939453,-7.69042969
0.95361328,-0.00488281,0.16845703,-0.48828125,70.12939453,-7.69042969
0.97509766,0.02734375,0.23095703,2.9296875,78.49121094,-7.62939453
0.97509766,0.02734375,0.23095703,2.9296875,78.49121094,-7.62939453
0.95898438,0.01611328,0.21923828,5.55419922,83.49609375,-7.62939453
0.95898438,0.01611328,0.21923828,5.55419922,83.49609375,-7.62939453
0.95703125,0.00292969,0.16699219,5.06591797,90.33203125,-8.42285156
0.95703125,0.00292969,0.16699219,5.06591797,90.33203125,-8.42285156
0.97265625,-0.02099609,0.20703125,0.9765625,97.77832031,-10.37597656
0.97265625,-0.02099609,0.20703125,0.9765625,97.77832031,-10.37597656
0.97265625,-0.02099609,0.20703125,0.9765625,97.77832031,-10.37597656
0.93359375,0.01123047,0.25927734,-1.28173828,101.2573242,-13.18359375
0.91259766,0.02587891,0.23925781,-0.30517578,104.1259766,-15.625
0.91259766,0.02587891,0.23925781,-0.30517578,104.1259766,-15.625
0.92333984,-0.01220703,0.27490234,-0.36621094,110.7788086,-17.02880859
0.92333984,-0.01220703,0.27490234,-0.36621094,110.7788086,-17.02880859
0.92871094,0.01464844,0.21191406,-0.91552734,122.6806641,-21.60644531
0.92871094,0.01464844,0.21191406,-0.91552734,122.6806641,-21.60644531
0.88037109,-0.03125,0.22070312,-5.12695312,138.0004883,-25.75683594
0.88037109,-0.03125,0.22070312,-5.12695312,138.0004883,-25.75683594
0.91894531,-0.01953125,0.21484375,-9.03320312,155.9448242,-29.72412109
0.91894531,-0.01953125,0.21484375,-9.03320312,155.9448242,-29.72412109
0.81689453,-0.02636719,0.24169922,-15.93017578,177.5512695,-37.65869141
0.81689453,-0.02636719,0.24169922,-15.93017578,177.5512695,-37.65869141
0.79785156,-0.00537109,0.21044922,-25.93994141,205.4443359,-41.38183594
0.79785156,-0.00537109,0.21044922,-25.93994141,205.4443359,-41.38183594
0.79296875,-0.02099609,0.14550781,-36.31591797,243.1640625,-46.02050781
0.79296875,-0.02099609,0.14550781,-36.31591797,243.1640625,-46.02050781
0.79296875,-0.02099609,0.14550781,-36.31591797,243.1640625,-46.02050781
0.80957031,0.02441406,0.19335938,-36.19384766,279.4799805,-47.79052734
0.70214844,0.08007812,0.30664062,-45.83740234,307.8613281,-50.65917969
0.70214844,0.08007812,0.30664062,-45.83740234,307.8613281,-50.65917969
0.70214844,0.08007812,0.30664062,-45.83740234,307.8613281,-50.65917969
0.64355469,0.11376953,0.49169922,-52.55126953,322.8149414,-45.41015625
0.58251953,0.13818359,0.55810547,-59.14306641,326.965332,-37.84179688
0.58251953,0.13818359,0.55810547,-59.14306641,326.965332,-37.84179688
0.58251953,0.13818359,0.55810547,-59.14306641,326.965332,-37.84179688
0.51416016,0.17041016,0.70507812,-60.30273438,328.5522461,-26.3671875
0.453125,0.16455078,0.64794922,-59.50927734,331.1157227,-13.48876953
0.453125,0.16455078,0.64794922,-59.50927734,331.1157227,-13.48876953
0.453125,0.16455078,0.64794922,-59.50927734,331.1157227,-13.48876953
0.42480469,0.17431641,0.88134766,-54.56542969,327.1484375,0.61035156
0.41699219,0.13769531,0.88818359,-49.86572266,314.8803711,12.08496094
0.41699219,0.13769531,0.88818359,-49.86572266,314.8803711,12.08496094
0.41699219,0.13769531,0.88818359,-49.86572266,314.8803711,12.08496094
0.40869141,0.08837891,0.93457031,-46.69189453,296.3256836,20.01953125
0.33203125,0.09423828,0.84277344,-50.17089844,290.7104492,26.3671875
0.33203125,0.09423828,0.84277344,-50.17089844,290.7104492,26.3671875
0.33203125,0.09423828,0.84277344,-50.17089844,290.7104492,26.3671875
0.30371094,0.06640625,1.00537109,-47.72949219,283.0810547,34.85107422
0.26220703,0.03271484,1.02832031,-42.96875,277.0996094,39.85595703
0.26220703,0.03271484,1.02832031,-42.96875,277.0996094,39.85595703
0.26220703,0.03271484,1.02832031,-42.96875,277.0996094,39.85595703
0.26708984,-0.00390625,1.07910156,-36.86523438,261.6577148,42.54150391
0.21044922,0.02148438,1.16064453,-34.85107422,247.3144531,43.82324219
0.21044922,0.02148438,1.16064453,-34.85107422,247.3144531,43.82324219
0.21044922,0.02148438,1.16064453,-34.85107422,247.3144531,43.82324219
0.21679688,-0.04345703,1.17138672,-27.83203125,224.2431641,46.99707031
0.234375,-0.06982422,1.11376953,-22.39990234,203.2470703,43.76220703
0.234375,-0.06982422,1.11376953,-22.39990234,203.2470703,43.76220703
0.234375,-0.06982422,1.11376953,-22.39990234,203.2470703,43.76220703
0.16699219,-0.02539062,1.12890625,-18.73779297,188.5986328,41.13769531
0.14257812,-0.04980469,1.09716797,-15.19775391,179.1381836,40.89355469
0.14257812,-0.04980469,1.09716797,-15.19775391,179.1381836,40.89355469
0.14257812,-0.04980469,1.09716797,-15.19775391,179.1381836,40.89355469
0.10595703,-0.04980469,1.10644531,-13.97705078,170.5932617,39.48974609
0.07324219,-0.09326172,1.17919922,-8.36181641,153.6865234,38.51318359
0.07324219,-0.09326172,1.17919922,-8.36181641,153.6865234,38.51318359
0.07324219,-0.09326172,1.17919922,-8.36181641,153.6865234,38.51318359
0.10107422,-0.10595703,1.20263672,-4.33349609,135.559082,32.71484375
0.07373047,-0.11035156,1.18847656,-1.22070312,113.6474609,26.73339844
0.07373047,-0.11035156,1.18847656,-1.22070312,113.6474609,26.73339844
0.07373047,-0.11035156,1.18847656,-1.22070312,113.6474609,26.73339844
0.06738281,-0.12402344,1.17285156,1.70898438,91.00341797,20.32470703
0.05712891,-0.09179688,1.10742188,3.11279297,73.60839844,14.77050781
0.05712891,-0.09179688,1.10742188,3.11279297,73.60839844,14.77050781
0.05712891,-0.09179688,1.10742188,3.11279297,73.60839844,14.77050781
0.04980469,-0.06787109,1.04296875,2.31933594,64.63623047,11.41357422
0.02441406,-0.04541016,1.01904297,0.12207031,60.05859375,9.33837891
0.02441406,-0.04541016,1.01904297,0.12207031,60.05859375,9.33837891
0.02441406,-0.04541016,1.01904297,0.12207031,60.05859375,9.33837891
0.00927734,-0.05957031,1.00195312,-1.58691406,56.94580078,9.21630859
0.00146484,-0.05859375,1.01220703,-1.64794922,57.43408203,9.21630859
0.00146484,-0.05859375,1.01220703,-1.64794922,57.43408203,9.21630859
0.00146484,-0.05859375,1.01220703,-2.44140625,56.640625,8.7890625
-0.01123047,-0.06103516,1.02441406,-3.23486328,54.80957031,8.36181641
0.00195312,-0.07324219,1.01171875,-3.66210938,49.31640625,6.77490234
0.00195312,-0.07324219,1.01171875,-3.66210938,49.31640625,6.77490234
0.00195312,-0.07324219,1.01171875,-3.84521484,48.52294922,6.46972656
-0.02099609,-0.03466797,0.99560547,-4.27246094,48.40087891,6.77490234
-0.03320312,-0.04003906,1.02929688,-4.8828125,48.58398438,7.75146484
-0.03320312,-0.04003906,1.02929688,-4.8828125,48.58398438,7.75146484
-0.0390625,-0.05517578,1.05566406,-4.27246094,47.05810547,7.99560547
-0.0390625,-0.07177734,1.06933594,-2.62451172,44.49462891,7.69042969
-0.03076172,-0.078125,1.06835938,1.34277344,37.90283203,5.859375
-0.03076172,-0.078125,1.06835938,1.34277344,37.90283203,5.859375
-0.03613281,-0.06689453,1.05224609,2.19726562,34.1796875,4.76074219
-0.04736328,-0.05761719,1.03710938,2.07519531,30.70068359,3.90625
-0.06054688,-0.06689453,1.01708984,0.9765625,25.32958984,2.68554688
-0.06054688,-0.06689453,1.01708984,0.9765625,25.32958984,2.68554688
-0.0546875,-0.06298828,1.01416016,1.22070312,23.07128906,2.07519531
-0.05175781,-0.04541016,1.02001953,1.09863281,21.17919922,1.83105469
-0.06152344,-0.05908203,1.03466797,-0.18310547,16.78466797,0.61035156
-0.06152344,-0.05908203,1.03466797,-0.18310547,16.78466797,0.61035156
-0.07128906,-0.0546875,1.01953125,-0.61035156,14.95361328,-0.24414062
-0.07568359,-0.05322266,1.00878906,0,13.671875,-0.61035156
-0.08105469,-0.03027344,0.97460938,1.953125,13.18359375,-0.79345703
-0.08105469,-0.03027344,0.97460938,1.953125,13.18359375,-0.79345703
-0.08740234,-0.02050781,0.96875,2.86865234,14.46533203,-0.06103516
-0.08935547,-0.01708984,0.97705078,3.54003906,15.68603516,1.03759766
-0.08007812,-0.04003906,1.01904297,5.67626953,16.05224609,2.01416016
-0.08007812,-0.04003906,1.01904297,5.67626953,16.05224609,2.01416016
-0.07666016,-0.04785156,1.02246094,6.77490234,15.07568359,1.70898438
-0.07470703,-0.04443359,1.00634766,7.62939453,14.46533203,1.22070312
-0.08837891,-0.02832031,0.99658203,8.36181641,13.671875,1.03759766
-0.08837891,-0.02832031,0.99658203,8.36181641,13.671875,1.03759766
-0.08984375,-0.02929688,1.01074219,8.91113281,13.36669922,1.40380859
-0.09228516,-0.02880859,1.01806641,9.58251953,12.6953125,1.83105469
-0.09082031,-0.02832031,1.00732422,9.52148438,11.96289062,2.19726562
-0.09082031,-0.02832031,1.00732422,9.52148438,11.96289062,2.19726562
-0.09082031,-0.02978516,0.98144531,8.7890625,11.96289062,2.07519531
-0.10058594,-0.02050781,0.97314453,8.11767578,12.87841797,2.31933594
-0.09863281,-0.03710938,0.99902344,8.54492188,14.34326172,3.29589844
-0.09863281,-0.03710938,0.99902344,8.54492188,14.34326172,3.29589844
-0.10107422,-0.03662109,1.01220703,9.15527344,14.40429688,3.23486328
-0.09228516,-0.02636719,1.00976562,9.58251953,14.58740234,2.9296875
-0.08886719,-0.02197266,0.98925781,9.33837891,12.08496094,1.89208984
-0.08886719,-0.02197266,0.98925781,9.33837891,12.08496094,1.89208984
-0.08496094,-0.02294922,0.98535156,9.15527344,10.13183594,1.22070312
-0.0859375,-0.02294922,0.98632812,8.7890625,7.75146484,0.54931641
-0.09912109,-0.02587891,0.99853516,7.93457031,5.12695312,0.18310547
-0.09912109,-0.02587891,0.99853516,7.93457031,5.12695312,0.18310547
-0.09863281,-0.0234375,1.0078125,6.89697266,5.43212891,0.54931641
-0.09765625,-0.02197266,1.01611328,6.10351562,6.28662109,0.79345703
-0.08105469,-0.01953125,1.01269531,5.98144531,8.11767578,0.85449219
-0.08105469,-0.01953125,1.01269531,5.98144531,8.11767578,0.85449219
-0.08105469,-0.01904297,1.00830078,6.65283203,7.8125,0.42724609
-0.08642578,-0.01904297,1.01318359,7.44628906,7.50732422,-0.12207031
-0.10742188,-0.02246094,0.99755859,7.87353516,7.44628906,0.06103516
-0.10742188,-0.02246094,0.99755859,7.87353516,7.44628906,0.06103516
-0.10742188,-0.02050781,0.99316406,7.75146484,7.38525391,0.42724609
-0.09765625,-0.01611328,0.99023438,7.56835938,6.8359375,0.54931641
-0.08496094,-0.01025391,0.98779297,7.26318359,5.37109375,0.42724609
-0.08496094,-0.01025391,0.98779297,7.26318359,5.37109375,0.42724609
-0.08837891,-0.01171875,0.98681641,6.65283203,4.8828125,0.24414062
-0.09277344,-0.01220703,0.98876953,6.04248047,4.76074219,0.24414062
-0.10449219,-0.01611328,1.00244141,4.76074219,5.31005859,0.30517578
-0.10449219,-0.01611328,1.00244141,4.76074219,5.31005859,0.30517578
-0.10791016,-0.01464844,1.00244141,3.96728516,6.04248047,0.85449219
-0.10302734,-0.00878906,0.99902344,3.29589844,6.04248047,0.9765625
-0.10595703,-0.01367188,0.99951172,3.47900391,4.33349609,0.18310547
-0.10595703,-0.01367188,0.99951172,3.47900391,4.33349609,0.18310547
-0.1015625,-0.01513672,0.99609375,3.84521484,3.41796875,-0.18310547
-0.10351562,-0.01513672,0.98828125,4.39453125,2.31933594,-0.79345703
-0.10107422,-0.01074219,0.984375,5.55419922,-1.64794922,-2.50244141
-0.10107422,-0.01074219,0.984375,5.55419922,-1.64794922,-2.50244141
-0.10498047,-0.00878906,0.98339844,5.61523438,-3.72314453,-3.47900391
-0.10595703,-0.01171875,0.98242188,5.18798828,-5.31005859,-3.96728516
-0.10595703,-0.01171875,0.98242188,5.18798828,-5.31005859,-3.96728516
-0.09033203,-0.00146484,0.98291016,3.47900391,-7.44628906,-4.33349609
-0.09033203,-0.00146484,0.98291016,3.47900391,-7.44628906,-4.33349609
-0.10888672,-0.01416016,1.00439453,1.83105469,-6.59179688,-4.57763672
-0.10888672,-0.01416016,1.00439453,1.83105469,-6.59179688,-4.57763672
-0.11328125,-0.01367188,1.03710938,0.91552734,-2.80761719,-1.70898438
-0.11328125,-0.01367188,1.03710938,0.91552734,-2.80761719,-1.70898438
-0.10253906,-0.02001953,1.01464844,2.13623047,-0.30517578,-0.61035156
-0.10253906,-0.02001953,1.01464844,2.13623047,-0.30517578,-0.61035156
-0.10888672,-0.01708984,0.98925781,2.31933594,-1.83105469,-2.38037109
-0.10888672,-0.01708984,0.98925781,2.31933594,-1.83105469,-2.38037109
-0.08154297,0.00292969,0.98193359,1.52587891,-4.8828125,-3.90625
-0.08154297,0.00292969,0.98193359,1.52587891,-4.8828125,-3.90625
-0.0859375,-0.01025391,1,-0.85449219,-3.96728516,-4.69970703
-0.0859375,-0.01025391,1,-0.85449219,-3.96728516,-4.69970703
-0.11132812,-0.01660156,1.01953125,-3.66210938,0.85449219,-1.58691406
-0.11132812,-0.01660156,1.01953125,-3.66210938,0.85449219,-0.36621094
-0.11572266,-0.02197266,1.02929688,-3.84521484,3.35693359,0.30517578
-0.11572266,-0.02197266,1.02929688,-3.84521484,3.35693359,0.36621094
-0.10693359,-0.01806641,1.00634766,-2.31933594,3.96728516,-0.12207031
-0.10693359,-0.01806641,1.00634766,-2.31933594,3.96728516,-0.48828125
-0.09521484,-0.00634766,0.96875,-2.38037109,2.44140625,-0.73242188
-0.09521484,-0.00634766,0.96875,-2.38037109,0.9765625,-1.09863281
-0.08496094,-0.00292969,0.9765625,-2.68554688,-0.67138672,-1.46484375
-0.08496094,-0.00292969,0.9765625,-2.50244141,-1.64794922,-1.77001953
-0.10498047,-0.01367188,1.01904297,-2.31933594,-1.22070312,-1.64794922
-0.10498047,-0.01367188,1.01904297,-2.19726562,-0.06103516,-0.91552734
-0.12109375,-0.01953125,1.03076172,-1.953125,0.9765625,-0.06103516
-0.12109375,-0.01953125,1.03076172,-1.953125,1.46484375,0.61035156
-0.11035156,-0.01953125,1.0234375,-1.09863281,1.70898438,0.9765625
-0.11035156,-0.01953125,1.0234375,-0.61035156,1.58691406,1.03759766
-0.09423828,-0.01318359,0.98876953,-0.42724609,0.36621094,0.67138672
-0.09423828,-0.01318359,0.98876953,0.18310547,-1.64794922,-0.06103516
-0.09179688,-0.01708984,0.98974609,0.79345703,-3.66210938,-1.03759766
-0.09179688,-0.01708984,0.98974609,1.34277344,-4.63867188,-1.46484375
-0.10742188,-0.01757812,1.02587891,1.58691406,-3.72314453,-1.22070312
-0.10742188,-0.01757812,1.02587891,1.22070312,-1.52587891,-0.30517578
-0.12304688,-0.02392578,1.02636719,0.79345703,0.79345703,1.03759766
-0.12304688,-0.02392578,1.02636719,0.54931641,1.953125,1.953125
-0.09814453,-0.00927734,0.99609375,0.79345703,1.70898438,2.01416016
-0.09814453,-0.00927734,0.99609375,1.46484375,-0.06103516,1.46484375
-0.07617188,0.00048828,1.00097656,2.07519531,-1.64794922,0.36621094
-0.07617188,0.00048828,1.00097656,2.56347656,-2.01416016,-0.24414062
-0.10595703,-0.02197266,1.00488281,2.74658203,-1.64794922,-0.18310547
-0.10595703,-0.02197266,1.00488281,2.68554688,-1.15966797,0.42724609
-0.11181641,-0.01416016,1.00146484,2.25830078,-0.48828125,0.91552734
-0.11181641,-0.01416016,1.00244141,1.15966797,-0.54931641,1.22070312
-0.10986328,-0.00878906,1.00390625,-0.24414062,-0.79345703,1.22070312
-0.10986328,-0.00878906,1.00927734,-1.28173828,-1.22070312,1.03759766
-0.10693359,-0.01220703,1.02050781,-1.83105469,-1.34277344,0.91552734
-0.10693359,-0.01367188,1.03564453,-1.64794922,-0.61035156,0.79345703
-0.10693359,-0.01708984,1.04296875,-1.28173828,0.54931641,0.85449219
-0.10693359,-0.01855469,1.03808594,-0.9765625,2.07519531,1.28173828
-0.10888672,-0.02099609,1.02148438,-0.48828125,3.17382812,1.77001953
-0.10742188,-0.02587891,1.00292969,0.61035156,3.05175781,1.58691406
-0.10595703,-0.02001953,0.98974609,1.58691406,1.77001953,0.79345703
-0.09765625,-0.00878906,0.9765625,1.83105469,-0.48828125,-0.24414062
-0.08886719,-0.00488281,0.96777344,1.40380859,-2.68554688,-1.09863281
-0.08544922,0.00195312,0.96728516,0.24414062,-4.63867188,-1.77001953
-0.07910156,0.00634766,0.98828125,-1.03759766,-5.859375,-2.56347656
-0.09863281,-0.01367188,1.02636719,-2.07519531,-4.57763672,-2.74658203
-0.12158203,-0.02734375,1.03955078,-2.86865234,-1.15966797,-1.34277344
-0.11767578,-0.01708984,1.04248047,-3.11279297,2.01416016,0.42724609
-0.10546875,-0.00830078,1.03759766,-2.68554688,3.90625,1.15966797
-0.09863281,-0.00732422,1.02246094,-1.953125,4.21142578,1.22070312
-0.09521484,-0.00683594,1,-1.22070312,3.41796875,0.79345703
-0.08984375,-0.01269531,0.97802734,-1.09863281,2.13623047,0.24414062
-0.09619141,-0.01855469,0.95800781,-1.09863281,0.91552734,-0.24414062
-0.10986328,-0.02587891,0.9453125,-1.58691406,-0.79345703,-1.03759766
-0.10693359,-0.02001953,0.95068359,-2.31933594,-2.86865234,-1.64794922
-0.09472656,-0.00537109,0.96826172,-3.23486328,-4.69970703,-2.31933594
-0.08837891,-0.00390625,1.00292969,-4.69970703,-4.82177734,-2.99072266
-0.11279297,-0.01757812,1.03662109,-6.40869141,-1.77001953,-2.31933594
-0.13330078,-0.02783203,1.05175781,-7.62939453,3.11279297,-0.06103516
-0.12695312,-0.02099609,1.05029297,-7.62939453,7.08007812,2.25830078
-0.10986328,-0.01367188,1.0390625,-6.40869141,8.60595703,3.47900391
-0.09326172,-0.00292969,1.01757812,-4.57763672,7.69042969,3.23486328
-0.08837891,-0.00048828,0.99511719,-2.99072266,4.94384766,2.01416016
-0.09082031,-0.00146484,0.98291016,-2.01416016,1.83105469,0.73242188
-0.09277344,-0.00732422,0.98144531,-2.07519531,-0.79345703,-0.30517578
-0.10058594,-0.01757812,0.98925781,-2.44140625,-2.56347656,-0.79345703
-0.11181641,-0.0234375,1.00390625,-2.80761719,-3.78417969,-1.34277344
-0.11376953,-0.02783203,1.02490234,-2.44140625,-4.51660156,-2.07519531
-0.10546875,-0.0234375,1.04052734,-1.03759766,-4.69970703,-2.56347656
-0.10546875,-0.01660156,1.03857422,-0.06103516,-4.51660156,-2.86865234
-0.10791016,-0.01855469,1.03173828,0.42724609,-4.33349609,-3.05175781
-0.10400391,-0.02148438,1.03369141,0.36621094,-3.90625,-3.05175781
-0.109375,-0.02832031,1.03710938,0.24414062,-2.13623047,-2.56347656
-0.10791016,-0.02636719,1.02978516,0.12207031,-0.24414062,-1.40380859
-0.1015625,-0.01806641,1.02636719,-0.06103516,0.91552734,-0.79345703
-0.10595703,-0.01806641,1.02294922,-0.30517578,1.83105469,-0.91552734
-0.10791016,-0.02148438,1.01367188,-0.91552734,2.01416016,-1.09863281
-0.10595703,-0.01806641,1.0078125,-1.58691406,1.70898438,-1.22070312
-0.10546875,-0.02050781,1.00048828,-2.31933594,1.22070312,-1.46484375
-0.10644531,-0.02246094,0.99755859,-2.86865234,0.67138672,-1.40380859
-0.11035156,-0.02050781,1.00048828,-3.11279297,0.36621094,-1.09863281
-0.10498047,-0.01806641,1.00585938,-3.23486328,0.24414062,-0.91552734
-0.09960938,-0.01416016,1.00976562,-3.05175781,0.61035156,-0.73242188
-0.09960938,-0.01269531,1.01464844,-2.50244141,1.09863281,-0.61035156
-0.10498047,-0.01904297,1.01464844,-1.52587891,1.15966797,-0.48828125
-0.10888672,-0.02050781,1.0078125,-0.06103516,0.85449219,-0.42724609
-0.10595703,-0.01611328,1.00585938,0.79345703,0,-0.48828125
-0.10400391,-0.01367188,1.01025391,1.09863281,-0.54931641,-0.61035156
-0.10009766,-0.01464844,1.01611328,1.34277344,-0.79345703,-0.67138672
-0.09570312,-0.01513672,1.01855469,1.46484375,-0.91552734,-0.79345703
-0.10498047,-0.02490234,1.01708984,1.77001953,-0.24414062,-0.73242188
-0.12451172,-0.04101562,1.00683594,2.44140625,0.79345703,-0.61035156
-0.11962891,-0.03466797,1.00439453,3.54003906,1.22070312,-0.12207031
-0.11181641,-0.02001953,1.00439453,4.76074219,1.15966797,-0.24414062
-0.1015625,-0.01513672,1.00488281,5.49316406,0.79345703,-0.61035156
-0.1015625,-0.01318359,1.00927734,5.92041016,0.54931641,-0.61035156
-0.10546875,-0.01416016,1.01318359,5.92041016,0.67138672,-0.30517578
-0.10693359,-0.01220703,1.01171875,5.31005859,0.61035156,0.12207031
-0.10351562,-0.01074219,1.01611328,4.21142578,0.73242188,0.36621094
-0.10400391,-0.01318359,1.02148438,3.41796875,1.28173828,0.73242188
-0.09570312,-0.00830078,1.0234375,3.11279297,1.70898438,0.91552734
-0.10644531,-0.01269531,1.01904297,2.9296875,2.13623047,1.03759766
-0.11279297,-0.01171875,1.00537109,2.31933594,2.74658203,1.64794922
-0.10546875,-0.01269531,1.00048828,2.01416016,2.74658203,2.13623047
-0.10839844,-0.01660156,1.00048828,2.13623047,2.25830078,2.31933594
-0.11376953,-0.0234375,0.99853516,3.11279297,1.46484375,2.31933594
-0.10205078,-0.015625,1.00146484,3.78417969,0.36621094,1.70898438
-0.08984375,-0.00292969,1.00634766,4.08935547,-0.30517578,0.30517578
-0.10742188,-0.01123047,1.02148438,4.21142578,-0.42724609,-0.61035156
-0.12646484,-0.02099609,1.03173828,3.54003906,1.09863281,-0.18310547
-0.12353516,-0.02050781,1.02978516,2.38037109,3.84521484,1.03759766
-0.11914062,-0.01611328,1.015625,1.46484375,6.10351562,2.25830078
-0.10791016,-0.00830078,1.00439453,1.28173828,6.22558594,2.99072266
-0.09912109,-0.00390625,1,1.77001953,4.8828125,2.86865234
-0.09130859,-0.00292969,0.99414062,1.953125,3.17382812,2.01416016
-0.09570312,-0.00585938,0.98583984,1.83105469,1.64794922,0.73242188
-0.11083984,-0.01904297,0.98095703,1.34277344,0.30517578,-0.54931641
-0.11523438,-0.02392578,0.98535156,1.15966797,-0.54931641,-1.03759766
-0.10839844,-0.01660156,0.98974609,1.46484375,-1.15966797,-1.28173828
-0.10302734,-0.00927734,0.99121094,1.58691406,-1.953125,-1.52587891
-0.09765625,-0.00341797,0.99072266,1.70898438,-2.80761719,-1.70898438
-0.09423828,-0.00439453,0.98779297,1.58691406,-3.84521484,-2.01416016
-0.09375,-0.00585938,0.98535156,1.40380859,-4.63867188,-2.19726562
-0.09619141,-0.00830078,0.98632812,1.15966797,-5.18798828,-2.31933594
-0.10009766,-0.01074219,0.99707031,0.73242188,-5.37109375,-2.31933594
-0.10351562,-0.01123047,1.00976562,0.24414062,-4.82177734,-1.953125
-0.10205078,-0.01074219,1.01464844,-0.30517578,-3.41796875,-1.28173828
-0.10205078,-0.00878906,1.015625,-0.30517578,-2.25830078,-0.79345703
-0.09960938,-0.00976562,1.01074219,0.18310547,-1.40380859,-0.67138672
-0.09716797,-0.00732422,1.00927734,0.73242188,-1.46484375,-0.85449219
-0.09912109,-0.0078125,1.00292969,0.9765625,-1.46484375,-0.85449219
-0.10253906,-0.00830078,0.99853516,0.61035156,-1.34277344,-0.54931641
-0.10644531,-0.01171875,0.99902344,-0.06103516,-1.46484375,-0.24414062
-0.11132812,-0.01708984,1.00244141,-0.54931641,-1.40380859,-0.12207031
-0.10693359,-0.01708984,1.00292969,-0.73242188,-1.52587891,-0.18310547
-0.10058594,-0.01025391,1.00048828,-0.79345703,-1.77001953,-0.36621094
-0.09863281,-0.00683594,1,-0.91552734,-2.38037109,-0.85449219
-0.10009766,-0.00683594,0.99853516,-1.28173828,-3.05175781,-1.22070312
-0.10449219,-0.00878906,0.99951172,-1.64794922,-3.41796875,-1.40380859
-0.11035156,-0.01025391,1.00195312,-2.07519531,-3.41796875,-1.22070312
-0.11035156,-0.01025391,1.01318359,-2.13623047,-2.56347656,-0.85449219
-0.10058594,-0.0078125,1.0234375,-1.46484375,-1.40380859,-0.48828125
-0.09814453,-0.01318359,1.02148438,0,-0.54931641,-0.42724609
-0.09960938,-0.01757812,1.00341797,1.70898438,0,-0.36621094
-0.10449219,-0.01464844,0.98339844,2.86865234,-0.54931641,-0.67138672
-0.10742188,-0.01464844,0.97558594,3.35693359,-1.83105469,-1.40380859
-0.10400391,-0.00537109,0.98535156,2.86865234,-3.17382812,-2.13623047
-0.10205078,-0.00146484,1.00048828,1.77001953,-3.84521484,-2.62451172
-0.10205078,-0.00146484,1.00048828,1.77001953,-3.84521484,-2.62451172
-0.10351562,-0.00439453,1.01367188,0.91552734,-3.60107422,-2.62451172
-0.10302734,-0.00878906,1.01318359,0,-2.01416016,-1.89208984
-0.09765625,-0.00683594,0.99951172,-0.30517578,-2.01416016,-1.64794922
-0.09765625,-0.00683594,0.99951172,-0.30517578,-2.01416016,-1.64794922
-0.09326172,-0.00439453,0.99121094,-0.9765625,-2.68554688,-1.64794922
-0.09423828,-0.00537109,0.98779297,-3.23486328,-4.45556641,-1.83105469
-0.09912109,-0.00927734,0.99804688,-4.15039062,-5.12695312,-2.25830078
-0.09912109,-0.00927734,0.99804688,-4.15039062,-5.12695312,-2.25830078
-0.09960938,-0.00927734,1.01318359,-4.57763672,-5.37109375,-2.99072266
-0.10498047,-0.01318359,1.02392578,-4.15039062,-4.02832031,-3.41796875
-0.11279297,-0.01708984,1.01708984,-4.33349609,-2.86865234,-2.56347656
-0.11279297,-0.01708984,1.01708984,-4.33349609,-2.86865234,-2.56347656
-0.10693359,-0.015625,1.01318359,-4.57763672,-1.58691406,-1.40380859
-0.09814453,-0.00732422,1.00390625,-4.45556641,-1.46484375,-0.61035156
-0.09570312,-0.00830078,1.00048828,-4.08935547,-2.62451172,-0.91552734
-0.09570312,-0.00830078,1.00048828,-4.08935547,-2.62451172,-0.91552734
-0.09033203,-0.00927734,1.00048828,-3.66210938,-3.90625,-1.58691406
-0.09130859,-0.00341797,1.00146484,-3.54003906,-4.63867188,-2.50244141
-0.10058594,-0.01611328,0.99951172,-4.08935547,-4.15039062,-2.38037109
-0.10058594,-0.01611328,0.99951172,-4.08935547,-4.15039062,-2.38037109
-0.11083984,-0.02001953,1.00097656,-4.94384766,-3.47900391,-1.64794922
-0.09716797,-0.02636719,1.02050781,-4.69970703,-2.80761719,-0.24414062
-0.09130859,-0.02539062,1.02197266,-3.11279297,-2.68554688,0.24414062
-0.09130859,-0.02539062,1.02197266,-3.11279297,-2.68554688,0.24414062
-0.09033203,-0.015625,1.01904297,-1.15966797,-2.80761719,0.42724609
-0.09570312,-0.01367188,1.02148438,0.9765625,-2.80761719,0.36621094
-0.09667969,-0.01708984,1.03320312,1.15966797,-1.83105469,0.48828125
-0.09667969,-0.01708984,1.03320312,1.15966797,-1.83105469,0.48828125
-0.10205078,-0.02294922,1.03125,1.03759766,-0.06103516,0.9765625
-0.09912109,-0.01708984,1.00976562,0.36621094,1.52587891,1.953125
-0.09375,-0.01513672,1.00585938,0.18310547,1.22070312,1.77001953
-0.09375,-0.01513672,1.00585938,0.18310547,1.22070312,1.77001953
-0.09326172,-0.00488281,0.99462891,0.36621094,0.42724609,1.28173828
-0.08886719,-0.00488281,0.99414062,-0.85449219,-1.52587891,0
-0.08251953,-0.00732422,1.00634766,-1.03759766,-1.70898438,-0.24414062
-0.08251953,-0.00732422,1.00634766,-1.03759766,-1.70898438,-0.24414062
-0.08496094,-0.01708984,1.02050781,-0.48828125,-2.01416016,-0.18310547
-0.10302734,-0.02441406,1.01269531,1.83105469,-1.40380859,0.30517578
-0.10009766,-0.01757812,1.00488281,2.74658203,-1.70898438,0.30517578
-0.10009766,-0.01757812,1.00488281,2.74658203,-1.70898438,0.30517578
-0.09228516,-0.00683594,0.99951172,2.80761719,-2.07519531,0.42724609
-0.08691406,-0.00976562,0.99658203,1.22070312,-2.50244141,0.18310547
-0.08789062,-0.01074219,0.99902344,0.48828125,-2.50244141,0.18310547
-0.08789062,-0.01074219,0.99902344,0.48828125,-2.50244141,0.18310547
-0.09130859,-0.01220703,1.01318359,-0.42724609,-1.22070312,-0.06103516
-0.10839844,-0.01171875,1.03515625,-1.15966797,1.70898438,1.22070312
-0.10498047,-0.01171875,1.03417969,-1.15966797,1.70898438,1.22070312
-0.10498047,-0.01171875,1.03417969,-1.15966797,1.70898438,1.22070312
-0.10302734,-0.01416016,1.02197266,-0.67138672,1.15966797,1.34277344
-0.09277344,-0.00976562,1.00195312,-0.79345703,-0.9765625,0.30517578
-0.08447266,-0.00488281,0.9921875,-0.79345703,-0.9765625,0.30517578
-0.08447266,-0.00488281,0.9921875,-0.79345703,-0.9765625,0.30517578
-0.07958984,-0.00292969,0.98486328,-2.31933594,-3.23486328,-0.79345703
-0.09179688,-0.0078125,1.015625,-4.69970703,-2.31933594,-0.9765625
-0.10400391,-0.015625,1.02734375,-4.69970703,-2.31933594,-0.9765625
-0.10400391,-0.015625,1.02734375,-4.69970703,-2.31933594,-0.9765625
-0.10009766,-0.00634766,1.02636719,-7.14111328,-0.12207031,-0.54931641
-0.09521484,-0.00341797,1.02001953,-7.93457031,-1.40380859,-1.40380859
-0.09228516,-0.00341797,1.01464844,-7.93457031,-1.40380859,-1.40380859
-0.09228516,-0.00341797,1.01464844,-7.93457031,-1.40380859,-1.40380859
-0.09130859,-0.00048828,1.01464844,-7.50732422,-3.72314453,-3.17382812
-0.09375,-0.00390625,1.01611328,-7.50732422,-3.72314453,-3.17382812
-0.10009766,-0.00878906,1.01953125,-7.93457031,-3.90625,-3.84521484
-0.10058594,-0.0078125,1.02001953,-7.93457031,-3.90625,-3.84521484
-0.10449219,-0.0078125,1.01660156,-9.52148438,-1.40380859,-3.35693359
-0.10546875,-0.01220703,1.01367188,-9.52148438,-1.40380859,-3.35693359
-0.10107422,-0.01025391,1.00976562,-10.62011719,0.18310547,-2.50244141
-0.09082031,-0.00390625,1.00390625,-10.62011719,0.18310547,-2.50244141
-0.08349609,-0.00390625,1.00195312,-10.55908203,-1.22070312,-3.47900391
-0.08251953,0,1.00390625,-10.55908203,-1.22070312,-3.47900391
-0.08007812,0.00292969,1.03027344,-9.39941406,-1.46484375,-5.18798828
-0.08789062,0.00634766,1.03027344,-9.39941406,-1.46484375,-5.18798828
-0.09912109,0.00976562,1.01123047,-10.98632812,0,-5.31005859
-0.10253906,0.01171875,1.01123047,-10.98632812,0,-5.31005859
-0.09765625,0.00537109,0.99707031,-15.07568359,-1.09863281,-5.37109375
-0.08984375,0.00537109,0.99707031,-15.07568359,-1.09863281,-5.37109375
-0.09228516,0.00488281,1.00976562,-17.76123047,-3.35693359,-6.46972656
-0.08496094,0.00488281,1.00976562,-17.76123047,-3.35693359,-6.46972656
-0.08251953,0.02539062,1.00732422,-21.17919922,-3.96728516,-7.20214844
-0.08251953,0.02539062,1.00732422,-21.17919922,-3.96728516,-7.20214844
-0.09423828,-0.00830078,1.01171875,-27.34375,-3.66210938,-8.05664062
-0.09423828,-0.00830078,1.01171875,-27.34375,-3.66210938,-8.05664062
-0.07763672,0.01171875,1.01660156,-31.55517578,-2.99072266,-8.23974609
-0.07763672,0.01171875,1.01660156,-31.55517578,-2.99072266,-8.23974609
-0.07226562,-0.03076172,1.01953125,-37.53662109,-2.99072266,-8.48388672
-0.07226562,-0.03076172,1.01953125,-37.53662109,-2.99072266,-8.48388672
-0.07324219,-0.02050781,1.00683594,-40.89355469,-3.23486328,-8.05664062
-0.07324219,-0.02050781,1.00683594,-40.89355469,-3.23486328,-8.05664062
-0.07714844,-0.00634766,1.02441406,-44.43359375,-5.24902344,-7.69042969
-0.07714844,-0.00634766,1.02441406,-44.43359375,-5.24902344,-7.69042969
-0.11425781,-0.05371094,1.01269531,-47.97363281,-2.9296875,-6.95800781
-0.11425781,-0.05371094,1.01269531,-47.97363281,-2.9296875,-6.95800781
-0.08984375,-0.07421875,1.02539062,-52.30712891,-2.68554688,-4.63867188
-0.08984375,-0.07421875,1.02539062,-52.30712891,-2.68554688,-4.63867188
-0.09619141,-0.12451172,0.97460938,-61.21826172,-1.09863281,-1.03759766
-0.09619141,-0.12451172,0.97460938,-61.21826172,-1.09863281,-1.03759766
-0.06591797,-0.06884766,1.00976562,-66.16210938,-4.15039062,-2.19726562
-0.06591797,-0.06884766,1.00976562,-66.16210938,-4.15039062,-2.19726562
-0.07470703,-0.11572266,1.04199219,-68.60351562,-3.05175781,-3.84521484
-0.07470703,-0.11572266,1.04199219,-68.60351562,-3.05175781,-3.84521484
-0.09423828,-0.15087891,1.01611328,-70.92285156,0.73242188,-3.17382812
-0.09423828,-0.15087891,1.01611328,-70.92285156,0.73242188,-3.17382812
-0.08789062,-0.11328125,0.9921875,-73.2421875,3.66210938,-1.52587891
-0.08789062,-0.11328125,0.9921875,-73.2421875,3.66210938,-1.52587891
-0.08837891,-0.11376953,1.00244141,-74.03564453,6.16455078,-0.79345703
-0.08837891,-0.11376953,1.00244141,-74.03564453,6.16455078,-0.79345703
-0.0859375,-0.12988281,0.97900391,-74.95117188,11.10839844,1.28173828
-0.0859375,-0.12988281,0.97900391,-74.95117188,11.10839844,1.28173828
-0.09667969,-0.18164062,0.96826172,-77.81982422,15.01464844,3.05175781
-0.09667969,-0.18164062,0.96826172,-77.81982422,15.01464844,3.05175781
-0.10400391,-0.22021484,0.96826172,-81.0546875,15.74707031,4.27246094
-0.10400391,-0.22021484,0.96826172,-81.0546875,15.74707031,4.27246094
-0.09033203,-0.20947266,1.02197266,-81.54296875,18.43261719,4.63867188
-0.09033203,-0.20947266,1.02197266,-81.54296875,18.43261719,4.63867188
-0.10058594,-0.16552734,0.98730469,-85.26611328,20.5078125,3.41796875
-0.10058594,-0.16552734,0.98730469,-85.26611328,20.5078125,3.41796875
-0.12207031,-0.23974609,0.94580078,-88.50097656,20.81298828,2.50244141
-0.12207031,-0.23974609,0.94580078,-88.50097656,20.81298828,2.50244141
-0.10742188,-0.27441406,0.96875,-94.05517578,21.60644531,4.69970703
-0.10742188,-0.27441406,0.96875,-94.05517578,21.60644531,4.69970703
-0.09765625,-0.23828125,0.94384766,-95.39794922,22.58300781,6.04248047
-0.09765625,-0.23828125,0.94384766,-95.39794922,22.58300781,6.04248047
-0.11572266,-0.27099609,0.97167969,-99.97558594,19.89746094,3.66210938
-0.11572266,-0.27099609,0.97167969,-99.97558594,19.89746094,3.66210938
-0.14111328,-0.32470703,0.93603516,-103.6376953,17.70019531,4.21142578
-0.14111328,-0.32470703,0.93603516,-103.6376953,17.70019531,4.21142578
-0.14501953,-0.32226562,0.92236328,-110.6567383,14.89257812,5.92041016
-0.14501953,-0.32226562,0.92236328,-110.6567383,14.89257812,5.92041016
-0.13085938,-0.37451172,0.94775391,-110.534668,13.42773438,7.56835938
-0.13085938,-0.37451172,0.94775391,-110.534668,13.42773438,7.56835938
-0.15966797,-0.34863281,0.95410156,-116.2109375,12.20703125,5.79833984
-0.15966797,-0.34863281,0.95410156,-116.2109375,12.20703125,5.79833984
-0.15869141,-0.45556641,0.95556641,-117.0043945,13.79394531,8.05664062
-0.15869141,-0.45556641,0.95556641,-117.0043945,13.79394531,8.05664062
-0.16259766,-0.46582031,0.80712891,-124.9389648,9.88769531,10.43701172
-0.16259766,-0.46582031,0.80712891,-124.9389648,9.88769531,10.43701172
-0.14794922,-0.42431641,0.84912109,-132.8735352,2.19726562,12.81738281
-0.14794922,-0.42431641,0.84912109,-132.8735352,2.19726562,12.81738281
-0.13037109,-0.46044922,0.91113281,-137.1459961,1.89208984,10.07080078
-0.13037109,-0.46044922,0.91113281,-137.1459961,1.89208984,10.07080078
-0.14355469,-0.47070312,0.94384766,-136.1694336,5.73730469,8.54492188
-0.14355469,-0.47070312,0.94384766,-136.1694336,5.73730469,8.54492188
-0.16210938,-0.49560547,0.79296875,-138.6108398,6.77490234,7.50732422
-0.16210938,-0.49560547,0.79296875,-138.6108398,6.77490234,7.50732422
-0.16552734,-0.49462891,0.83447266,-141.2353516,3.41796875,8.23974609
-0.16552734,-0.49462891,0.83447266,-141.2353516,3.41796875,8.23974609
-0.12109375,-0.49169922,0.75927734,-144.0429688,-4.33349609,4.8828125
-0.12109375,-0.49169922,0.75927734,-144.0429688,-4.33349609,4.8828125
-0.10009766,-0.57568359,0.86230469,-146.1181641,-3.72314453,-2.9296875
-0.10009766,-0.57568359,0.86230469,-146.1181641,-3.72314453,-2.9296875
-0.10253906,-0.57519531,0.81689453,-149.1088867,-1.15966797,-6.71386719
-0.10253906,-0.57519531,0.81689453,-149.1088867,-1.15966797,-6.71386719
-0.11083984,-0.60400391,0.72412109,-151.184082,1.15966797,-7.75146484
-0.11083984,-0.60400391,0.72412109,-151.184082,1.15966797,-7.75146484
-0.12109375,-0.62695312,0.74072266,-156.1279297,3.72314453,-9.58251953
-0.12109375,-0.62695312,0.74072266,-156.1279297,3.72314453,-9.58251953
-0.11083984,-0.62207031,0.69726562,-153.7475586,5.73730469,-9.64355469
-0.11083984,-0.62207031,0.69726562,-153.7475586,5.73730469,-9.64355469
-0.12109375,-0.60693359,0.69482422,-155.0292969,6.40869141,-8.05664062
-0.12109375,-0.60693359,0.69482422,-155.0292969,6.40869141,-8.05664062
-0.14794922,-0.66455078,0.66064453,-160.7666016,6.40869141,-6.53076172
-0.14794922,-0.66455078,0.66064453,-160.7666016,6.40869141,-6.53076172
-0.08691406,-0.66259766,0.62207031,-163.8793945,5.67626953,-4.02832031
-0.08691406,-0.66259766,0.62207031,-163.8793945,5.67626953,-4.02832031
-0.10009766,-0.73876953,0.64794922,-172.1801758,6.8359375,-6.34765625
-0.10009766,-0.73876953,0.64794922,-172.1801758,6.8359375,-6.34765625
-0.10302734,-0.77148438,0.60986328,-175.9643555,7.32421875,-9.21630859
-0.10302734,-0.77148438,0.60986328,-175.9643555,7.32421875,-9.21630859
-0.09716797,-0.81201172,0.62451172,-178.9550781,7.62939453,-12.87841797
-0.09716797,-0.81201172,0.62451172,-178.9550781,7.62939453,-12.87841797
-0.11132812,-0.81347656,0.58691406,-184.0209961,5.37109375,-17.08984375
-0.11132812,-0.81347656,0.58691406,-184.0209961,5.37109375,-17.08984375
-0.08642578,-0.89550781,0.59472656,-185.6079102,3.90625,-20.26367188
-0.08642578,-0.89550781,0.59472656,-185.6079102,3.90625,-20.26367188
-0.09716797,-0.86621094,0.53613281,-189.2089844,3.17382812,-25.51269531
-0.09716797,-0.86621094,0.53613281,-189.2089844,3.17382812,-25.51269531
-0.09667969,-0.91308594,0.53417969,-189.6972656,0,-30.09033203
-0.09667969,-0.91308594,0.53417969,-189.6972656,0,-30.09033203
-0.07128906,-0.86328125,0.51318359,-189.3920898,-2.01416016,-33.69140625
-0.07128906,-0.86328125,0.51318359,-189.3920898,-2.01416016,-33.69140625
-0.06201172,-1.01611328,0.48681641,-188.7817383,-2.99072266,-39.18457031
-0.06201172,-1.01611328,0.48681641,-188.7817383,-2.99072266,-39.18457031
-0.12792969,-0.88720703,0.49707031,-187.8662109,-7.44628906,-41.93115234
-0.12792969,-0.88720703,0.49707031,-187.8662109,-7.44628906,-41.93115234
-0.11962891,-0.90087891,0.43164062,-183.3496094,-7.87353516,-42.48046875
-0.11962891,-0.90087891,0.43164062,-183.3496094,-7.87353516,-42.48046875
-0.11425781,-1.02392578,0.37695312,-178.5888672,-6.04248047,-46.875
-0.11425781,-1.02392578,0.37695312,-178.5888672,-6.04248047,-46.875
-0.17431641,-0.93603516,0.40576172,-169.3115234,-8.17871094,-42.48046875
-0.17431641,-0.93603516,0.40576172,-169.3115234,-8.17871094,-42.48046875
-0.15869141,-0.86328125,0.3828125,-158.0200195,-5.00488281,-39.0625
-0.15869141,-0.86328125,0.3828125,-158.0200195,-5.00488281,-39.0625
-0.13525391,-0.88378906,0.35107422,-147.7050781,-3.60107422,-32.89794922
-0.13525391,-0.88378906,0.35107422,-147.7050781,-3.60107422,-32.89794922
-0.109375,-0.95605469,0.33935547,-139.2211914,-2.13623047,-26.85546875
-0.109375,-0.95605469,0.33935547,-139.2211914,-2.13623047,-26.85546875
-0.04492188,-1.12353516,0.35693359,-130.4931641,-3.11279297,-26.24511719
-0.04492188,-1.12353516,0.35693359,-130.4931641,-3.11279297,-26.24511719
-0.06884766,-1.02880859,0.33642578,-122.9858398,-4.51660156,-27.34375
-0.06884766,-1.02880859,0.33642578,-122.9858398,-4.51660156,-27.34375
-0.09472656,-0.96630859,0.25927734,-114.5019531,-2.50244141,-23.80371094
-0.09472656,-0.96630859,0.25927734,-114.5019531,-2.50244141,-23.80371094
-0.10595703,-0.9765625,0.24316406,-104.7363281,-0.24414062,-18.92089844
-0.10595703,-0.9765625,0.24316406,-104.7363281,-0.24414062,-18.92089844
-0.10791016,-0.94970703,0.24804688,-93.26171875,1.40380859,-13.24462891
-0.10791016,-0.94970703,0.24804688,-93.26171875,1.40380859,-13.24462891
-0.08007812,-0.94140625,0.23583984,-82.27539062,1.64794922,-6.59179688
-0.08007812,-0.94140625,0.23583984,-82.27539062,1.64794922,-6.59179688
-0.06347656,-0.95556641,0.20849609,-70.80078125,1.77001953,-2.68554688
-0.06347656,-0.95556641,0.20849609,-70.80078125,1.77001953,-2.68554688
-0.05761719,-0.94628906,0.20849609,-60.79101562,0.67138672,-0.67138672
-0.05761719,-0.94628906,0.20849609,-60.79101562,0.67138672,-0.67138672
-0.03857422,-0.97216797,0.18945312,-51.45263672,-0.42724609,1.03759766
-0.03857422,-0.97216797,0.18945312,-51.45263672,-0.42724609,1.03759766
-0.03857422,-1,0.1796875,-44.00634766,-1.09863281,2.38037109
-0.03857422,-1,0.1796875,-44.00634766,-1.09863281,2.38037109
-0.04980469,-1.01220703,0.17089844,-36.25488281,-1.77001953,2.56347656
-0.04980469,-1.01220703,0.17089844,-36.25488281,-1.77001953,2.56347656
-0.06347656,-1.00634766,0.16455078,-29.72412109,-3.47900391,3.72314453
-0.06347656,-1.00634766,0.16455078,-29.72412109,-3.47900391,3.72314453
-0.04589844,-1.02636719,0.1484375,-22.27783203,-4.8828125,4.02832031
-0.04589844,-1.02636719,0.1484375,-22.27783203,-4.8828125,4.02832031
-0.03417969,-1.01367188,0.14111328,-15.19775391,-5.859375,1.89208984
-0.03417969,-1.01367188,0.14111328,-15.19775391,-5.859375,1.89208984
-0.015625,-0.99902344,0.13525391,-9.39941406,-5.92041016,-0.06103516
-0.015625,-0.99902344,0.13525391,-9.39941406,-5.92041016,-0.06103516
-0.01123047,-0.97998047,0.13623047,-5.18798828,-5.98144531,-2.07519531
-0.01123047,-0.97998047,0.13623047,-5.18798828,-5.98144531,-2.07519531
-0.02978516,-0.96533203,0.13037109,-1.83105469,-6.16455078,-2.07519531
-0.02978516,-0.96533203,0.13037109,-1.83105469,-6.16455078,-2.07519531
-0.0390625,-0.96191406,0.12841797,1.64794922,-5.859375,-1.64794922
-0.0390625,-0.96191406,0.12841797,1.64794922,-5.859375,-1.64794922
-0.05029297,-0.96875,0.12792969,5.24902344,-5.18798828,-1.953125
-0.05029297,-0.96875,0.12792969,5.24902344,-5.18798828,-1.953125
-0.04394531,-0.97412109,0.12353516,8.36181641,-4.94384766,-1.58691406
-0.04394531,-0.97412109,0.12353516,8.36181641,-4.94384766,-1.58691406
-0.0390625,-0.97070312,0.12353516,10.13183594,-4.27246094,-1.64794922
-0.0390625,-0.97070312,0.12353516,10.13183594,-4.27246094,-1.64794922
-0.046875,-0.97900391,0.12988281,10.98632812,-3.96728516,-1.15966797
-0.046875,-0.97900391,0.12988281,10.98632812,-3.96728516,-1.15966797
-0.02246094,-1.01367188,0.12548828,12.57324219,-3.84521484,-2.86865234
-0.02246094,-1.01367188,0.12548828,12.57324219,-3.84521484,-2.86865234
-0.0078125,-1.00830078,0.12011719,12.32910156,-4.94384766,-6.95800781
-0.0078125,-1.00830078,0.12011719,12.32910156,-4.94384766,-6.95800781
-0.04833984,-0.98291016,0.12988281,10.68115234,-6.59179688,-7.87353516
-0.04833984,-0.98291016,0.12988281,10.68115234,-6.59179688,-7.87353516
-0.06982422,-0.97607422,0.12744141,9.33837891,-6.8359375,-5.67626953
-0.06982422,-0.97607422,0.12744141,9.33837891,-6.8359375,-5.67626953
-0.06787109,-0.98876953,0.12207031,8.05664062,-6.04248047,-2.56347656
-0.06787109,-0.98876953,0.12207031,8.05664062,-6.04248047,-2.56347656
-0.06884766,-0.99365234,0.13134766,6.40869141,-4.94384766,-0.18310547
-0.06884766,-0.99365234,0.13134766,6.40869141,-4.94384766,-0.18310547
-0.0546875,-0.9921875,0.14550781,5.31005859,-5.12695312,1.953125
-0.0546875,-0.9921875,0.14550781,5.31005859,-5.12695312,1.953125
-0.04443359,-1.00732422,0.13574219,3.11279297,-5.79833984,3.41796875
-0.04443359,-1.00732422,0.13574219,3.11279297,-5.79833984,3.41796875
-0.05761719,-1.00732422,0.12792969,1.40380859,-5.859375,3.23486328
-0.05761719,-1.00732422,0.12792969,1.40380859,-5.859375,3.23486328
-0.0625,-1.00732422,0.12939453,0.24414062,-4.94384766,3.17382812
-0.0625,-1.00732422,0.12939453,0.24414062,-4.94384766,3.17382812
-0.04931641,-1.01757812,0.13134766,-1.34277344,-3.78417969,3.11279297
-0.04931641,-1.01757812,0.13134766,-1.34277344,-3.78417969,3.11279297
-0.04931641,-1.02490234,0.12890625,-3.23486328,-3.05175781,2.07519531
-0.04931641,-1.02490234,0.12890625,-3.23486328,-3.05175781,2.07519531
-0.05712891,-1.01220703,0.13525391,-4.02832031,-2.74658203,1.40380859
-0.05712891,-1.01220703,0.13525391,-4.02832031,-2.74658203,1.40380859
-0.04443359,-1.00683594,0.12695312,-4.94384766,-2.74658203,0.54931641
-0.04443359,-1.00683594,0.12695312,-4.94384766,-2.74658203,0.54931641
-0.02978516,-0.99755859,0.12646484,-6.16455078,-2.68554688,-0.67138672
-0.02978516,-0.99755859,0.12646484,-6.16455078,-2.68554688,-0.67138672
-0.04248047,-1.00976562,0.12890625,-6.40869141,-2.01416016,-2.50244141
-0.04248047,-1.00976562,0.12890625,-6.40869141,-2.01416016,-2.50244141
-0.06005859,-1.00537109,0.1328125,-6.8359375,-1.83105469,-2.9296875
-0.06005859,-1.00537109,0.1328125,-6.8359375,-1.83105469,-2.9296875
-0.04882812,-0.98925781,0.14257812,-6.71386719,-2.25830078,-2.01416016
-0.04882812,-0.98925781,0.14257812,-6.71386719,-2.25830078,-1.34277344
-0.04882812,-0.98046875,0.13964844,-7.08007812,-2.68554688,-0.61035156
-0.04882812,-0.98046875,0.13964844,-7.20214844,-2.74658203,0.06103516
-0.05126953,-0.99951172,0.13574219,-7.01904297,-2.80761719,0.61035156
-0.05126953,-0.99951172,0.13574219,-6.34765625,-2.56347656,0.67138672
-0.05419922,-1.01269531,0.12988281,-5.859375,-2.31933594,0.67138672
-0.05419922,-1.01269531,0.12988281,-5.37109375,-2.25830078,0.67138672
-0.05322266,-1,0.12646484,-5.31005859,-2.01416016,0.79345703
-0.05322266,-1,0.12646484,-5.24902344,-1.89208984,1.28173828
-0.04003906,-0.99267578,0.13525391,-5.43212891,-2.19726562,1.83105469
-0.04003906,-0.99267578,0.12451172,-5.67626953,-2.31933594,1.83105469
-0.04345703,-0.99267578,0.12597656,-5.859375,-2.38037109,1.77001953
-0.05322266,-0.99169922,0.13183594,-5.67626953,-2.38037109,1.953125
-0.05224609,-0.99658203,0.13330078,-5.43212891,-2.25830078,2.44140625
-0.05322266,-0.99755859,0.12988281,-4.8828125,-2.07519531,2.86865234
-0.05322266,-0.99755859,0.12988281,-4.8828125,-2.07519531,2.86865234
-0.05419922,-1.00439453,0.12207031,-4.02832031,-1.83105469,3.11279297
-0.05419922,-1.01171875,0.11328125,-2.07519531,-1.40380859,2.13623047
-0.04785156,-1.00097656,0.11767578,-1.83105469,-1.15966797,1.77001953
-0.04345703,-0.98974609,0.12207031,-2.07519531,-0.85449219,1.83105469
-0.04199219,-0.98046875,0.13037109,-2.50244141,-0.85449219,2.19726562
-0.03027344,-0.98876953,0.13574219,-2.31933594,-1.22070312,2.31933594
-0.02246094,-0.99511719,0.12744141,-1.953125,-1.34277344,1.34277344
-0.03076172,-0.99169922,0.13330078,-2.01416016,-2.07519531,0.48828125
-0.02587891,-1.01171875,0.12451172,-1.89208984,-2.62451172,-0.48828125
-0.02246094,-1.02001953,0.12158203,-2.31933594,-2.56347656,-1.77001953
-0.02929688,-1.02050781,0.12255859,-2.86865234,-2.31933594,-2.62451172
-0.04101562,-1.02197266,0.11669922,-2.99072266,-2.07519531,-3.47900391
-0.04248047,-1.01855469,0.11914062,-2.99072266,-2.13623047,-4.33349609
-0.03613281,-1.00927734,0.12304688,-2.9296875,-2.38037109,-5.18798828
-0.02441406,-1.00341797,0.12304688,-3.41796875,-2.44140625,-5.859375
-0.02490234,-0.99365234,0.12109375,-4.21142578,-2.50244141,-6.59179688
-0.0390625,-0.98583984,0.12060547,-4.76074219,-2.56347656,-6.89697266
-0.05615234,-0.97509766,0.125,-4.82177734,-2.56347656,-6.8359375
-0.06933594,-0.96875,0.13330078,-4.33349609,-2.50244141,-6.10351562
-0.07275391,-0.97412109,0.13818359,-3.72314453,-2.19726562,-4.8828125
-0.06933594,-0.98144531,0.13525391,-3.05175781,-1.953125,-3.66210938
-0.05859375,-0.98632812,0.13378906,-2.68554688,-1.77001953,-2.68554688
-0.04541016,-0.99267578,0.12792969,-2.86865234,-1.58691406,-2.01416016
-0.03710938,-0.99609375,0.12304688,-3.35693359,-1.52587891,-1.70898438
-0.03173828,-1,0.12451172,-3.84521484,-1.40380859,-1.77001953
-0.03027344,-1.00683594,0.12402344,-3.60107422,-1.46484375,-2.31933594
-0.02929688,-1.00244141,0.12158203,-3.05175781,-1.40380859,-3.11279297
-0.03613281,-0.98583984,0.12695312,-2.56347656,-1.40380859,-3.60107422
-0.046875,-0.97167969,0.1328125,-2.31933594,-1.83105469,-3.17382812
-0.04101562,-0.98144531,0.12597656,-2.44140625,-2.13623047,-2.31933594
-0.03564453,-0.99414062,0.12158203,-2.68554688,-1.83105469,-1.77001953
-0.04199219,-0.99365234,0.125,-3.05175781,-1.22070312,-1.28173828
-0.04443359,-0.99511719,0.12792969,-3.54003906,-1.03759766,-0.67138672
-0.04150391,-1,0.12597656,-4.08935547,-1.22070312,0
-0.0390625,-1.00048828,0.11767578,-4.51660156,-1.34277344,0.30517578
-0.03613281,-0.99658203,0.11181641,-4.39453125,-1.15966797,0.30517578
-0.04101562,-0.99853516,0.10742188,-3.54003906,-0.91552734,-0.18310547
-0.04150391,-1.00195312,0.11230469,-2.56347656,-0.85449219,-0.91552734
-0.03515625,-1,0.12451172,-1.953125,-1.03759766,-1.58691406
-0.01953125,-0.99560547,0.12792969,-1.83105469,-1.46484375,-2.01416016
-0.01904297,-0.98242188,0.12353516,-2.44140625,-1.77001953,-2.19726562
-0.03564453,-0.96777344,0.13134766,-2.86865234,-2.25830078,-1.77001953
-0.04003906,-0.96679688,0.12890625,-2.9296875,-2.44140625,-1.28173828
-0.04248047,-0.97802734,0.12548828,-2.38037109,-2.31933594,-0.85449219
-0.04248047,-0.99169922,0.12548828,-2.01416016,-2.19726562,-0.61035156
-0.04150391,-1.00390625,0.12060547,-2.01416016,-2.01416016,-0.61035156
-0.04345703,-1.00195312,0.1171875,-1.83105469,-1.83105469,-0.61035156
-0.04638672,-0.99804688,0.11523438,-1.28173828,-1.40380859,-1.09863281
-0.04589844,-0.9921875,0.11474609,-0.30517578,-1.40380859,-1.09863281
-0.04150391,-0.97949219,0.12011719,0.79345703,-1.09863281,-1.09863281
-0.03808594,-0.96728516,0.12402344,0.79345703,-1.09863281,-1.09863281
-0.03466797,-0.96191406,0.12255859,0.73242188,-0.73242188,-0.42724609
-0.02978516,-0.96435547,0.11767578,0.73242188,-0.73242188,-0.42724609
-0.02929688,-0.97216797,0.12109375,0.85449219,-0.42724609,-1.09863281
-0.03125,-0.97802734,0.12255859,0.85449219,-0.42724609,-1.09863281
-0.02441406,-0.98925781,0.13183594,0,-1.52587891,-1.953125
-0.00048828,-1.00683594,0.12109375,0,-1.52587891,-1.953125
-0.00439453,-1.00390625,0.12841797,-1.58691406,-2.56347656,-3.35693359
-0.02587891,-0.99511719,0.12841797,-1.58691406,-2.56347656,-3.35693359
-0.03027344,-0.99804688,0.12597656,-1.64794922,-2.62451172,-3.47900391
-0.03027344,-0.99804688,0.12597656,-1.64794922,-2.62451172,-3.47900391
-0.02539062,-0.99902344,0.12207031,-2.56347656,-2.56347656,-3.11279297
-0.02539062,-0.99902344,0.12207031,-2.56347656,-2.56347656,-3.11279297
-0.02539062,-0.99072266,0.12109375,-3.17382812,-2.25830078,-3.23486328
-0.02539062,-0.99072266,0.12109375,-3.17382812,-2.25830078,-3.23486328
-0.03808594,-0.98876953,0.12011719,-3.72314453,-2.25830078,-2.80761719
-0.03808594,-0.98876953,0.12011719,-3.72314453,-2.25830078,-2.80761719
-0.04492188,-0.99267578,0.12255859,-4.63867188,-2.13623047,-1.40380859
-0.04492188,-0.99267578,0.12255859,-4.63867188,-2.13623047,-1.40380859
-0.06103516,-1.00537109,0.12255859,-4.82177734,-1.70898438,0.9765625
-0.06103516,-1.00537109,0.12255859,-4.82177734,-1.70898438,0.9765625
-0.04833984,-1.01464844,0.1171875,-3.96728516,-1.46484375,2.01416016
-0.04833984,-1.01464844,0.1171875,-3.96728516,-1.46484375,2.01416016
-0.03417969,-1.00488281,0.11523438,-3.84521484,-1.15966797,1.58691406
-0.03417969,-1.00488281,0.11523438,-3.84521484,-1.15966797,1.58691406
-0.03613281,-0.99804688,0.1171875,-3.41796875,-0.9765625,0.85449219
-0.03613281,-0.99804688,0.1171875,-3.41796875,-0.9765625,0.85449219
-0.02783203,-1,0.13232422,-2.13623047,-1.77001953,1.03759766
-0.02783203,-1,0.13232422,-2.13623047,-1.77001953,1.03759766
-0.01855469,-1,0.11523438,-2.38037109,-2.56347656,0.61035156
-0.01855469,-1,0.11523438,-2.38037109,-2.56347656,0.61035156
-0.04101562,-1.015625,0.10742188,-1.03759766,-2.74658203,-0.61035156
-0.04101562,-1.015625,0.10742188,-1.03759766,-2.74658203,-0.61035156
-0.04980469,-1.01464844,0.11083984,0.36621094,-2.01416016,-1.34277344
-0.04980469,-1.01464844,0.11083984,0.36621094,-2.01416016,-1.34277344
-0.03564453,-0.99072266,0.11279297,0.67138672,-1.83105469,-0.36621094
-0.03564453,-0.99072266,0.11279297,0.67138672,-1.83105469,-0.36621094
-0.03564453,-0.99072266,0.11279297,0.67138672,-1.83105469,-0.36621094
-0.03369141,-0.98535156,0.11474609,0.9765625,-1.22070312,-0.06103516
-0.02880859,-0.98828125,0.11669922,1.70898438,-1.22070312,-0.30517578
-0.02880859,-0.98828125,0.11669922,1.70898438,-1.22070312,-0.30517578
-0.02880859,-0.98828125,0.11669922,1.70898438,-1.22070312,-0.30517578
-0.02441406,-0.99414062,0.11376953,1.22070312,-1.52587891,-0.54931641
-0.03222656,-1.00439453,0.1015625,1.22070312,-1.83105469,-0.79345703
-0.03222656,-1.00439453,0.1015625,1.22070312,-1.83105469,-0.79345703
-0.03222656,-1.00439453,0.1015625,1.22070312,-1.83105469,-0.79345703
-0.0390625,-0.98974609,0.11181641,2.68554688,-1.77001953,-1.52587891
-0.02880859,-0.98925781,0.11669922,3.23486328,-1.77001953,-1.52587891
-0.02880859,-0.98925781,0.11669922,3.23486328,-1.77001953,-1.52587891
-0.02880859,-0.98925781,0.11669922,3.23486328,-1.77001953,-1.52587891
-0.01708984,-0.99707031,0.11572266,2.19726562,-1.89208984,-1.34277344
-0.02148438,-0.99853516,0.11621094,1.46484375,-2.13623047,-1.953125
-0.02148438,-0.99853516,0.11621094,1.46484375,-2.13623047,-1.953125
-0.02148438,-0.99853516,0.11621094,1.46484375,-2.13623047,-1.953125
-0.04101562,-0.97753906,0.11767578,0.61035156,-2.31933594,-1.28173828
-0.04394531,-0.98779297,0.12011719,0.48828125,-2.01416016,0.85449219
-0.04394531,-0.98779297,0.12011719,0.48828125,-2.01416016,0.85449219
-0.04394531,-0.98779297,0.12011719,0.48828125,-2.01416016,0.85449219
-0.03564453,-0.99755859,0.11279297,0.61035156,-1.64794922,1.953125
-0.02197266,-0.99658203,0.11181641,0.48828125,-1.58691406,1.70898438
-0.02197266,-0.99658203,0.11181641,0.48828125,-1.58691406,1.70898438
-0.02197266,-0.99658203,0.11181641,0.48828125,-1.58691406,1.70898438
-0.02587891,-1.00585938,0.11181641,1.34277344,-1.70898438,0.67138672
-0.02685547,-1.02099609,0.11181641,2.50244141,-1.83105469,-1.34277344
-0.02685547,-1.02099609,0.11181641,2.50244141,-1.83105469,-1.34277344
-0.02685547,-1.02099609,0.11181641,2.50244141,-1.83105469,-1.34277344
-0.02490234,-1.00830078,0.11328125,1.89208984,-2.25830078,-2.74658203
-0.0390625,-1.00048828,0.11865234,1.46484375,-2.19726562,-2.62451172
-0.0390625,-1.00048828,0.11865234,1.46484375,-2.19726562,-2.62451172
-0.0390625,-1.00048828,0.11865234,1.46484375,-2.19726562,-2.62451172
-0.04101562,-0.99365234,0.11425781,1.70898438,-1.77001953,-1.83105469
-0.03564453,-0.99609375,0.11376953,1.77001953,-1.52587891,-1.09863281
-0.03564453,-0.99609375,0.11376953,1.77001953,-1.52587891,-1.09863281
-0.03564453,-0.99609375,0.11376953,1.77001953,-1.52587891,-1.09863281
-0.02783203,-0.99902344,0.12109375,1.89208984,-1.58691406,-1.28173828
-0.02294922,-1.00634766,0.11865234,1.58691406,-1.70898438,-1.83105469
-0.02294922,-1.00634766,0.11865234,1.58691406,-1.70898438,-1.83105469
-0.02294922,-1.00634766,0.11865234,1.58691406,-1.70898438,-1.83105469
-0.02734375,-0.99560547,0.12060547,1.15966797,-1.89208984,-2.38037109
-0.03320312,-0.99511719,0.12158203,0.24414062,-2.13623047,-1.28173828
-0.03320312,-0.99511719,0.12158203,0.24414062,-2.13623047,-1.28173828
-0.03320312,-0.99511719,0.12158203,0.24414062,-2.13623047,-1.28173828
-0.03613281,-0.99414062,0.11572266,-0.54931641,-1.77001953,-0.18310547
-0.04785156,-0.99414062,0.11572266,-0.61035156,-1.52587891,0.73242188
-0.04785156,-0.99414062,0.11572266,-0.61035156,-1.52587891,0.73242188
-0.04785156,-0.99414062,0.11572266,-0.61035156,-1.52587891,0.73242188
-0.04296875,-0.98535156,0.12207031,0.9765625,-1.40380859,1.52587891
-0.02246094,-0.97460938,0.12792969,1.40380859,-1.83105469,2.44140625
-0.02246094,-0.97460938,0.12792969,1.40380859,-1.83105469,2.44140625
-0.02246094,-0.97460938,0.12792969,1.40380859,-1.83105469,2.44140625
-0.01611328,-0.98876953,0.12158203,0.73242188,-2.01416016,2.9296875
-0.02685547,-0.99658203,0.12158203,0.06103516,-2.25830078,2.68554688
-0.02685547,-0.99658203,0.12158203,0.06103516,-2.25830078,2.68554688
-0.02685547,-0.99658203,0.12158203,0.06103516,-2.25830078,2.68554688
-0.03222656,-0.98193359,0.12109375,-0.67138672,-2.01416016,3.41796875
-0.02294922,-0.97119141,0.11279297,-1.15966797,-1.77001953,4.69970703
-0.02294922,-0.97119141,0.11279297,-1.15966797,-1.77001953,4.69970703
-0.02294922,-0.97119141,0.11279297,-1.15966797,-1.77001953,4.94384766
-0.05566406,-0.99609375,0.10791016,1.03759766,-1.89208984,4.51660156
-0.04101562,-0.99072266,0.11865234,3.35693359,-1.28173828,3.35693359
-0.04101562,-0.99072266,0.11865234,3.35693359,-1.28173828,3.35693359
-0.04101562,-0.99072266,0.11865234,3.17382812,-1.64794922,4.08935547
-0.02294922,-0.99414062,0.12109375,2.44140625,-1.89208984,5.00488281
-0.01806641,-1.01806641,0.11181641,0.91552734,-1.70898438,4.33349609
-0.01806641,-1.01806641,0.11181641,0.91552734,-1.70898438,4.33349609
-0.01806641,-1.01806641,0.11181641,0.12207031,-1.83105469,3.29589844
-0.01123047,-1.01269531,0.11035156,-0.9765625,-1.953125,2.25830078
-0.02197266,-0.9921875,0.109375,-2.50244141,-1.70898438,0.85449219
-0.02197266,-0.9921875,0.109375,-2.50244141,-1.70898438,0.85449219
-0.02197266,-0.9921875,0.11669922,-2.56347656,-1.58691406,0.48828125
-0.03515625,-0.9921875,0.11376953,-2.25830078,-2.19726562,0.18310547
-0.02001953,-1.03515625,0.10888672,0.24414062,-2.38037109,-2.80761719
-0.02001953,-1.03515625,0.10888672,0.24414062,-2.38037109,-2.80761719
-0.0234375,-1.03515625,0.11376953,0.67138672,-2.07519531,-4.33349609
-0.03222656,-1.01953125,0.12109375,0.48828125,-2.19726562,-4.8828125
-0.03857422,-0.99658203,0.12792969,-0.06103516,-2.38037109,-4.15039062
-0.03857422,-0.99658203,0.12792969,-0.06103516,-2.38037109,-4.15039062
-0.04101562,-0.99267578,0.12841797,0.30517578,-2.31933594,-3.41796875
-0.03857422,-0.99902344,0.11914062,0.48828125,-2.01416016,-3.11279297
-0.03076172,-1.00634766,0.11425781,0.24414062,-2.13623047,-2.9296875
-0.03076172,-1.00634766,0.11425781,0.24414062,-2.13623047,-2.9296875
-0.02929688,-1.0078125,0.11132812,0.24414062,-1.83105469,-3.35693359
-0.03662109,-0.99951172,0.11035156,0.73242188,-1.34277344,-3.90625
-0.05078125,-0.96972656,0.12548828,1.28173828,-1.46484375,-2.80761719
-0.05078125,-0.96972656,0.12548828,1.28173828,-1.46484375,-2.80761719
-0.04931641,-0.96728516,0.12792969,1.46484375,-1.15966797,-1.52587891
-0.04931641,-0.96679688,0.13037109,1.77001953,-0.91552734,-0.18310547
-0.03662109,-0.98339844,0.12548828,1.953125,-0.61035156,1.70898438
-0.03662109,-0.98339844,0.12548828,1.953125,-0.61035156,1.70898438
-0.02832031,-0.99609375,0.11914062,1.953125,-0.61035156,1.89208984
-0.02246094,-1.00683594,0.11621094,1.70898438,-0.48828125,1.83105469
-0.02734375,-1.02246094,0.11328125,1.34277344,-0.54931641,1.03759766
-0.02734375,-1.02246094,0.11328125,1.34277344,-0.54931641,1.03759766
-0.02880859,-1.02050781,0.11767578,1.70898438,-0.61035156,0.12207031
-0.02148438,-1.01171875,0.12744141,2.01416016,-1.03759766,-0.54931641
-0.01025391,-1.00390625,0.12402344,1.28173828,-1.28173828,-1.58691406
-0.01025391,-1.00390625,0.12402344,1.28173828,-1.28173828,-1.58691406
-0.02050781,-0.9921875,0.12646484,0.61035156,-1.52587891,-1.83105469
-0.03125,-0.99121094,0.12304688,0.48828125,-1.52587891,-1.77001953
-0.04296875,-0.99853516,0.11816406,1.15966797,-1.15966797,-1.40380859
-0.04296875,-0.99853516,0.11816406,1.15966797,-1.15966797,-1.40380859
-0.04101562,-1,0.11669922,1.28173828,-1.03759766,-0.91552734
-0.03466797,-1,0.11376953,1.28173828,-0.9765625,-0.67138672
-0.03222656,-0.98583984,0.12207031,1.09863281,-0.79345703,-0.48828125
-0.03222656,-0.98583984,0.12207031,1.09863281,-0.79345703,-0.48828125
-0.02832031,-0.98388672,0.12353516,1.03759766,-0.91552734,-0.24414062
-0.01953125,-0.98730469,0.12548828,0.85449219,-1.09863281,-0.24414062
0,-0.98632812,0.12158203,0.18310547,-1.58691406,-1.40380859
0,-0.98632812,0.12158203,0.18310547,-1.58691406,-1.40380859
-0.00878906,-0.97851562,0.12695312,-0.18310547,-2.07519531,-2.13623047
-0.015625,-0.98193359,0.12597656,-0.36621094,-2.38037109,-2.44140625
-0.04492188,-1.00195312,0.11816406,1.09863281,-2.13623047,-3.35693359
-0.04492188,-1.00195312,0.11816406,1.09863281,-2.13623047,-3.35693359
-0.04541016,-1.00195312,0.13964844,1.64794922,-1.34277344,-3.66210938
-0.04101562,-1.01269531,0.14501953,1.953125,-1.15966797,-3.23486328
-0.02587891,-1.00146484,0.1484375,1.03759766,-0.85449219,-1.40380859
-0.02587891,-1.00146484,0.1484375,1.03759766,-0.85449219,-1.40380859
-0.0234375,-0.99414062,0.14550781,0.9765625,-0.85449219,-0.73242188
-0.02246094,-0.99169922,0.14355469,0.73242188,-0.85449219,-0.36621094
-0.02050781,-1,0.14404297,0.9765625,-0.85449219,-0.18310547
-0.02050781,-1,0.14404297,0.9765625,-0.85449219,-0.18310547
-0.02148438,-1,0.15185547,1.03759766,-0.85449219,0.30517578
-0.03955078,-1.01123047,0.14355469,1.58691406,-0.73242188,0.61035156
-0.03466797,-1.01416016,0.15576172,2.74658203,-0.85449219,1.58691406
-0.03466797,-1.01416016,0.15576172,2.74658203,-0.85449219,1.58691406
-0.0234375,-1.01318359,0.15185547,2.62451172,-0.61035156,1.953125
-0.01757812,-0.99755859,0.14355469,2.07519531,-0.67138672,2.19726562
0.00341797,-0.99169922,0.13769531,1.22070312,-0.85449219,0.9765625
0.00341797,-0.99169922,0.13769531,1.22070312,-0.85449219,0.9765625
-0.00292969,-0.98144531,0.13574219,0.54931641,-0.9765625,0.18310547
-0.01025391,-0.98681641,0.14208984,0.18310547,-1.22070312,-0.54931641
-0.02978516,-0.99951172,0.14306641,-0.48828125,-1.28173828,-0.73242188
-0.02978516,-0.99951172,0.14306641,-0.48828125,-1.28173828,-0.73242188
-0.03515625,-1.00341797,0.14306641,-0.85449219,-1.28173828,-0.30517578
-0.03125,-1.00390625,0.14013672,-1.03759766,-1.22070312,0
-0.02929688,-1,0.13867188,-1.58691406,-1.03759766,0.48828125
-0.02929688,-1,0.13867188,-1.58691406,-1.03759766,0.48828125
-0.03173828,-1.00390625,0.140625,-1.70898438,-1.09863281,1.09863281
-0.02734375,-1.00341797,0.14599609,-1.77001953,-1.03759766,1.52587891
-0.02734375,-1.00341797,0.14599609,-1.77001953,-1.03759766,1.77001953
-0.0234375,-1.00488281,0.14746094,-1.83105469,-0.67138672,1.83105469
-0.0234375,-1.00488281,0.14746094,-1.83105469,-0.67138672,1.89208984
-0.02294922,-1.00097656,0.13769531,-1.89208984,-0.67138672,1.70898438
-0.02294922,-1.00097656,0.13769531,-1.89208984,-0.73242188,1.40380859
-0.01220703,-0.99560547,0.13476562,-2.25830078,-0.73242188,0.79345703
-0.01220703,-0.99560547,0.13476562,-2.25830078,-0.79345703,0.24414062
-0.01269531,-0.98828125,0.1328125,-2.62451172,-0.91552734,-0.30517578
-0.01269531,-0.98828125,0.1328125,-2.31933594,-0.91552734,-1.03759766
-0.00097656,-0.98291016,0.13720703,-2.50244141,-0.54931641,-2.31933594
-0.00097656,-0.98291016,0.13720703,-2.74658203,-0.79345703,-2.9296875
-0.03320312,-0.98632812,0.13574219,-2.31933594,-1.89208984,-2.56347656
-0.03320312,-0.98632812,0.13574219,-1.953125,-1.70898438,-2.56347656
-0.02441406,-0.98095703,0.14160156,-1.15966797,-1.40380859,-3.05175781
-0.02441406,-0.98095703,0.14160156,-0.73242188,-1.22070312,-3.23486328
-0.01416016,-0.97851562,0.13427734,-0.30517578,-1.40380859,-3.60107422
-0.01416016,-0.97851562,0.13427734,0.06103516,-1.64794922,-4.27246094
-0.00976562,-0.97558594,0.13525391,0.30517578,-1.40380859,-5.24902344
-0.00976562,-0.97558594,0.13525391,0.91552734,-1.40380859,-6.10351562
-0.02099609,-0.98291016,0.14355469,1.64794922,-1.58691406,-6.53076172
-0.02099609,-0.98291016,0.14355469,2.38037109,-1.64794922,-6.71386719
-0.05517578,-1.00634766,0.16894531,3.47900391,-1.28173828,-6.16455078
-0.05517578,-1.00634766,0.16894531,5.06591797,-2.50244141,-3.41796875
-0.04980469,-1.00195312,0.13378906,6.40869141,-4.15039062,-1.22070312
-0.04980469,-1.00195312,0.13378906,8.11767578,-4.69970703,-0.42724609
-0.01074219,-0.98583984,0.14941406,10.00976562,-4.63867188,-0.85449219
-0.01074219,-0.98583984,0.14941406,11.41357422,-5.00488281,-2.13623047
-0.00292969,-0.9921875,0.13720703,12.39013672,-5.43212891,-3.35693359
-0.00292969,-0.9921875,0.13720703,14.6484375,-6.10351562,-4.39453125
-0.015625,-1.01611328,0.16699219,15.80810547,-6.95800781,-4.8828125
-0.015625,-1.01611328,0.14697266,16.96777344,-7.44628906,-5.06591797
-0.01171875,-0.99609375,0.14990234,18.73779297,-8.30078125,-5.67626953
-0.01171875,-0.99609375,0.17724609,20.75195312,-8.48388672,-5.24902344
-0.04736328,-1.02539062,0.17138672,23.4375,-8.72802734,-4.27246094
-0.04736328,-1.02978516,0.17822266,26.30615234,-9.39941406,-2.19726562
-0.04980469,-1.02148438,0.18896484,30.02929688,-9.58251953,-0.36621094
-0.00146484,-0.99414062,0.20019531,33.93554688,-9.39941406,-0.18310547
0.07324219,-0.95117188,0.23291016,37.23144531,-7.08007812,-3.17382812
0.07324219,-0.95800781,0.24365234,40.89355469,-2.50244141,-8.66699219
0.05566406,-0.97265625,0.22851562,44.43359375,1.28173828,-13.79394531
0.02050781,-0.99560547,0.20898438,47.72949219,4.21142578,-17.82226562
0.01171875,-1.0078125,0.20654297,51.08642578,5.79833984,-20.56884766
0.00878906,-1.00537109,0.20361328,55.11474609,6.89697266,-22.82714844
-0.00341797,-1.01367188,0.19628906,59.63134766,7.75146484,-24.71923828
-0.02050781,-1.01708984,0.20263672,63.11035156,7.99560547,-26.06201172
-0.04248047,-1.00927734,0.18359375,67.44384766,7.14111328,-26.67236328
-0.04882812,-1.01318359,0.18603516,72.20458984,5.61523438,-27.64892578
-0.05175781,-1.02148438,0.20556641,73.36425781,4.02832031,-28.50341797
-0.03613281,-1.02636719,0.19384766,75.13427734,2.68554688,-29.17480469
-0.01367188,-1.04052734,0.17871094,78.36914062,0.18310547,-28.68652344
0.01123047,-1.05322266,0.20263672,80.38330078,-2.13623047,-26.24511719
0.015625,-1.05029297,0.21191406,81.90917969,-3.17382812,-22.70507812
-0.00097656,-1.03271484,0.20849609,83.06884766,-3.84521484,-19.28710938
-0.0234375,-1.02734375,0.21777344,84.9609375,-5.00488281,-16.05224609
-0.02783203,-1.03076172,0.23974609,88.92822266,-6.04248047,-13.18359375
-0.03808594,-1.01757812,0.24804688,93.20068359,-6.59179688,-10.62011719
-0.03466797,-1.02099609,0.27490234,96.98486328,-7.44628906,-7.56835938
-0.02685547,-1.01904297,0.2890625,100.8300781,-7.08007812,-4.45556641
-0.02099609,-1.02246094,0.28564453,103.0273438,-6.65283203,-1.40380859
-0.01904297,-1.01464844,0.29199219,105.5297852,-6.8359375,1.953125
-0.01074219,-0.98681641,0.29296875,107.0556641,-7.26318359,4.51660156
0.00292969,-0.96386719,0.29052734,109.5581055,-7.50732422,5.18798828
0.02929688,-0.96484375,0.29199219,113.6474609,-7.87353516,5.24902344
0.03710938,-0.93457031,0.32519531,115.0512695,-7.62939453,4.57763672
0.04101562,-0.94091797,0.31689453,117.4316406,-7.87353516,4.08935547
0.04199219,-0.93066406,0.32958984,119.6899414,-9.39941406,5.00488281
0.04785156,-0.91503906,0.34667969,121.5209961,-10.19287109,5.06591797
0.05175781,-0.89794922,0.34326172,124.1455078,-10.31494141,4.39453125
0.05078125,-0.88720703,0.33837891,127.1972656,-10.55908203,2.86865234
0.05419922,-0.88574219,0.34375,130.5541992,-11.29150391,1.03759766
0.04980469,-0.89794922,0.36230469,133.1787109,-11.71875,-0.12207031
0.05371094,-0.89990234,0.36328125,135.559082,-11.59667969,-0.48828125
0.04833984,-0.8984375,0.38183594,137.878418,-11.65771484,-0.42724609
0.04980469,-0.89892578,0.39404297,138.7329102,-11.04736328,-0.12207031
0.05126953,-0.88623047,0.41894531,139.7094727,-10.7421875,-0.18310547
0.05761719,-0.87255859,0.44921875,140.625,-9.03320312,-0.54931641
0.05712891,-0.875,0.46386719,141.7236328,-6.95800781,-1.22070312
0.05371094,-0.88330078,0.47607422,144.4091797,-3.78417969,-1.15966797
0.04882812,-0.87207031,0.47265625,147.5219727,-3.05175781,-0.85449219
0.03222656,-0.89550781,0.51855469,149.3530273,-2.38037109,1.28173828
0.01220703,-0.83447266,0.51367188,152.0385742,-1.58691406,3.17382812
0.00976562,-0.83496094,0.49023438,154.0527344,-3.47900391,3.29589844
0.00732422,-0.81982422,0.52148438,155.3344727,-3.11279297,4.15039062
0.0078125,-0.84082031,0.49755859,158.3862305,-4.27246094,5.06591797
0.00146484,-0.81738281,0.48828125,164.3676758,-5.12695312,7.20214844
-0.00195312,-0.81005859,0.52246094,168.9453125,-6.65283203,8.91113281
0.00097656,-0.79736328,0.54638672,171.2646484,-6.53076172,10.62011719
0.00732422,-0.79443359,0.578125,172.4853516,-6.71386719,11.96289062
0.02539062,-0.80029297,0.59863281,170.2880859,-6.71386719,13.06152344
0.04003906,-0.78564453,0.64746094,166.3208008,-6.34765625,13.79394531
0.05517578,-0.78076172,0.58349609,169.3115234,-6.16455078,13.48876953
0.05712891,-0.75341797,0.60351562,169.5556641,-7.26318359,12.6953125
0.05517578,-0.74316406,0.62744141,168.5791016,-9.21630859,11.47460938
0.04296875,-0.73779297,0.6796875,166.8701172,-6.53076172,10.49804688
0.03710938,-0.75830078,0.60107422,166.7480469,-5.31005859,9.09423828
0.01367188,-0.72753906,0.63964844,165.1611328,-6.65283203,8.30078125
0.00732422,-0.74169922,0.67724609,167.4804688,-11.29150391,7.99560547
0.01367188,-0.70898438,0.75585938,166.5039063,-6.46972656,7.93457031
0.04345703,-0.70996094,0.67089844,163.7573242,-3.72314453,7.01904297
0.00146484,-0.69873047,0.69580078,163.4521484,-5.43212891,7.99560547
-0.01464844,-0.71533203,0.75732422,161.8041992,-7.14111328,10.13183594
0.00097656,-0.69482422,0.72705078,157.7148438,-4.94384766,11.59667969
0.00634766,-0.67236328,0.76171875,154.6630859,-5.24902344,13.12255859
0.02099609,-0.67041016,0.78710938,150.2075195,-4.21142578,15.07568359
0.03955078,-0.66552734,0.78417969,145.690918,-0.85449219,16.72363281
0.04394531,-0.64501953,0.75878906,141.1743164,1.52587891,17.88330078
0.02539062,-0.61962891,0.77685547,137.2680664,0.24414062,18.49365234
0.03466797,-0.62109375,0.78515625,135.0708008,1.34277344,19.28710938
0.03125,-0.59619141,0.76660156,132.5073242,-1.15966797,19.89746094
0.04248047,-0.58544922,0.78222656,130.2490234,-1.22070312,20.08056641
0.04248047,-0.54492188,0.77734375,128.3569336,-3.84521484,19.40917969
0.05371094,-0.53613281,0.77587891,128.1738281,-3.96728516,18.18847656
0.04882812,-0.55419922,0.77197266,128.7231445,-6.04248047,17.39501953
0.04833984,-0.53222656,0.79736328,129.2114258,-5.43212891,17.45605469
0.03173828,-0.50830078,0.76318359,127.746582,-6.8359375,17.578125
0.00830078,-0.49072266,0.82666016,127.3803711,-10.25390625,16.84570312
0.02636719,-0.50292969,0.83740234,125.4272461,-10.43701172,15.86914062
0.03320312,-0.49414062,0.84326172,126.5869141,-9.82666016,15.625
0.01708984,-0.48583984,0.88134766,127.1972656,-9.39941406,14.16015625
0.01025391,-0.49853516,0.87109375,128.4179688,-9.88769531,13.48876953
-0.01367188,-0.47363281,0.89648438,127.1362305,-10.68115234,13.24462891
-0.01074219,-0.48046875,0.91601562,127.3193359,-9.52148438,13.06152344
-0.01367188,-0.46386719,0.91992188,125.6103516,-7.56835938,12.75634766
-0.01269531,-0.47070312,0.91015625,126.8920898,-4.82177734,13.85498047
-0.01416016,-0.41943359,0.92333984,125.4272461,-4.21142578,13.85498047
-0.00732422,-0.44873047,0.93164062,126.6479492,-3.54003906,13.671875
0.00244141,-0.43359375,0.90527344,128.7841797,-2.31933594,13.85498047
-0.00146484,-0.41113281,0.92529297,127.3803711,-2.31933594,13.06152344
-0.00146484,-0.41650391,0.93798828,126.8920898,-0.91552734,12.57324219
-0.01074219,-0.40527344,0.95996094,125.3051758,-0.12207031,11.96289062
-0.01171875,-0.39941406,0.9375,121.9482422,0.73242188,12.02392578
-0.02148438,-0.38867188,0.96142578,120.0561523,-0.67138672,12.14599609
-0.01708984,-0.37060547,0.96777344,117.3095703,-0.9765625,11.41357422
-0.00830078,-0.37011719,0.99755859,114.9291992,-1.09863281,10.07080078
-0.01464844,-0.35009766,0.98291016,112.3046875,-1.40380859,7.99560547
-0.02539062,-0.34619141,0.96435547,111.1450195,-3.60107422,5.859375
-0.03125,-0.35302734,0.99121094,109.6801758,-5.18798828,3.47900391
-0.03271484,-0.328125,1.00585938,109.6191406,-6.40869141,1.52587891
-0.03417969,-0.32666016,0.99560547,110.9008789,-6.59179688,0.24414062
-0.02929688,-0.29736328,1.00439453,111.9384766,-6.59179688,-0.24414062
-0.03662109,-0.30517578,1.00537109,113.0981445,-6.53076172,-1.28173828
-0.02880859,-0.29638672,1.02539062,115.5395508,-5.67626953,-0.9765625
-0.02050781,-0.26367188,1.00537109,116.027832,-4.82177734,-1.34277344
-0.0078125,-0.27929688,0.99560547,118.347168,-4.21142578,-1.46484375
0.00292969,-0.24658203,0.97070312,119.9951172,-4.69970703,-1.953125
0.02392578,-0.25488281,0.98046875,122.8637695,-5.18798828,-2.31933594
0.02880859,-0.23632812,0.95996094,125.3051758,-5.31005859,-2.25830078
0.01220703,-0.18457031,0.97119141,127.6245117,-5.31005859,-2.13623047
-0.01708984,-0.18408203,1.04736328,116.8212891,-3.17382812,-4.82177734
-0.02197266,-0.22363281,1.01123047,112.6098633,-1.77001953,-5.00488281
-0.01806641,-0.20410156,1.05566406,111.6333008,0.18310547,-4.33349609
-0.01708984,-0.15966797,1.08300781,107.4829102,3.90625,-4.82177734
-0.02685547,-0.17089844,1.01416016,106.8115234,5.49316406,-6.16455078
-0.03076172,-0.17089844,1.03222656,103.7597656,5.37109375,-7.56835938
-0.02490234,-0.14453125,1.01611328,101.0131836,7.87353516,-9.33837891
-0.02392578,-0.12304688,1.01318359,96.31347656,4.45556641,-9.765625
-0.01855469,-0.0859375,1.01416016,90.27099609,4.02832031,-10.55908203
-0.01220703,-0.11865234,0.99707031,83.74023438,2.19726562,-11.04736328
-0.01953125,-0.11914062,1.02441406,79.89501953,2.86865234,-11.96289062
-0.03369141,-0.10791016,1.01757812,75.50048828,3.78417969,-11.77978516
-0.02636719,-0.12353516,1.03369141,73.48632812,6.65283203,-10.37597656
-0.02636719,-0.12353516,1.03369141,73.48632812,6.65283203,-10.37597656
-0.00195312,-0.09765625,1.04638672,72.08251953,10.00976562,-8.66699219
0.015625,-0.09960938,1.00390625,69.58007812,15.25878906,-6.89697266
0.01806641,-0.09716797,0.99316406,69.27490234,16.54052734,-6.10351562
0.01806641,-0.09716797,0.99316406,69.27490234,16.54052734,-6.10351562
0.01611328,-0.07617188,0.99316406,70.67871094,16.23535156,-4.51660156
0,-0.07861328,0.99169922,73.85253906,18.06640625,-2.38037109
-0.00341797,-0.05712891,1.02636719,72.38769531,20.56884766,-2.25830078
-0.00341797,-0.05712891,1.02636719,72.38769531,20.56884766,-2.25830078
-0.00585938,-0.01123047,1.03271484,66.16210938,23.19335938,-2.44140625
-0.01171875,-0.00439453,1.02099609,62.25585938,25.69580078,-1.953125
-0.00537109,-0.00830078,1.02246094,60.60791016,28.99169922,-1.58691406
0.00390625,-0.03759766,1.02246094,60.24169922,29.66308594,-2.13623047
0.01757812,-0.02929688,1.04882812,59.69238281,29.47998047,-1.58691406
0.01757812,-0.02929688,1.04882812,59.69238281,29.47998047,-1.58691406
0.01660156,-0.03222656,1.01904297,59.99755859,28.80859375,-2.13623047
-0.01660156,-0.01660156,1.00732422,58.41064453,24.23095703,-3.90625
-0.03173828,0.015625,1.01123047,56.21337891,21.30126953,-4.63867188
-0.03173828,0.015625,1.01123047,56.21337891,21.30126953,-4.63867188
-0.04345703,0.05615234,0.98339844,55.23681641,17.94433594,-6.22558594
-0.01757812,-0.02539062,1.01513672,52.24609375,13.54980469,-8.66699219
-0.01171875,-0.05273438,1.06738281,49.86572266,14.28222656,-8.30078125
-0.01171875,-0.05273438,1.06738281,49.86572266,14.28222656,-8.30078125
-0.04638672,0.01074219,1.01708984,48.828125,15.86914062,-8.17871094
-0.04833984,0.01171875,1.00927734,44.67773438,14.03808594,-8.05664062
-0.02490234,-0.01269531,1.015625,42.23632812,12.81738281,-8.05664062
-0.02490234,-0.01269531,1.015625,42.23632812,12.81738281,-8.05664062
-0.02050781,0.02978516,0.99169922,39.55078125,8.91113281,-9.46044922
-0.03222656,0.06054688,0.97314453,33.99658203,3.05175781,-9.64355469
-0.04541016,0.06298828,0.96337891,29.60205078,3.05175781,-9.64355469
-0.04541016,0.06298828,0.96337891,29.60205078,3.05175781,-9.64355469
-0.0390625,0.02832031,0.98242188,22.27783203,0.67138672,-9.52148438
-0.04638672,0.03710938,1.01611328,17.578125,-0.30517578,-8.54492188
-0.05029297,0.03613281,1.01855469,17.578125,-0.30517578,-8.54492188
-0.05029297,0.03613281,1.01855469,17.578125,-0.30517578,-8.54492188
-0.04980469,0.03222656,1.02246094,15.99121094,-1.03759766,-8.42285156
-0.04199219,0.06103516,1.00048828,14.34326172,-3.17382812,-9.27734375
-0.04492188,0.07275391,1.00390625,14.34326172,-3.17382812,-9.27734375
-0.04492188,0.07275391,1.00390625,14.34326172,-3.17382812,-9.27734375
-0.05566406,0.09082031,1.0078125,12.14599609,-5.43212891,-10.62011719
-0.06201172,-0.0078125,1.05810547,12.63427734,-2.56347656,-9.64355469
-0.05615234,0.02636719,1.06591797,12.63427734,-2.56347656,-9.64355469
-0.05615234,0.02636719,1.06591797,12.63427734,-2.56347656,-9.64355469
-0.05322266,0.06152344,1.03125,11.77978516,0.24414062,-9.64355469
-0.06689453,0.10839844,1.02197266,9.03320312,-1.34277344,-12.20703125
-0.06933594,0.05712891,1.00146484,9.03320312,-1.34277344,-12.20703125
-0.06933594,0.05712891,1.00146484,9.03320312,-1.34277344,-12.20703125
-0.04150391,0.04931641,1.05371094,7.20214844,-0.30517578,-10.7421875
-0.03076172,0.03173828,1.02148438,4.8828125,0.12207031,-10.07080078
-0.0546875,0.07861328,1.02685547,4.8828125,0.12207031,-10.07080078
-0.0546875,0.07861328,1.02685547,4.8828125,0.12207031,-10.07080078
-0.05664062,0.01171875,0.99755859,2.80761719,-0.36621094,-9.21630859
-0.06787109,0.109375,0.96289062,2.50244141,-2.07519531,-10.62011719
-0.04150391,-0.01953125,1.01513672,2.50244141,-2.07519531,-10.62011719
-0.04150391,-0.01953125,1.01513672,2.50244141,-2.07519531,-10.62011719
-0.04150391,-0.00341797,1.06982422,3.66210938,0.79345703,-7.44628906
-0.04980469,0.10888672,0.97363281,4.63867188,-1.58691406,-8.97216797
-0.06005859,0.03271484,0.97363281,4.63867188,-1.58691406,-8.97216797
-0.06005859,0.03271484,0.97363281,4.63867188,-1.58691406,-8.97216797
-0.03955078,-0.00732422,0.99560547,5.67626953,-2.56347656,-7.14111328
-0.02441406,0.07910156,0.94628906,3.47900391,-5.92041016,-9.27734375
-0.04443359,0.07910156,0.94628906,3.47900391,-5.92041016,-9.27734375
-0.04443359,0.07910156,0.94628906,3.47900391,-5.92041016,-9.27734375
-0.02197266,0.015625,1.04492188,2.50244141,-2.62451172,-7.75146484
-0.0390625,0.015625,1.04492188,2.50244141,-2.62451172,-7.75146484
-0.046875,0.04638672,1.04589844,1.15966797,3.54003906,-5.92041016
-0.046875,0.04638672,1.04589844,1.15966797,3.54003906,-5.92041016
-0.0625,0.05615234,0.98583984,1.22070312,7.20214844,-5.92041016
-0.0625,0.05615234,0.98583984,1.22070312,7.20214844,-5.92041016
-0.03662109,0.04052734,0.99121094,1.70898438,7.14111328,-4.63867188
-0.03662109,0.04052734,0.99121094,1.70898438,7.14111328,-4.63867188
-0.03955078,0.05322266,0.95410156,-0.85449219,4.94384766,-4.94384766
-0.03955078,0.05322266,0.95410156,-0.85449219,4.94384766,-4.94384766
-0.01513672,0.04736328,0.95507812,-3.72314453,2.13623047,-3.96728516
-0.01513672,0.04736328,0.95507812,-3.72314453,2.13623047,-3.96728516
-0.01806641,0.03271484,0.96826172,-5.24902344,-2.31933594,-4.76074219
-0.01806641,0.03271484,0.96826172,-5.24902344,-2.31933594,-4.76074219
-0.03417969,0.04833984,1.01660156,-5.67626953,-4.33349609,-5.61523438
-0.03417969,0.04833984,1.01660156,-5.67626953,-4.33349609,-5.61523438
-0.05712891,0.03759766,1.04833984,-2.74658203,-1.64794922,-4.8828125
-0.05712891,0.03759766,1.04833984,-2.74658203,-1.64794922,-4.8828125
-0.05419922,0.04931641,1.02636719,0.48828125,-0.18310547,-3.66210938
-0.05419922,0.04931641,1.02636719,0.48828125,-0.18310547,-3.66210938
-0.03417969,0.06591797,0.98486328,1.34277344,-1.46484375,-2.56347656
-0.03417969,0.06591797,0.98486328,1.34277344,-1.46484375,-2.56347656
-0.03271484,0.05615234,0.98095703,0.18310547,-4.39453125,-2.31933594
-0.03271484,0.05615234,0.98095703,0.18310547,-4.39453125,-2.31933594
-0.04345703,0.05712891,1.00292969,-1.77001953,-4.8828125,-1.83105469
-0.04345703,0.05712891,1.00292969,-1.77001953,-4.8828125,-1.83105469
-0.05664062,0.05078125,1.01904297,-2.99072266,-2.50244141,-1.28173828
-0.05664062,0.05078125,1.01904297,-2.99072266,-2.50244141,-1.28173828
-0.03710938,0.05224609,1.01367188,-3.11279297,-0.91552734,-0.36621094
-0.03710938,0.05224609,1.01367188,-3.11279297,-0.91552734,-0.36621094
-0.01464844,0.06054688,0.99707031,-1.83105469,-2.9296875,-1.40380859
-0.01464844,0.06054688,0.99707031,-1.83105469,-2.9296875,-1.40380859
-0.04003906,0.0390625,1.00830078,-2.01416016,-3.66210938,-1.89208984
-0.04003906,0.0390625,1.00830078,-2.01416016,-3.66210938,-1.89208984
-0.05029297,0.04443359,1.02636719,-1.58691406,-3.41796875,-1.58691406
-0.05029297,0.04443359,1.02636719,-1.58691406,-3.41796875,-1.58691406
-0.04443359,0.05517578,1.01904297,-1.09863281,-3.29589844,-1.40380859
-0.04443359,0.05517578,1.01904297,-1.09863281,-3.29589844,-1.40380859
-0.03564453,0.0546875,1.01611328,-1.953125,-2.50244141,-2.13623047
-0.03564453,0.0546875,1.01611328,-1.953125,-2.50244141,-2.13623047
-0.03515625,0.05126953,1.01269531,-2.56347656,-0.24414062,-2.19726562
-0.03515625,0.05126953,1.01269531,-2.56347656,-0.24414062,-2.19726562
-0.04394531,0.03710938,1.01513672,-3.11279297,-0.12207031,-1.953125
-0.04394531,0.03710938,1.01513672,-3.11279297,-0.12207031,-1.953125
-0.04541016,0.03759766,1.00439453,-2.99072266,-1.28173828,-1.70898438
-0.04541016,0.03759766,1.00439453,-2.99072266,-1.28173828,-1.70898438
-0.04345703,0.04248047,0.9921875,-4.02832031,-2.74658203,-1.64794922
-0.04345703,0.04248047,0.9921875,-4.02832031,-2.74658203,-1.64794922
-0.04052734,0.04345703,0.98876953,-6.34765625,-3.96728516,-1.34277344
-0.04052734,0.04345703,0.98876953,-6.34765625,-3.96728516,-1.34277344
-0.01855469,0.04980469,1.01123047,-8.05664062,-4.94384766,-1.58691406
-0.01855469,0.04980469,1.01123047,-8.05664062,-4.94384766,-1.58691406
-0.06103516,0.03466797,1.05029297,-9.39941406,-1.58691406,-1.52587891
-0.06103516,0.03466797,1.05029297,-9.39941406,-1.58691406,-1.52587891
-0.06884766,0.02978516,1.05859375,-7.8125,2.13623047,0
-0.06884766,0.02978516,1.05859375,-7.8125,2.13623047,0
-0.04248047,0.0390625,1.01367188,-6.04248047,2.19726562,0.48828125
-0.04248047,0.0390625,1.01367188,-6.04248047,2.19726562,0.48828125
-0.04296875,0.04052734,0.97802734,-6.46972656,0.24414062,0.30517578
-0.04296875,0.04052734,0.97802734,-6.46972656,0.24414062,0.30517578
-0.04638672,0.03125,0.98974609,-8.05664062,-1.58691406,0.30517578
-0.04638672,0.03125,0.98974609,-8.05664062,-1.58691406,0.30517578
-0.04248047,0.03271484,1.01171875,-8.54492188,-2.44140625,0.12207031
-0.04248047,0.03271484,1.01171875,-8.54492188,-2.44140625,0.12207031
-0.05419922,0.02490234,1.01855469,-9.15527344,-1.77001953,0.48828125
-0.05419922,0.02490234,1.01855469,-9.15527344,-1.77001953,0.48828125
-0.03320312,0.03076172,1.04833984,-7.75146484,0.24414062,1.03759766
-0.03320312,0.03076172,1.04833984,-7.75146484,0.24414062,1.03759766
-0.04785156,0.02148438,1.04980469,-5.79833984,3.78417969,1.34277344
-0.04785156,0.02148438,1.04980469,-5.79833984,3.78417969,1.34277344
-0.03271484,0.03173828,1.02246094,-4.51660156,4.45556641,1.52587891
-0.03271484,0.03173828,1.02246094,-4.51660156,4.45556641,1.52587891
-0.03759766,0.03613281,1.00097656,-4.39453125,2.86865234,1.03759766
-0.03759766,0.03613281,1.00097656,-4.39453125,2.86865234,1.03759766
-0.04785156,0.02294922,1.01220703,-4.51660156,2.01416016,1.22070312
-0.04785156,0.02294922,1.01220703,-4.51660156,2.01416016,1.22070312
-0.04931641,0.01269531,1.03222656,-2.25830078,1.77001953,0.91552734
-0.04931641,0.01269531,1.03222656,-2.25830078,1.77001953,0.91552734
-0.04638672,0.02783203,1.01318359,-0.79345703,2.74658203,1.03759766
-0.04638672,0.02783203,1.01318359,-0.79345703,2.74658203,1.03759766
-0.04394531,0.03515625,0.99511719,-2.07519531,2.07519531,1.40380859
-0.04394531,0.03515625,0.99511719,-2.07519531,2.07519531,1.40380859
-0.03808594,0.03515625,0.99755859,-4.15039062,0.73242188,1.09863281
-0.03808594,0.03515625,0.99755859,-4.15039062,0.73242188,1.09863281
-0.01806641,0.03027344,1.00976562,-3.23486328,-0.24414062,0.12207031
-0.01806641,0.03027344,1.00976562,-3.23486328,-0.24414062,0.12207031
-0.03759766,0.02294922,1.02099609,-0.73242188,-0.24414062,-0.48828125
-0.03759766,0.02294922,1.02099609,-0.73242188,-0.24414062,-0.48828125
-0.04931641,0.03076172,1.02197266,-0.54931641,1.70898438,0.06103516
-0.04931641,0.03076172,1.02197266,-0.54931641,1.70898438,0.06103516
-0.04199219,0.03173828,1.00488281,-1.28173828,1.83105469,0.36621094
-0.04199219,0.03173828,1.00488281,-1.28173828,1.83105469,0.36621094
-0.02978516,0.03125,0.98486328,-1.70898438,-0.18310547,-0.30517578
-0.02978516,0.03125,0.98486328,-1.70898438,-0.18310547,-0.30517578
-0.05517578,0.01220703,1.0078125,-1.40380859,-2.68554688,-1.28173828
-0.05517578,0.01220703,1.0078125,-1.40380859,-2.68554688,-1.28173828
-0.046875,0.02783203,1.00048828,0.06103516,-2.9296875,-1.70898438
-0.046875,0.02783203,1.00048828,0.06103516,-2.9296875,-1.70898438
-0.04589844,0.03417969,0.98681641,0.73242188,-2.01416016,-1.70898438
-0.04589844,0.03417969,0.98681641,0.73242188,-2.01416016,-1.70898438
-0.05761719,0.0234375,0.97949219,0.61035156,-1.77001953,-1.40380859
-0.05761719,0.0234375,0.97949219,0.61035156,-1.77001953,-1.40380859
-0.05664062,0.00244141,0.98339844,0.48828125,-2.07519531,-1.70898438
-0.05664062,0.00244141,0.98339844,0.48828125,-2.07519531,-1.70898438
-0.04638672,0.02587891,0.96972656,-0.30517578,-2.68554688,-2.31933594
-0.04638672,0.02587891,0.96972656,-0.30517578,-2.68554688,-2.31933594
-0.04296875,0.03710938,0.97119141,-2.31933594,-2.31933594,-2.62451172
-0.04296875,0.03710938,0.97119141,-2.31933594,-2.31933594,-2.62451172
-0.03271484,0.04150391,1.00390625,-2.25830078,-1.58691406,-2.38037109
-0.03271484,0.04150391,1.00390625,-2.25830078,-1.58691406,-2.38037109
-0.04150391,0.04638672,0.99804688,-0.91552734,-2.86865234,-1.46484375
-0.04150391,0.04638672,0.99804688,-0.91552734,-2.86865234,-1.46484375
-0.04833984,0.04394531,0.97949219,-0.61035156,-3.23486328,-0.67138672
-0.04833984,0.04394531,0.97949219,-0.61035156,-3.23486328,-0.67138672
-0.04589844,0.00244141,1,0.73242188,-3.60107422,-0.36621094
-0.04589844,0.00244141,1,0.73242188,-3.60107422,-0.36621094
-0.06103516,0.02539062,0.99902344,3.05175781,-4.63867188,-1.15966797
-0.06103516,0.02539062,0.99902344,3.05175781,-4.63867188,-1.15966797
-0.0625,0.04589844,0.98339844,3.05175781,-2.50244141,-0.06103516
-0.0625,0.04589844,0.98339844,3.05175781,-2.50244141,-0.06103516
-0.05664062,0.03613281,1.00097656,1.70898438,-0.79345703,0.85449219
-0.05664062,0.03613281,1.00097656,1.70898438,-0.79345703,0.85449219
-0.04394531,0.03125,1.00488281,1.03759766,-1.15966797,1.03759766
-0.04394531,0.03125,1.00488281,1.03759766,-1.15966797,1.03759766
-0.04101562,0.02685547,0.99707031,0.48828125,-1.77001953,0.67138672
-0.04101562,0.02685547,0.99707031,0.48828125,-1.77001953,0.67138672
-0.05664062,0.00634766,1.00390625,1.953125,-2.07519531,0.36621094
-0.05664062,0.00634766,1.00390625,1.953125,-2.07519531,0.36621094
-0.05810547,0.01220703,1.01416016,5.24902344,-2.19726562,0
-0.05810547,0.01220703,1.01416016,5.24902344,-2.19726562,0
-0.046875,0.03320312,1.00537109,6.71386719,-3.17382812,-0.42724609
-0.046875,0.03320312,1.00537109,6.71386719,-3.17382812,-0.42724609
-0.05419922,0.03710938,0.97705078,5.49316406,-2.74658203,-0.42724609
-0.05419922,0.03710938,0.97705078,5.49316406,-2.74658203,-0.42724609
-0.05126953,0.04443359,0.97460938,5.31005859,0.67138672,0.36621094
-0.05126953,0.04443359,0.97460938,5.31005859,0.67138672,0.36621094
-0.04541016,0.04052734,0.98730469,5.859375,3.47900391,1.40380859
-0.04541016,0.04052734,0.98730469,5.859375,3.47900391,1.40380859
-0.03125,0.03076172,1.01025391,5.31005859,3.05175781,1.34277344
-0.03125,0.03076172,1.01025391,5.31005859,3.05175781,1.34277344
-0.02246094,0.02832031,1.03271484,5.43212891,-1.15966797,0.12207031
-0.02246094,0.02832031,1.03271484,5.43212891,-1.15966797,0.12207031
-0.04296875,0.02050781,1.01074219,7.08007812,-4.15039062,-0.73242188
-0.04296875,0.02050781,1.01074219,7.08007812,-4.15039062,-0.73242188
-0.06884766,0.0390625,1.01025391,6.53076172,-3.41796875,-1.64794922
-0.06884766,0.0390625,1.01025391,6.53076172,-3.41796875,-1.64794922
-0.07519531,0.05322266,1.00292969,7.14111328,0.48828125,-0.24414062
-0.07519531,0.05322266,1.00292969,7.14111328,0.48828125,-0.24414062
-0.06591797,0.05175781,1.01025391,7.38525391,2.01416016,0.36621094
-0.05712891,0.046875,1.00439453,7.69042969,2.74658203,0.73242188
-0.04150391,0.04638672,1,7.62939453,2.01416016,1.09863281
-0.04150391,0.04638672,1,7.62939453,2.01416016,1.09863281
-0.04931641,0.046875,0.98730469,6.89697266,0.06103516,1.52587891
-0.04931641,0.046875,0.98730469,6.89697266,0.06103516,1.52587891
-0.06152344,0.03955078,0.98828125,6.10351562,0.30517578,2.07519531
-0.06152344,0.03955078,0.98828125,6.10351562,0.30517578,2.07519531
-0.05029297,0.03222656,0.99609375,3.78417969,0.18310547,1.83105469
-0.05029297,0.03222656,0.99609375,3.78417969,0.18310547,1.83105469
-0.03759766,0.03125,1.01269531,1.22070312,-1.52587891,0.36621094
-0.03759766,0.03125,1.01269531,1.22070312,-1.52587891,0.36621094
-0.05273438,0.05957031,0.99462891,0.06103516,-2.50244141,0.24414062
-0.05273438,0.05957031,0.99462891,0.06103516,-2.50244141,0.24414062
-0.05273438,0.04443359,0.99511719,-0.06103516,-1.34277344,0.54931641
-0.05273438,0.04443359,0.99511719,-0.06103516,-1.34277344,0.54931641
-0.04101562,0.03857422,1.00341797,-0.67138672,-1.953125,0.30517578
-0.04101562,0.03857422,1.00341797,-0.67138672,-1.953125,0.30517578
-0.02929688,0.03759766,1.00097656,-0.36621094,-3.23486328,-0.30517578
-0.02929688,0.03759766,1.00097656,-0.36621094,-3.23486328,-0.30517578
-0.06201172,0.04296875,0.97900391,-0.18310547,-1.46484375,-0.18310547
-0.06201172,0.04296875,0.97900391,-0.18310547,-1.46484375,-0.18310547
-0.06152344,0.03857422,1.01171875,-0.06103516,0.30517578,0.54931641
-0.06152344,0.03857422,1.01171875,-0.06103516,0.30517578,0.54931641
-0.04199219,0.03613281,1.00439453,-0.42724609,-1.64794922,0.36621094
-0.04199219,0.03613281,1.00439453,-0.42724609,-1.64794922,0.36621094
-0.04882812,0.04345703,0.98388672,-2.19726562,-2.68554688,0.12207031
-0.04882812,0.04345703,0.98388672,-2.19726562,-2.68554688,0.12207031
-0.04492188,0.03076172,0.99707031,-3.66210938,-2.13623047,0.12207031
-0.04492188,0.03076172,0.99707031,-3.66210938,-2.13623047,0.12207031
-0.046875,0.03417969,0.99951172,-3.29589844,-2.80761719,-0.18310547
-0.046875,0.03417969,0.99951172,-3.29589844,-2.80761719,-0.18310547
-0.05371094,0.03466797,0.98876953,-3.05175781,-2.86865234,0
-0.05371094,0.03466797,0.98876953,-3.05175781,-2.86865234,0
-0.04833984,0.04101562,0.97802734,-2.01416016,-1.46484375,0.06103516
-0.04833984,0.04101562,0.97802734,-2.01416016,-1.46484375,0.06103516
-0.04638672,0.04345703,0.97607422,-1.52587891,0.9765625,0.73242188
-0.04638672,0.04345703,0.97607422,-1.52587891,0.9765625,0.73242188
-0.04736328,0.015625,0.99316406,-1.89208984,1.89208984,0.85449219
-0.04736328,0.015625,0.99316406,-1.89208984,1.89208984,0.85449219
-0.05078125,0.03320312,1.00732422,-2.13623047,0.79345703,0.42724609
-0.05078125,0.03320312,1.00732422,-2.13623047,0.79345703,0.42724609
-0.04541016,0.02929688,1.00683594,-2.19726562,-0.06103516,0.06103516
-0.04541016,0.02929688,1.00683594,-2.19726562,-0.06103516,0.06103516
-0.04052734,0.03222656,0.99316406,-2.62451172,-1.03759766,-0.18310547
-0.04052734,0.03222656,0.99316406,-2.62451172,-1.03759766,-0.18310547
-0.03466797,0.03564453,0.98144531,-2.74658203,-1.46484375,0.12207031
-0.03466797,0.03564453,0.98144531,-2.74658203,-1.46484375,0.12207031
-0.03955078,0.01123047,0.98681641,-3.29589844,-1.15966797,0
-0.03955078,0.01123047,0.98681641,-3.29589844,-1.15966797,0
-0.04394531,0.02197266,1.01513672,-3.23486328,-2.19726562,-1.03759766
-0.04394531,0.02197266,1.01513672,-3.23486328,-2.19726562,-1.03759766
-0.046875,0.03662109,1.00732422,-3.78417969,-3.90625,-1.52587891
-0.046875,0.03662109,1.00732422,-3.78417969,-3.90625,-1.52587891
-0.04443359,0.04345703,0.98144531,-4.08935547,-3.90625,-1.03759766
-0.04443359,0.04345703,0.98144531,-4.08935547,-3.90625,-1.03759766
-0.04003906,0.04101562,0.98291016,-3.41796875,-2.80761719,-0.24414062
-0.04003906,0.04101562,0.98291016,-3.41796875,-2.80761719,-0.24414062
-0.04492188,0.03857422,0.97949219,-3.66210938,-2.56347656,0.12207031
-0.04492188,0.03857422,0.97949219,-3.66210938,-2.56347656,0.12207031
-0.04785156,0.02783203,0.98583984,-4.27246094,-2.31933594,0.36621094
-0.04785156,0.02783203,0.98583984,-4.27246094,-2.31933594,0.36621094
-0.0546875,0.02880859,1.00732422,-3.90625,-2.38037109,0.42724609
-0.0546875,0.02880859,1.00732422,-3.90625,-2.38037109,0.42724609
-0.05419922,0.03613281,1,-3.23486328,-1.15966797,0.85449219
-0.05419922,0.03613281,1,-3.23486328,-1.15966797,0.9765625
-0.04296875,0.02685547,1.01318359,-2.56347656,-0.79345703,0.85449219
-0.04296875,0.02685547,1.01318359,-2.56347656,-1.52587891,0.67138672
-0.04199219,0.03808594,1.01318359,-2.01416016,-2.44140625,0.67138672
-0.04199219,0.03808594,1.01318359,-2.38037109,-3.11279297,0.54931641
-0.04589844,0.02783203,1.00878906,-2.56347656,-3.54003906,0.30517578
-0.04589844,0.02783203,1.00878906,-1.953125,-3.72314453,0.30517578
-0.05273438,0.03369141,1.00097656,-0.61035156,-3.35693359,0.85449219
-0.05273438,0.03369141,1.00097656,0.79345703,-2.74658203,1.46484375
-0.05712891,0.046875,0.99023438,2.01416016,-1.70898438,2.31933594
-0.05712891,0.046875,0.99023438,3.23486328,-1.09863281,3.05175781
-0.03515625,0.01220703,1.02734375,4.33349609,-1.46484375,2.68554688
-0.03515625,0.02539062,1.02490234,5.49316406,-2.44140625,2.19726562
-0.03613281,0.03662109,1.02099609,6.28662109,-3.47900391,2.01416016
-0.04150391,0.03320312,1.01220703,6.77490234,-4.02832031,2.01416016
-0.04589844,0.03125,1.00878906,6.8359375,-3.96728516,2.07519531
-0.04980469,0.02734375,1.00634766,6.59179688,-3.78417969,2.13623047
-0.05322266,0.03417969,0.98730469,6.34765625,-3.84521484,2.13623047
-0.05712891,0.05859375,0.95849609,5.31005859,-1.58691406,2.74658203
-0.04785156,0.03369141,0.99267578,5.12695312,0.42724609,3.35693359
-0.04443359,0.02148438,1.00341797,4.94384766,1.34277344,3.11279297
-0.04394531,0.02441406,1.01708984,5.43212891,1.34277344,2.74658203
-0.04296875,0.02685547,1.01953125,6.22558594,0.9765625,2.68554688
-0.0390625,0.02246094,1.04541016,7.8125,0.36621094,2.50244141
-0.03369141,0.02148438,1.05078125,10.80322266,-1.09863281,2.50244141
-0.03613281,0.02587891,1.04541016,13.79394531,-1.70898438,2.38037109
-0.04443359,0.03466797,1.03955078,16.6015625,-1.58691406,2.25830078
-0.06298828,0.03564453,1.03710938,19.16503906,-1.28173828,2.44140625
-0.06201172,0.03173828,1.03613281,20.75195312,-1.34277344,2.56347656
-0.04882812,0.03173828,1.03759766,22.33886719,-1.09863281,2.38037109
-0.04931641,0.04150391,1.03369141,24.16992188,-0.9765625,2.25830078
-0.05029297,0.04931641,1.02783203,25.75683594,-1.03759766,2.38037109
-0.05078125,0.05029297,1.02539062,27.16064453,-0.61035156,2.62451172
-0.04931641,0.05224609,1.02880859,28.62548828,0,2.86865234
-0.046875,0.05859375,1.03417969,30.21240234,0.67138672,3.05175781
-0.04882812,0.06347656,1.04003906,31.79931641,1.22070312,3.23486328
-0.05322266,0.0703125,1.04736328,33.44726562,1.70898438,3.72314453
-0.04980469,0.06347656,1.05957031,35.21728516,2.01416016,4.02832031
-0.04394531,0.05273438,1.07958984,37.84179688,1.52587891,3.84521484
-0.03662109,0.05078125,1.10351562,41.07666016,0.18310547,3.66210938
-0.04296875,0.04541016,1.11083984,45.41015625,-1.89208984,3.17382812
-0.05078125,0.05810547,1.09863281,50.65917969,-3.72314453,2.9296875
-0.0625,0.07421875,1.08984375,55.90820312,-4.39453125,3.54003906
-0.078125,0.08398438,1.09423828,62.01171875,-4.45556641,4.45556641
-0.07568359,0.08398438,1.09863281,68.23730469,-4.76074219,5.73730469
-0.04980469,0.07714844,1.09960938,74.34082031,-5.18798828,6.71386719
-0.04248047,0.06787109,1.10742188,80.56640625,-5.00488281,6.89697266
-0.05517578,0.07080078,1.09960938,86.12060547,-6.22558594,6.40869141
-0.05273438,0.08154297,1.06835938,90.69824219,-7.50732422,5.61523438
-0.04785156,0.09667969,1.04101562,94.36035156,-8.05664062,5.12695312
-0.03076172,0.1171875,1.0390625,98.20556641,-7.87353516,4.82177734
-0.03515625,0.14648438,1.06201172,101.5625,-7.32421875,5.12695312
-0.04296875,0.13330078,1.06787109,106.628418,-5.31005859,5.43212891
-0.03662109,0.11523438,1.04931641,111.6333008,-4.08935547,5.79833984
-0.02050781,0.09423828,1.03173828,116.6992188,-2.68554688,5.55419922
-0.01171875,0.10351562,0.99707031,120.6054688,-1.34277344,4.02832031
-0.04541016,0.16357422,1.10839844,125.793457,-3.29589844,3.29589844
-0.03515625,0.18652344,1.01367188,129.4555664,-3.29589844,3.78417969
-0.04150391,0.12841797,1.00439453,131.8969727,-3.05175781,3.47900391
-0.01660156,0.16503906,1.03759766,133.4228516,-4.02832031,2.38037109
-0.01123047,0.15917969,1.03955078,134.5214844,-6.40869141,1.70898438
-0.03027344,0.21533203,0.98730469,136.2304688,-7.87353516,1.83105469
-0.06201172,0.24414062,0.98828125,137.1459961,-9.09423828,1.83105469
-0.06787109,0.24072266,0.96777344,138.3666992,-7.20214844,3.78417969
-0.03466797,0.22265625,0.96728516,138.7939453,-7.20214844,3.78417969
-0.02587891,0.20068359,0.90722656,137.1459961,-0.18310547,1.40380859
-0.01660156,0.22900391,0.82763672,137.1459961,-0.18310547,1.40380859
-0.03808594,0.29931641,0.98925781,135.3759766,2.31933594,2.25830078
-0.04882812,0.27685547,0.88134766,135.3759766,2.31933594,2.25830078
-0.04443359,0.26904297,0.98876953,138.3666992,1.77001953,3.72314453
-0.05029297,0.27783203,0.92138672,138.3666992,1.77001953,3.72314453
-0.04931641,0.33154297,0.92041016,142.2119141,4.94384766,5.00488281
-0.02880859,0.35546875,0.89453125,142.2119141,4.94384766,5.00488281
-0.01269531,0.34765625,0.89111328,142.2119141,7.44628906,5.12695312
-0.01367188,0.33105469,0.89111328,142.2119141,7.44628906,5.12695312
-0.02685547,0.35595703,0.95556641,144.3481445,6.77490234,3.66210938
-0.03271484,0.35595703,0.95556641,144.3481445,6.77490234,3.66210938
-0.02099609,0.38867188,0.90429688,145.7519531,3.23486328,3.05175781
-0.02099609,0.38867188,0.90429688,145.7519531,3.23486328,3.05175781
-0.00585938,0.45117188,0.90185547,150.0244141,3.23486328,0.73242188
-0.00585938,0.45117188,0.90185547,150.0244141,3.23486328,0.73242188
-0.03222656,0.49267578,1.02148438,150.0244141,-3.66210938,2.56347656
-0.03222656,0.49267578,1.02148438,150.0244141,-3.66210938,2.56347656
-0.04980469,0.46191406,0.83300781,147.3999023,-7.38525391,3.60107422
-0.04980469,0.46191406,0.83300781,147.3999023,-7.38525391,3.60107422
-0.03271484,0.48193359,0.81787109,145.5688477,-1.64794922,2.56347656
-0.03271484,0.48193359,0.81787109,145.5688477,-1.64794922,2.56347656
-0.03271484,0.48193359,0.81787109,145.5688477,-1.64794922,2.56347656
-0.00146484,0.46337891,0.80664062,151.550293,9.52148438,-0.61035156
-0.06835938,0.54736328,0.703125,148.9257813,2.74658203,4.69970703
-0.06835938,0.54736328,0.703125,148.9257813,2.74658203,4.69970703
-0.07421875,0.58496094,0.84228516,146.6674805,2.07519531,4.39453125
-0.07421875,0.58496094,0.84228516,146.6674805,2.07519531,4.39453125
-0.07421875,0.58496094,0.84228516,146.6674805,2.07519531,4.39453125
-0.03613281,0.57470703,0.73095703,145.5078125,10.49804688,3.05175781
-0.05273438,0.61132812,0.76513672,145.3857422,6.71386719,5.18798828
-0.05273438,0.61132812,0.76513672,145.3857422,6.71386719,5.18798828
-0.05273438,0.61132812,0.76513672,145.3857422,6.71386719,5.18798828
-0.01660156,0.63574219,0.74853516,146.3623047,6.16455078,5.859375
-0.02050781,0.64941406,0.76220703,151.2451172,3.78417969,6.8359375
-0.02050781,0.64941406,0.76220703,151.2451172,3.78417969,6.8359375
-0.02050781,0.64941406,0.76220703,151.2451172,3.78417969,6.8359375
0,0.60253906,0.60791016,158.8134766,4.8828125,8.17871094
-0.04736328,0.71289062,0.72167969,157.8369141,-5.859375,10.68115234
-0.04736328,0.71289062,0.72167969,157.8369141,-5.859375,10.68115234
-0.04736328,0.71289062,0.72167969,157.8369141,-5.859375,10.68115234
-0.02978516,0.69238281,0.64550781,162.9638672,-4.51660156,11.59667969
0.04736328,0.61669922,0.48046875,165.8325195,6.59179688,6.89697266
0.04736328,0.61669922,0.48046875,165.8325195,6.59179688,6.89697266
0.04736328,0.61669922,0.48046875,165.8325195,6.59179688,6.89697266
-0.08398438,0.73046875,0.56152344,166.9311523,-6.10351562,12.81738281
0.00634766,0.625,0.36279297,165.9545898,-5.61523438,11.84082031
0.00634766,0.625,0.36279297,165.9545898,-5.61523438,11.84082031
0.00634766,0.625,0.36279297,165.9545898,-5.61523438,11.84082031
-0.04833984,0.79882812,0.6875,168.8232422,-7.69042969,12.45117188
-0.01025391,0.74902344,0.53662109,168.8232422,-5.859375,10.92529297
-0.01025391,0.74902344,0.53662109,168.8232422,-5.859375,10.92529297
-0.01025391,0.74902344,0.53662109,168.8232422,-5.859375,10.92529297
0.01611328,0.75683594,0.41113281,171.3867188,3.78417969,6.59179688
-0.06933594,0.91699219,0.75195312,168.9453125,1.15966797,6.16455078
-0.06933594,0.91699219,0.75195312,168.9453125,1.15966797,6.16455078
-0.06933594,0.91699219,0.75195312,168.9453125,1.15966797,6.16455078
-0.03369141,0.83447266,0.50488281,165.1611328,0,6.77490234
0.05566406,0.76074219,0.07617188,159.4238281,9.33837891,-0.18310547
0.05566406,0.76074219,0.07617188,159.4238281,9.33837891,-0.18310547
0.05566406,0.76074219,0.07617188,159.4238281,9.33837891,-0.18310547
-0.07080078,0.88720703,0.47949219,155.2734375,-4.69970703,5.24902344
-0.02050781,0.87109375,0.35742188,148.5595703,-4.57763672,1.03759766
-0.02050781,0.87109375,0.35742188,148.5595703,-4.57763672,1.03759766
-0.02050781,0.87109375,0.35742188,148.5595703,-4.57763672,1.03759766
0.04931641,0.75927734,-0.06591797,140.8691406,15.44189453,-8.11767578
-0.02636719,0.83251953,0.21533203,132.9345703,-0.61035156,-2.56347656
-0.02636719,0.83251953,0.21533203,132.9345703,-0.61035156,-2.56347656
-0.02636719,0.83251953,0.21533203,132.9345703,-0.61035156,-2.56347656
-0.03613281,0.88720703,0.27392578,126.7089844,-6.34765625,-3.41796875
-0.03613281,0.88720703,0.27392578,126.7089844,-6.34765625,-3.41796875
-0.03515625,0.92431641,0.30029297,121.8261719,-6.34765625,-3.90625
-0.01757812,0.89257812,0.17236328,115.6616211,-4.76074219,-2.68554688
-0.01757812,0.89257812,0.17236328,115.6616211,-4.76074219,-2.68554688
-0.01757812,0.89257812,0.17236328,115.6616211,-4.76074219,-2.68554688
-0.17675781,1.21582031,0.86523438,107.4829102,18.61572266,-6.95800781
-0.06591797,0.98730469,0.28857422,109.8632813,-0.9765625,4.82177734
-0.06591797,0.98730469,0.28857422,109.8632813,-0.9765625,4.82177734
-0.06591797,0.98730469,0.28857422,109.8632813,-0.9765625,4.82177734
-0.00195312,0.93408203,0.31103516,105.6518555,-9.46044922,3.23486328
-0.02246094,0.95703125,0.12304688,103.0883789,-8.05664062,0.12207031
-0.02246094,0.95703125,0.12304688,103.0883789,-8.05664062,0.12207031
-0.02246094,0.95703125,0.12304688,103.0883789,-8.05664062,0.12207031
-0.00292969,0.95361328,0.21337891,97.96142578,-7.75146484,-0.06103516
-0.09082031,1.06005859,0.34277344,91.91894531,-6.95800781,0.24414062
-0.09082031,1.06005859,0.34277344,91.91894531,-6.95800781,0.24414062
-0.09082031,1.06005859,0.34277344,91.91894531,-6.95800781,0.24414062
-0.00439453,0.95117188,0.16796875,87.40234375,-10.31494141,0.61035156
-0.03466797,0.95605469,0.13427734,83.06884766,-0.30517578,-3.66210938
-0.03466797,0.95605469,0.13427734,83.06884766,-0.30517578,-3.66210938
-0.03466797,0.95605469,0.13427734,83.06884766,-0.30517578,-3.66210938
-0.03613281,0.96044922,0.09765625,81.23779297,-6.10351562,1.89208984
0.00878906,0.96044922,0.02148438,79.28466797,-5.73730469,1.34277344
0.00878906,0.96044922,0.02148438,79.28466797,-5.73730469,1.34277344
0.00878906,0.96044922,0.02148438,79.28466797,-5.73730469,1.34277344
-0.00585938,1.00976562,0.14111328,73.54736328,5.55419922,-2.62451172
0.00341797,0.97070312,0.1015625,72.38769531,-1.77001953,-1.15966797
0.00341797,0.97070312,0.1015625,72.38769531,-1.77001953,-1.15966797
0.00341797,0.97070312,0.1015625,72.38769531,-1.77001953,-1.15966797
-0.01904297,0.98144531,0.05126953,67.3828125,-4.8828125,-1.40380859
-0.046875,0.99853516,0.04150391,61.27929688,-4.63867188,-1.28173828
-0.046875,0.99853516,0.04150391,61.27929688,-4.63867188,-1.28173828
-0.046875,0.99853516,0.04150391,61.27929688,-4.51660156,-1.03759766
-0.04296875,1.00195312,-0.00732422,54.26025391,-3.05175781,-0.91552734
-0.01660156,1.01953125,-0.00244141,46.69189453,-0.24414062,0.06103516
-0.01660156,1.01953125,-0.00244141,46.69189453,-0.24414062,0.06103516
-0.01660156,1.01953125,-0.00244141,43.51806641,1.15966797,0.18310547
-0.0234375,1.03076172,0.02197266,40.95458984,1.34277344,0.54931641
-0.0546875,1.02587891,0.03466797,35.64453125,0.67138672,1.83105469
-0.0546875,1.02587891,0.03466797,35.64453125,0.67138672,1.83105469
-0.0546875,1.02587891,0.03466797,32.2265625,0.06103516,1.83105469
-0.03808594,0.99853516,0.01318359,28.62548828,-0.18310547,1.46484375
-0.03222656,1.00488281,0.02294922,22.94921875,-1.15966797,1.46484375
-0.03222656,1.00488281,0.02294922,22.94921875,-1.15966797,1.46484375
-0.03320312,0.99902344,0.01806641,20.62988281,-1.70898438,1.89208984
-0.03271484,0.99658203,0.00830078,18.31054688,-2.01416016,2.44140625
-0.03222656,0.99853516,-0.01660156,14.03808594,-2.68554688,4.08935547
-0.03222656,0.99853516,-0.01660156,14.03808594,-2.68554688,4.08935547
-0.04101562,1.00146484,-0.01660156,11.59667969,-1.953125,5.18798828
-0.03125,0.99755859,0.00195312,9.39941406,-1.77001953,6.34765625
-0.01318359,0.97460938,0.00244141,6.46972656,-1.28173828,6.65283203
-0.01318359,0.97460938,0.00244141,6.46972656,-1.28173828,6.65283203
-0.00976562,0.97753906,0.00292969,4.82177734,-0.48828125,5.859375
-0.01855469,0.98535156,0.00292969,3.23486328,0.06103516,5.18798828
-0.02441406,0.99804688,0.01708984,0.18310547,0.48828125,4.82177734
-0.02441406,0.99804688,0.01708984,0.18310547,0.48828125,4.82177734
-0.02539062,1.00146484,0.02148438,-0.73242188,0.18310547,5.31005859
-0.01855469,0.99072266,0.02392578,-1.64794922,-0.24414062,5.79833984
-0.01464844,0.96386719,0.02832031,-3.96728516,0,4.57763672
-0.01464844,0.96386719,0.02832031,-3.96728516,0,4.57763672
-0.02783203,0.96875,0.02685547,-5.37109375,0.18310547,4.27246094
-0.03369141,0.97607422,0.02978516,-6.59179688,-0.24414062,4.51660156
-0.03222656,0.99902344,0.03808594,-7.62939453,-1.64794922,5.67626953
-0.03222656,0.99902344,0.03808594,-7.62939453,-1.64794922,5.67626953
-0.02685547,1.00244141,0.03417969,-7.44628906,-2.07519531,6.28662109
-0.02490234,0.99365234,0.03466797,-7.69042969,-2.56347656,6.77490234
-0.02636719,0.99365234,0.04052734,-8.05664062,-3.66210938,8.36181641
-0.02636719,0.99365234,0.04052734,-8.05664062,-3.66210938,8.36181641
-0.01708984,1.01171875,0.0390625,-6.46972656,-3.84521484,9.46044922
0.00146484,0.98876953,0.03759766,-5.73730469,-4.02832031,9.70458984
0.00146484,0.97509766,0.05224609,-4.69970703,-2.86865234,8.11767578
0.00146484,0.97509766,0.05224609,-4.69970703,-2.86865234,8.11767578
-0.02197266,0.97412109,0.04589844,-5.61523438,-2.68554688,7.32421875
-0.02978516,0.99902344,0.05126953,-6.46972656,-2.80761719,6.8359375
-0.02246094,1.01660156,0.05517578,-6.46972656,-3.90625,7.08007812
-0.02246094,1.01660156,0.05517578,-6.46972656,-3.90625,7.08007812
-0.01513672,1.01464844,0.05224609,-6.16455078,-4.39453125,7.14111328
-0.01220703,1.015625,0.05224609,-5.61523438,-4.63867188,7.26318359
-0.02001953,1.01025391,0.03857422,-4.94384766,-4.94384766,8.72802734
-0.02001953,1.01025391,0.03857422,-4.94384766,-4.94384766,8.72802734
-0.015625,0.99609375,0.02832031,-5.18798828,-4.76074219,9.765625
0.01611328,0.97314453,0.03222656,-4.82177734,-4.02832031,9.94873047
0.02441406,0.95996094,0.05615234,-3.47900391,-1.70898438,5.98144531
0.02441406,0.95996094,0.05615234,-3.47900391,-1.70898438,5.98144531
0.00048828,0.97412109,0.05761719,-3.90625,-1.15966797,4.45556641
-0.02197266,0.98339844,0.05957031,-4.94384766,-1.22070312,3.35693359
-0.02148438,1.00878906,0.06005859,-5.73730469,-1.58691406,3.23486328
-0.02148438,1.00878906,0.06005859,-5.73730469,-1.58691406,3.23486328
-0.0078125,1.00488281,0.05859375,-5.67626953,-1.52587891,3.11279297
0.00195312,1.00488281,0.05810547,-4.8828125,-1.34277344,3.11279297
0.01416016,0.99560547,0.04736328,-3.41796875,-0.73242188,3.29589844
0.01416016,0.99560547,0.04736328,-3.41796875,-0.73242188,3.29589844
0.01806641,0.99755859,0.08154297,-2.74658203,0.61035156,2.68554688
0.00585938,0.97607422,0.07470703,-1.89208984,0.85449219,2.38037109
-0.02099609,0.98144531,0.06298828,-2.25830078,0.36621094,2.80761719
-0.02099609,0.98144531,0.06298828,-2.25830078,0.36621094,2.80761719
-0.01953125,0.9921875,0.0703125,-2.31933594,-0.12207031,3.47900391
-0.01318359,1.00341797,0.07910156,-2.25830078,-0.18310547,3.84521484
-0.00878906,0.99707031,0.08496094,-2.50244141,-0.06103516,3.78417969
-0.00878906,0.99707031,0.08496094,-2.50244141,0,3.72314453
-0.01074219,0.99609375,0.08056641,-2.9296875,0,3.72314453
-0.00878906,0.99707031,0.07714844,-3.35693359,0.12207031,3.78417969
0.01123047,1.02490234,0.08544922,-3.05175781,0.42724609,4.02832031
0.01123047,1.02490234,0.08544922,-2.25830078,0.79345703,3.11279297
0.00976562,1.02148438,0.08740234,-2.25830078,0.79345703,3.11279297
0.00146484,1.015625,0.07275391,-1.89208984,0.67138672,2.62451172
-0.01269531,1.02392578,0.07177734,-2.13623047,-0.54931641,3.29589844
-0.01269531,1.02392578,0.07177734,-1.58691406,-1.22070312,4.21142578
-0.01367188,1.0234375,0.07373047,-1.58691406,-1.22070312,4.21142578
-0.00830078,1.02294922,0.078125,-1.58691406,-1.70898438,4.8828125
-0.00830078,1.02294922,0.078125,-1.40380859,-1.83105469,5.00488281
0.00390625,1.00732422,0.08447266,-1.70898438,-2.01416016,4.8828125
0.00390625,1.00732422,0.08447266,-2.74658203,-2.25830078,5.00488281
-0.00195312,0.98681641,0.08935547,-3.66210938,-2.38037109,5.06591797
-0.00195312,0.98681641,0.08935547,-4.45556641,-2.38037109,4.8828125
-0.00048828,0.9921875,0.078125,-4.27246094,-2.56347656,4.94384766
-0.00048828,0.9921875,0.078125,-3.78417969,-2.80761719,5.31005859
0.00292969,0.99755859,0.08789062,-3.23486328,-2.68554688,6.10351562
0.00292969,0.99755859,0.08789062,-2.74658203,-1.89208984,6.40869141
0.04394531,1.03759766,0.10644531,-2.44140625,-0.54931641,5.18798828
0.04394531,1.03759766,0.10644531,-1.52587891,0.79345703,2.50244141
0.02929688,1.01416016,0.09423828,-0.91552734,1.64794922,0.54931641
0.02929688,1.01416016,0.09423828,-0.73242188,1.15966797,0.36621094
-0.01318359,0.99511719,0.06298828,-0.61035156,0.06103516,1.40380859
-0.01318359,0.99511719,0.06298828,-0.85449219,-0.91552734,2.50244141
0.00634766,1.00634766,0.10107422,-1.03759766,-1.09863281,2.31933594
0.00634766,1.00634766,0.10107422,-1.09863281,-0.61035156,1.28173828
0.01953125,0.99902344,0.09179688,-1.22070312,-0.24414062,0.48828125
0.01953125,0.99902344,0.09033203,-0.73242188,0,0.24414062
0.00830078,0.99560547,0.08642578,-0.36621094,0.12207031,0.42724609
0.00830078,0.99560547,0.08447266,0.18310547,-0.06103516,0.9765625
-0.00585938,0.98925781,0.07958984,0.73242188,-0.61035156,1.83105469
-0.00585938,0.98095703,0.07519531,0.9765625,-1.28173828,3.05175781
-0.01269531,0.97119141,0.07324219,1.28173828,-1.953125,4.63867188
-0.01269531,0.97851562,0.0703125,1.22070312,-2.56347656,5.92041016
0.02001953,0.99511719,0.08837891,1.15966797,-2.80761719,6.28662109
0.02880859,1.00927734,0.09521484,1.22070312,-2.56347656,5.73730469
0.02685547,1.01025391,0.09472656,1.09863281,-2.13623047,4.76074219
0.02099609,1.00097656,0.08935547,1.22070312,-1.89208984,3.96728516
0.02001953,0.99169922,0.08642578,1.09863281,-1.58691406,3.54003906
0.02392578,0.98486328,0.08398438,1.28173828,-1.40380859,3.41796875
0.02490234,0.98193359,0.07861328,1.46484375,-1.40380859,3.29589844
0.02392578,0.98388672,0.07226562,1.46484375,-1.58691406,3.23486328
0.0234375,0.99169922,0.07421875,1.70898438,-1.89208984,3.17382812
0.02539062,1.00097656,0.08398438,2.01416016,-2.01416016,2.99072266
0.03369141,1.00732422,0.08935547,2.44140625,-1.64794922,2.31933594
0.04003906,1.00830078,0.09228516,3.11279297,-1.15966797,1.34277344
0.03076172,1.00488281,0.10058594,3.35693359,-0.54931641,0.48828125
0.01806641,0.99755859,0.10058594,3.29589844,0.36621094,-0.42724609
0.01171875,0.99462891,0.08691406,2.86865234,0.85449219,-1.03759766
0.00878906,0.98779297,0.078125,2.56347656,0.9765625,-1.34277344
0.00976562,0.984375,0.07226562,2.50244141,0.67138672,-1.22070312
0.01074219,0.97949219,0.07128906,2.25830078,0.30517578,-0.85449219
0.01123047,0.97753906,0.07226562,1.83105469,0.06103516,-0.54931641
0.01367188,0.98535156,0.07470703,2.07519531,-0.06103516,-0.06103516
0.01464844,0.98779297,0.07617188,2.25830078,0.12207031,0.30517578
0.01220703,0.99902344,0.07324219,2.19726562,0.24414062,0.24414062
0.01025391,1.00585938,0.078125,1.52587891,0.24414062,0
0.0078125,0.99804688,0.08251953,1.77001953,0.30517578,-0.24414062
0.00732422,0.99414062,0.07714844,1.58691406,0.12207031,-0.06103516
0.00341797,0.99267578,0.08007812,0.85449219,-0.18310547,-0.24414062
0.00244141,0.98681641,0.08105469,0.18310547,-0.06103516,-0.67138672
0.01025391,0.98144531,0.07128906,-0.06103516,0.06103516,-0.36621094
0.02197266,0.97998047,0.06933594,0.42724609,-0.12207031,0.06103516
0.03515625,0.98779297,0.06835938,0.48828125,-0.06103516,0.06103516
0.04492188,0.99658203,0.07421875,-0.06103516,0.24414062,-0.48828125
0.03564453,0.99707031,0.08984375,0.06103516,0.85449219,-1.70898438
0.01904297,0.99707031,0.08300781,0.30517578,1.77001953,-2.19726562
0.01904297,1.00976562,0.06835938,0.9765625,1.953125,-2.62451172
0.01367188,0.99951172,0.07177734,0.30517578,1.58691406,-2.9296875
0.00634766,1.00244141,0.07128906,1.03759766,1.58691406,-2.74658203
0.00097656,0.99121094,0.05908203,1.09863281,0.9765625,-1.83105469
0.00048828,1.00537109,0.06201172,1.28173828,0.42724609,-0.67138672
0.00878906,1.00146484,0.07324219,1.34277344,0.06103516,-0.36621094
0.01123047,0.98193359,0.07958984,0.54931641,0.12207031,-0.30517578
0.01513672,0.9765625,0.06640625,0.30517578,0.30517578,0
0.00878906,0.96923828,0.06005859,-0.06103516,-0.24414062,0.67138672
-0.00146484,0.98095703,0.05761719,-0.24414062,-0.73242188,1.64794922
-0.00097656,0.99658203,0.05371094,-0.18310547,-1.40380859,2.31933594
0.00341797,1.00146484,0.05761719,-1.03759766,-2.07519531,2.56347656
0.00341797,1.00244141,0.06982422,-1.22070312,-2.25830078,2.50244141
0.00537109,0.99804688,0.07177734,-1.58691406,-2.01416016,2.74658203
0.01464844,1.00488281,0.07861328,-2.07519531,-1.40380859,2.80761719
0.01318359,1.00732422,0.07617188,-1.83105469,-1.09863281,2.86865234
0.00439453,1.00341797,0.06640625,-2.25830078,-1.22070312,3.05175781
-0.00146484,1.00195312,0.06298828,-2.74658203,-1.40380859,3.60107422
0.00244141,0.99707031,0.07421875,-3.29589844,-1.64794922,3.84521484
0.01708984,0.99414062,0.08105469,-3.90625,-1.40380859,3.60107422
0.02587891,0.9921875,0.08105469,-4.15039062,-0.9765625,2.80761719
0.02783203,0.99414062,0.07763672,-4.94384766,-0.54931641,1.40380859
0.02685547,0.99560547,0.07666016,-5.24902344,-0.12207031,0.36621094
0.02050781,1,0.08056641,-5.12695312,-0.06103516,-0.30517578
0.02001953,1.0078125,0.08154297,-4.27246094,0.18310547,-0.12207031
0.02246094,1.015625,0.07714844,-2.99072266,0.18310547,-0.12207031
0.0234375,1.01269531,0.07470703,-2.13623047,0.12207031,-0.06103516
0.02587891,1.01074219,0.07958984,-1.28173828,0.06103516,-0.12207031
0.02832031,1.00292969,0.08837891,-0.61035156,0.18310547,-0.30517578
0.02685547,0.98974609,0.09423828,-0.18310547,0.73242188,-0.9765625
0.01904297,0.97753906,0.07714844,-0.67138672,1.03759766,-1.83105469
0.00976562,0.97119141,0.06152344,-1.40380859,0.85449219,-2.56347656
0.01025391,0.96679688,0.05859375,-1.70898438,0.48828125,-2.62451172
0.01025391,0.96679688,0.05859375,-1.70898438,0.48828125,-2.62451172
0.01318359,0.97167969,0.06835938,-1.28173828,0.06103516,-2.25830078
0.01757812,0.99707031,0.07226562,0.36621094,0.18310547,-1.70898438
0.00878906,0.99755859,0.07080078,1.03759766,0.24414062,-1.40380859
0.0078125,0.99902344,0.07177734,1.34277344,0.42724609,-0.9765625
0.015625,1.00488281,0.07910156,1.83105469,0.54931641,-0.67138672
0.02734375,1.01171875,0.08642578,2.19726562,0.9765625,-1.22070312
0.03076172,1.00830078,0.08349609,2.80761719,1.58691406,-2.19726562
0.02197266,0.98876953,0.07080078,3.11279297,1.77001953,-2.80761719
0.00683594,0.96826172,0.06005859,2.68554688,1.46484375,-2.50244141
-0.00634766,0.96484375,0.06201172,1.46484375,0.67138672,-2.13623047
-0.00683594,0.96923828,0.06787109,-0.24414062,0.36621094,-2.19726562
0.00683594,0.98632812,0.06347656,-0.85449219,0.12207031,-2.19726562
0.01611328,1.00048828,0.0703125,-0.91552734,-0.30517578,-2.19726562
0.01367188,1.01123047,0.078125,-0.73242188,-0.24414062,-1.89208984
0.0078125,1.02099609,0.08105469,-0.30517578,0.12207031,-1.64794922
0.00439453,1.02685547,0.08300781,-0.24414062,0.30517578,-1.46484375
0.02294922,1.03710938,0.08447266,-0.42724609,0.9765625,-2.13623047
0.01806641,1.02441406,0.08056641,-0.54931641,1.03759766,-3.11279297
0.00488281,1.00927734,0.07275391,-0.85449219,1.03759766,-3.17382812
-0.00097656,0.99169922,0.05761719,-0.9765625,0.42724609,-2.44140625
0.00195312,0.98925781,0.05615234,-1.52587891,-0.42724609,-1.15966797
0.00292969,0.99462891,0.0703125,-2.19726562,-1.15966797,-0.42724609
0.00683594,0.99853516,0.078125,-2.86865234,-1.28173828,-0.24414062
0.00927734,1.00390625,0.078125,-3.47900391,-1.15966797,-0.48828125
0.01416016,1.00244141,0.07275391,-3.47900391,-1.03759766,-0.48828125
0.015625,1.00390625,0.07373047,-3.54003906,-1.03759766,-0.36621094
0.01708984,1.00488281,0.08105469,-3.35693359,-0.67138672,-0.36621094
0.01611328,1.00097656,0.08349609,-2.9296875,-0.24414062,-0.54931641
0.00732422,0.98974609,0.07177734,-3.05175781,-0.12207031,-0.54931641
0,0.98144531,0.06494141,-3.35693359,-0.54931641,-0.12207031
0.00244141,0.98291016,0.0703125,-3.90625,-0.9765625,0.54931641
0.00976562,0.9921875,0.07910156,-4.02832031,-1.15966797,1.03759766
0.01367188,0.99804688,0.08886719,-3.90625,-1.15966797,1.22070312
0.01220703,1.00097656,0.09033203,-4.08935547,-0.85449219,0.91552734
0.01416016,1.00244141,0.08740234,-4.08935547,-0.48828125,0.36621094
0.01757812,0.99902344,0.08203125,-4.27246094,-0.18310547,-0.06103516
0.01708984,0.99462891,0.08154297,-4.21142578,-0.06103516,-0.48828125
0.01904297,0.99707031,0.08691406,-3.78417969,0.06103516,-0.67138672
0.02001953,1.00097656,0.08691406,-3.47900391,0.30517578,-0.73242188
0.01464844,0.99658203,0.09326172,-3.11279297,0.54931641,-1.09863281
0.01171875,0.99462891,0.09375,-3.54003906,0.73242188,-1.52587891
0.00488281,0.99511719,0.08886719,-3.96728516,0.91552734,-1.77001953
0.00341797,0.99804688,0.08544922,-4.15039062,0.79345703,-2.01416016
0.00976562,1.00097656,0.08691406,-4.08935547,0.85449219,-2.07519531
0.01757812,0.99804688,0.08300781,-3.35693359,0.85449219,-2.13623047
0.01708984,0.9921875,0.07910156,-2.80761719,0.79345703,-2.13623047
0.01123047,0.97802734,0.078125,-2.31933594,0.61035156,-1.83105469
0.00976562,0.97509766,0.07568359,-1.953125,0.36621094,-1.22070312
0.00585938,0.98242188,0.07910156,-1.83105469,0.06103516,-0.54931641
0.00195312,0.98828125,0.08447266,-1.22070312,-0.24414062,0.06103516
0.00244141,0.99316406,0.08349609,-0.9765625,-0.36621094,0.73242188
-0.00048828,0.99804688,0.08349609,-1.03759766,-0.73242188,1.28173828
-0.00439453,1,0.09326172,-1.52587891,-1.03759766,1.22070312
-0.00390625,0.99658203,0.09033203,-2.25830078,-0.91552734,1.03759766
0.00390625,0.99609375,0.08447266,-2.56347656,-0.91552734,0.85449219
0.01660156,0.99755859,0.08740234,-2.86865234,-0.73242188,0.54931641
0.02441406,0.99560547,0.09423828,-2.9296875,-0.36621094,-0.24414062
0.02197266,0.99804688,0.09228516,-2.68554688,0.06103516,-0.85449219
0.01464844,1.00244141,0.08935547,-2.80761719,0.24414062,-1.15966797
0.00830078,1.00537109,0.09082031,-2.31933594,0.18310547,-1.22070312
0.00048828,1.00976562,0.08935547,-2.13623047,0.12207031,-1.15966797
0.00048828,1.00927734,0.08789062,-2.01416016,-0.12207031,-0.91552734
0.00585938,1.00976562,0.08837891,-1.83105469,-0.36621094,-0.85449219
0.00927734,1.00341797,0.08789062,-2.01416016,-0.48828125,-0.9765625
0.00830078,0.98974609,0.07958984,-1.89208984,-0.67138672,-0.91552734
0.00439453,0.98339844,0.07421875,-1.953125,-1.22070312,-0.18310547
0.01025391,0.98925781,0.0859375,-2.07519531,-1.52587891,0.61035156
0.01318359,0.99755859,0.10546875,-1.953125,-1.28173828,0.54931641
0.01367188,0.99804688,0.11230469,-2.13623047,-0.30517578,-0.18310547
0.01513672,0.99755859,0.09912109,-2.19726562,0.30517578,-0.9765625
0.00976562,1.00195312,0.09326172,-2.44140625,0.54931641,-1.64794922
0.00976562,1.00195312,0.09326172,-2.44140625,0.54931641,-1.64794922
0.00390625,1.00585938,0.09033203,-2.68554688,0.61035156,-1.77001953
0.00634766,1.00390625,0.08935547,-2.19726562,0.30517578,-1.22070312
0.01367188,0.99707031,0.08642578,-1.77001953,0.12207031,-1.15966797
0.01367188,0.99707031,0.08642578,-1.77001953,0.12207031,-1.15966797
0.01123047,0.98681641,0.0859375,-1.83105469,-0.12207031,-1.15966797
-0.00585938,0.984375,0.10058594,-2.86865234,-0.18310547,-0.9765625
-0.00244141,0.99023438,0.09423828,-3.60107422,-0.06103516,-0.9765625
-0.00244141,0.99023438,0.09423828,-3.60107422,-0.06103516,-0.9765625
0.00488281,0.99414062,0.08691406,-3.90625,-0.18310547,-1.40380859
0.01611328,0.99511719,0.10058594,-3.60107422,0.54931641,-1.83105469
0.01708984,0.99169922,0.09472656,-2.9296875,0.54931641,-1.83105469
0.01708984,0.99169922,0.09472656,-2.9296875,0.54931641,-1.83105469
0.015625,0.98632812,0.08935547,-2.62451172,0.73242188,-1.40380859
0.0078125,0.98779297,0.08203125,-1.77001953,0.06103516,-0.30517578
0.00634766,0.99365234,0.08642578,-1.77001953,0.06103516,-0.30517578
0.00634766,0.99365234,0.08642578,-1.77001953,0.06103516,-0.30517578
0.00585938,0.99951172,0.09472656,-2.44140625,-0.36621094,-0.12207031
0.00097656,1.01074219,0.10351562,-2.74658203,-0.06103516,-0.9765625
0.00341797,1.00634766,0.09423828,-2.74658203,-0.06103516,-0.9765625
0.00341797,1.00634766,0.09423828,-2.74658203,-0.06103516,-0.9765625
0.00830078,1.00097656,0.09277344,-2.19726562,-0.18310547,-1.03759766
0.01171875,0.98632812,0.09814453,-1.46484375,0.24414062,-1.03759766
0.00537109,0.97753906,0.09326172,-1.46484375,0.24414062,-1.03759766
0.00537109,0.97753906,0.09326172,-1.46484375,0.24414062,-1.03759766
0.00195312,0.97705078,0.08984375,-1.58691406,0.18310547,-0.30517578
-0.00048828,0.98730469,0.08935547,-1.28173828,0.06103516,0.54931641
0.00390625,0.99365234,0.09423828,-1.28173828,0.06103516,0.54931641
0.00390625,0.99365234,0.09423828,-1.28173828,0.06103516,0.54931641
0.01464844,0.99316406,0.09375,-1.58691406,0.36621094,0.06103516
0,0.98730469,0.10107422,-2.86865234,0.79345703,-0.9765625
-0.00292969,0.98193359,0.08740234,-2.86865234,0.79345703,-0.9765625
-0.00292969,0.98193359,0.08740234,-2.86865234,0.79345703,-0.9765625
-0.00048828,0.984375,0.07714844,-3.47900391,-0.18310547,-0.30517578
0.00830078,0.99707031,0.09814453,-2.68554688,-0.06103516,0.06103516
0.00976562,0.99609375,0.10205078,-2.68554688,-0.06103516,0.06103516
0.00976562,0.99609375,0.10205078,-2.68554688,-0.06103516,0.06103516
0.01318359,0.99707031,0.10009766,-2.19726562,0.73242188,-0.54931641
0.0078125,0.99414062,0.09375,-1.77001953,0.73242188,-0.73242188
-0.00048828,0.99365234,0.09082031,-1.77001953,0.73242188,-0.73242188
-0.00048828,0.99365234,0.09082031,-1.77001953,0.73242188,-0.73242188
-0.00292969,0.98730469,0.08984375,-1.83105469,-0.24414062,0.61035156
0,0.99951172,0.09033203,-1.83105469,-0.73242188,1.46484375
0.00537109,1.00195312,0.09033203,-1.83105469,-0.73242188,1.46484375
0.00537109,1.00195312,0.09033203,-1.83105469,-0.73242188,1.46484375
0.01025391,1.00976562,0.09521484,-1.77001953,-0.79345703,0.9765625
0.01123047,0.99169922,0.09423828,-2.38037109,-0.48828125,0.54931641
0.00097656,0.99169922,0.09423828,-2.38037109,-0.48828125,0.54931641
0.00097656,0.99169922,0.09423828,-2.38037109,-0.48828125,0.54931641
0.015625,0.99707031,0.09277344,-3.35693359,-0.18310547,0.06103516
0.00976562,0.99072266,0.10546875,-3.66210938,1.09863281,-1.40380859
0.00976562,0.99072266,0.10546875,-3.66210938,1.09863281,-1.40380859
0.00976562,0.99072266,0.10546875,-3.66210938,1.09863281,-1.40380859
0.01806641,1.00195312,0.08642578,-4.76074219,0.42724609,-2.44140625
-0.0078125,0.99511719,0.05322266,-5.37109375,0.91552734,-0.24414062
-0.0078125,0.99511719,0.05322266,-5.37109375,0.91552734,-0.24414062
-0.0078125,0.99511719,0.05322266,-5.37109375,0.91552734,-0.24414062
0.01123047,1.00488281,0.09521484,-7.62939453,0.18310547,-0.79345703
0.01367188,0.9921875,0.09423828,-8.72802734,0.54931641,-1.89208984
0.01367188,0.9921875,0.09423828,-8.72802734,0.54931641,-1.89208984
0.01367188,0.9921875,0.09423828,-8.72802734,0.54931641,-1.89208984
0.00439453,0.9765625,0.07324219,-10.31494141,0,-0.79345703
0.01611328,1.00146484,0.09716797,-13.30566406,0.42724609,-0.73242188
0.01611328,1.00146484,0.09716797,-13.30566406,0.42724609,-0.73242188
0.01611328,1.00146484,0.09716797,-13.30566406,0.42724609,-0.73242188
0.015625,1.00683594,0.09423828,-15.80810547,1.64794922,-3.05175781
0.015625,1.00683594,0.09423828,-15.80810547,1.64794922,-3.05175781
-0.00537109,1.00048828,0.07275391,-18.5546875,1.64794922,-3.47900391
-0.00537109,1.00048828,0.07275391,-18.5546875,1.64794922,-3.47900391
-0.00292969,0.99755859,0.07470703,-24.16992188,1.28173828,-3.35693359
-0.00292969,0.99755859,0.07470703,-24.16992188,1.28173828,-3.35693359
-0.00244141,1.0078125,0.08984375,-29.47998047,1.03759766,-3.41796875
-0.00244141,1.0078125,0.08984375,-29.47998047,1.03759766,-3.41796875
0.00927734,1.03173828,0.07519531,-34.79003906,1.46484375,-4.94384766
0.00927734,1.03173828,0.07519531,-34.79003906,1.46484375,-4.94384766
-0.02001953,0.99511719,0.08886719,-39.97802734,1.52587891,-5.37109375
-0.02001953,0.99511719,0.08886719,-39.97802734,1.52587891,-5.37109375
-0.02978516,0.97851562,0.06933594,-45.83740234,-0.18310547,-3.35693359
-0.02978516,0.97851562,0.06933594,-45.83740234,-0.18310547,-3.35693359
-0.015625,0.98876953,0.09472656,-51.57470703,-1.89208984,-1.28173828
-0.015625,0.98876953,0.09472656,-51.57470703,-1.89208984,-1.28173828
-0.00341797,0.99169922,0.10449219,-55.48095703,-2.74658203,-0.73242188
-0.00341797,0.99169922,0.10449219,-55.48095703,-2.74658203,-0.73242188
-0.0078125,0.97802734,0.13134766,-59.63134766,-3.54003906,-1.52587891
-0.0078125,0.97802734,0.13134766,-59.63134766,-3.54003906,-1.52587891
-0.01318359,0.96240234,0.12695312,-65.49072266,-3.84521484,-1.89208984
-0.01318359,0.96240234,0.12695312,-65.49072266,-3.84521484,-1.89208984
0.02050781,0.98632812,0.14404297,-67.13867188,-3.78417969,-1.77001953
0.02050781,0.98632812,0.14404297,-67.13867188,-3.78417969,-1.77001953
0.01074219,0.98193359,0.16015625,-68.72558594,-3.78417969,-2.62451172
0.01074219,0.98193359,0.16015625,-68.72558594,-3.78417969,-2.62451172
-0.0078125,0.94726562,0.16259766,-71.77734375,-4.39453125,-2.50244141
-0.0078125,0.94726562,0.16259766,-71.77734375,-4.39453125,-2.50244141
0.00244141,0.95019531,0.1640625,-75.98876953,-6.59179688,-1.953125
0.00244141,0.95019531,0.1640625,-75.98876953,-6.59179688,-1.953125
0.00341797,0.92236328,0.203125,-78.79638672,-7.14111328,-1.77001953
0.00341797,0.92236328,0.203125,-78.79638672,-7.14111328,-1.77001953
-0.00683594,0.93212891,0.23291016,-79.83398438,-6.65283203,-2.01416016
-0.00683594,0.93212891,0.23291016,-79.83398438,-6.65283203,-2.01416016
0.00146484,0.96337891,0.234375,-82.76367188,-6.22558594,-2.19726562
0.00146484,0.96337891,0.234375,-82.76367188,-6.22558594,-2.19726562
0.01025391,0.93652344,0.24072266,-85.99853516,-5.55419922,-3.35693359
0.01025391,0.93652344,0.24072266,-85.99853516,-5.55419922,-3.35693359
0.00244141,0.94335938,0.25488281,-89.78271484,-4.33349609,-3.41796875
0.00244141,0.94335938,0.25488281,-89.78271484,-4.33349609,-3.41796875
0.015625,0.96923828,0.27441406,-94.36035156,-2.80761719,-4.51660156
0.015625,0.96923828,0.27441406,-94.36035156,-2.80761719,-4.51660156
-0.00732422,0.97216797,0.29785156,-98.44970703,-2.25830078,-6.89697266
-0.00732422,0.97216797,0.29785156,-98.44970703,-2.25830078,-6.89697266
-0.02246094,0.9375,0.29931641,-102.2949219,-3.23486328,-6.95800781
-0.02246094,0.9375,0.29931641,-102.2949219,-3.23486328,-6.95800781
-0.02001953,0.88476562,0.29736328,-107.1777344,-6.04248047,-5.06591797
-0.02001953,0.88476562,0.29736328,-107.1777344,-6.04248047,-5.06591797
-0.02099609,0.92919922,0.32275391,-113.5253906,-8.54492188,-4.15039062
-0.02099609,0.92919922,0.32275391,-113.5253906,-8.54492188,-4.15039062
-0.00244141,0.91259766,0.36865234,-117.7368164,-6.04248047,-5.18798828
-0.00244141,0.91259766,0.36865234,-117.7368164,-6.04248047,-5.18798828
-0.01513672,0.92236328,0.36376953,-115.9057617,-3.17382812,-6.04248047
-0.01513672,0.92236328,0.36376953,-115.9057617,-3.17382812,-6.04248047
-0.00244141,0.88867188,0.44091797,-119.5678711,-6.65283203,-4.69970703
-0.00244141,0.88867188,0.44091797,-119.5678711,-6.65283203,-4.69970703
-0.00732422,0.88574219,0.40820312,-121.7041016,-3.96728516,-5.37109375
-0.00732422,0.88574219,0.40820312,-121.7041016,-3.96728516,-5.37109375
-0.00341797,0.85595703,0.44482422,-124.8779297,-3.47900391,-6.46972656
-0.00341797,0.85595703,0.44482422,-124.8779297,-3.47900391,-6.46972656
-0.00976562,0.8203125,0.40136719,-126.6479492,-7.32421875,-7.01904297
-0.00976562,0.8203125,0.40136719,-126.6479492,-7.32421875,-7.01904297
-0.01220703,0.79638672,0.44970703,-128.6621094,-5.12695312,-6.77490234
-0.01220703,0.79638672,0.44970703,-128.6621094,-5.12695312,-6.77490234
-0.00830078,0.79931641,0.48339844,-129.5166016,-7.20214844,-5.31005859
-0.01855469,0.79980469,0.50488281,-129.2724609,-5.06591797,-4.63867188
0.00537109,0.78662109,0.54150391,-131.1035156,-3.54003906,-3.17382812
0.00537109,0.78662109,0.54150391,-131.1035156,-3.54003906,-3.17382812
0.04589844,0.74560547,0.53857422,-130.2490234,-0.91552734,-1.15966797
0.04589844,0.74560547,0.53857422,-130.2490234,-0.91552734,-1.15966797
-0.00244141,0.82421875,0.58007812,-132.0800781,0,-2.68554688
-0.00244141,0.82421875,0.58007812,-132.0800781,0,-2.68554688
-0.01269531,0.74072266,0.58496094,-130.9814453,1.46484375,-3.05175781
-0.01269531,0.74072266,0.58496094,-130.9814453,1.46484375,-3.05175781
-0.03125,0.74121094,0.59472656,-130.1879883,-1.83105469,-3.35693359
-0.03125,0.74121094,0.59472656,-130.1879883,-1.83105469,-3.35693359
0.01171875,0.73632812,0.74267578,-129.5776367,-7.75146484,-4.57763672
0.01171875,0.73632812,0.74267578,-129.5776367,-7.75146484,-4.57763672
0.01220703,0.72998047,0.62304688,-128.90625,2.62451172,-5.24902344
0.01220703,0.72998047,0.62304688,-128.90625,2.62451172,-5.24902344
-0.02929688,0.70703125,0.68164062,-128.7841797,5.67626953,-6.16455078
-0.02929688,0.70703125,0.68164062,-128.7841797,5.67626953,-6.16455078
-0.0234375,0.69677734,0.65625,-131.5917969,10.19287109,-7.32421875
-0.0234375,0.69677734,0.65625,-131.5917969,10.19287109,-7.32421875
0.00976562,0.64306641,0.62890625,-133.6669922,13.12255859,-8.05664062
0.00976562,0.64306641,0.62890625,-133.6669922,13.12255859,-8.05664062
-0.02246094,0.65576172,0.66357422,-137.6342773,9.58251953,-9.765625
-0.02246094,0.65576172,0.66357422,-137.6342773,9.58251953,-9.765625
-0.03710938,0.61425781,0.62841797,-141.9677734,9.39941406,-8.97216797
-0.03710938,0.61425781,0.62841797,-141.9677734,9.39941406,-8.97216797
-0.03173828,0.59863281,0.71044922,-142.2119141,7.99560547,-8.42285156
-0.03173828,0.59863281,0.71044922,-142.2119141,7.99560547,-8.42285156
-0.03955078,0.56347656,0.72412109,-140.9912109,6.40869141,-6.04248047
-0.03955078,0.56347656,0.72412109,-140.9912109,6.40869141,-6.04248047
-0.04199219,0.58496094,0.68408203,-143.0664063,3.47900391,-2.80761719
-0.04199219,0.58496094,0.68408203,-143.0664063,3.47900391,-2.80761719
-0.02929688,0.54980469,0.76904297,-143.0664063,2.80761719,-2.50244141
-0.02929688,0.54980469,0.76904297,-143.0664063,2.80761719,-2.50244141
-0.04980469,0.52685547,0.75195312,-145.0195313,8.54492188,-2.62451172
-0.05664062,0.53417969,0.69628906,-145.2026367,7.75146484,-3.29589844
-0.02685547,0.48193359,0.734375,-145.8740234,10.92529297,-1.40380859
-0.02685547,0.48193359,0.734375,-145.8740234,10.92529297,-1.40380859
-0.06738281,0.48291016,0.81054688,-146.4233398,6.46972656,-1.03759766
-0.06738281,0.48291016,0.81054688,-146.4233398,6.46972656,-1.03759766
-0.06445312,0.45947266,0.70214844,-146.4233398,9.70458984,-0.30517578
-0.06445312,0.45947266,0.70214844,-146.4233398,9.70458984,-0.30517578
-0.04931641,0.46875,0.76806641,-146.3623047,18.5546875,3.41796875
-0.04931641,0.46875,0.76806641,-146.3623047,18.5546875,3.41796875
-0.02490234,0.41259766,0.86572266,-146.5454102,16.72363281,2.56347656
-0.02490234,0.41259766,0.86572266,-146.5454102,16.72363281,2.56347656
-0.07177734,0.38134766,0.97167969,-142.2729492,8.42285156,2.62451172
-0.07177734,0.38134766,0.97167969,-142.2729492,8.42285156,2.62451172
-0.046875,0.39550781,0.87548828,-135.8032227,10.00976562,5.31005859
-0.046875,0.39550781,0.87548828,-135.8032227,10.00976562,5.31005859
-0.03027344,0.34033203,0.95458984,-129.7607422,7.32421875,4.82177734
-0.03027344,0.34033203,0.95458984,-129.7607422,7.32421875,4.82177734
-0.02783203,0.33496094,1.02148438,-123.4130859,0.85449219,3.78417969
-0.02783203,0.33496094,1.02148438,-123.4130859,0.85449219,3.78417969
-0.07080078,0.32958984,0.94335938,-118.1640625,-1.77001953,3.23486328
-0.07080078,0.32958984,0.94335938,-118.1640625,-1.77001953,3.23486328
-0.07324219,0.33203125,0.91845703,-114.9902344,-1.15966797,4.21142578
-0.07324219,0.33203125,0.91845703,-114.9902344,-1.15966797,4.21142578
-0.05078125,0.27050781,0.95703125,-116.9433594,-1.83105469,2.38037109
-0.05078125,0.27050781,0.95703125,-116.9433594,-1.83105469,2.38037109
-0.05078125,0.30664062,0.92626953,-118.7744141,-0.54931641,2.74658203
-0.05078125,0.30664062,0.92626953,-118.7744141,-0.54931641,2.74658203
-0.00488281,0.29052734,0.94042969,-118.6523438,0.42724609,4.69970703
-0.00488281,0.29052734,0.94042969,-118.6523438,0.42724609,4.69970703
0.00146484,0.27685547,0.99658203,-118.4082031,1.03759766,3.29589844
0.00146484,0.27685547,0.99658203,-118.4082031,1.03759766,3.29589844
-0.03564453,0.23388672,1.03076172,-114.9291992,0.36621094,1.89208984
-0.03564453,0.23388672,1.03076172,-114.9291992,0.36621094,1.89208984
-0.04492188,0.20654297,1.01855469,-110.0463867,1.83105469,3.96728516
-0.04492188,0.20654297,1.01855469,-110.0463867,1.83105469,3.96728516
-0.07617188,0.19970703,1.02441406,-105.5908203,3.54003906,4.57763672
-0.07617188,0.19970703,1.02441406,-105.5908203,3.54003906,4.57763672
-0.08935547,0.16455078,1.01611328,-102.9663086,4.8828125,3.72314453
-0.08935547,0.16455078,1.01611328,-102.9663086,4.8828125,3.72314453
-0.07324219,0.13671875,0.984375,-101.9897461,7.32421875,5.00488281
-0.07324219,0.13671875,0.984375,-101.9897461,7.32421875,5.00488281
-0.02685547,0.14599609,1.05615234,-98.75488281,5.79833984,3.96728516
-0.02685547,0.14599609,1.05615234,-98.75488281,5.79833984,3.96728516
-0.03222656,0.06835938,1.06787109,-90.27099609,0.12207031,0.54931641
-0.03222656,0.06835938,1.06787109,-90.27099609,0.12207031,0.54931641
-0.046875,0.05078125,1.06005859,-81.97021484,-2.56347656,-2.07519531
-0.046875,0.05078125,1.06005859,-81.97021484,-2.56347656,-2.07519531
-0.05859375,0.09375,1.08251953,-73.42529297,-2.56347656,-2.01416016
-0.05859375,0.09375,1.08251953,-73.42529297,-2.56347656,-2.01416016
-0.07763672,0.10449219,1.06396484,-63.65966797,0.67138672,-0.30517578
-0.07763672,0.10449219,1.06396484,-63.65966797,0.67138672,-0.30517578
-0.10009766,0.1015625,1.03857422,-55.54199219,5.43212891,-1.52587891
-0.10009766,0.1015625,1.03857422,-55.54199219,5.43212891,-1.52587891
-0.078125,0.02539062,1.01806641,-41.25976562,9.82666016,1.83105469
-0.078125,0.02539062,1.01806641,-41.25976562,9.82666016,1.83105469
-0.09277344,0.00341797,1.14013672,-41.015625,4.02832031,-2.25830078
-0.09277344,0.00341797,1.14013672,-41.015625,4.02832031,-2.25830078
-0.11035156,0.11621094,1.10302734,-37.17041016,-3.05175781,-2.38037109
-0.11035156,0.11621094,1.10302734,-37.17041016,-3.05175781,-2.38037109
-0.05419922,0.04785156,1.05273438,-32.10449219,-4.94384766,2.44140625
-0.05419922,0.04785156,1.05273438,-32.10449219,-4.94384766,2.44140625
-0.04394531,0.04003906,1.05126953,-25.390625,-6.22558594,3.41796875
-0.04394531,0.04003906,1.05126953,-25.390625,-6.22558594,3.41796875
-0.05126953,0.07128906,1.02734375,-17.578125,-7.01904297,5.49316406
-0.05126953,0.07128906,1.02734375,-17.578125,-7.01904297,5.49316406
-0.03222656,0.01074219,1.03613281,-11.59667969,-3.96728516,9.765625
-0.03222656,0.01074219,1.03613281,-11.59667969,-3.96728516,9.765625
-0.02880859,0.00732422,1.09228516,-7.8125,-3.60107422,9.09423828
-0.02880859,0.00732422,1.09228516,-7.8125,-3.60107422,9.09423828
-0.04736328,0.01318359,1.06152344,-8.7890625,-1.15966797,5.06591797
-0.04736328,0.01318359,1.06152344,-8.7890625,-1.15966797,5.06591797
-0.06591797,0.05126953,1.02880859,-12.87841797,3.35693359,-0.24414062
-0.06591797,0.05126953,1.02880859,-12.87841797,3.35693359,-0.24414062
-0.09375,0.11181641,1.00488281,-16.96777344,11.65771484,-0.85449219
-0.09375,0.11181641,1.00488281,-16.96777344,11.65771484,-0.85449219
-0.078125,0.07226562,1.03271484,-18.49365234,18.5546875,3.35693359
-0.078125,0.07226562,1.03271484,-18.49365234,18.5546875,3.35693359
-0.08789062,0.04394531,1.05371094,-16.78466797,21.36230469,5.73730469
-0.08789062,0.04394531,1.05371094,-16.78466797,21.36230469,5.73730469
-0.08886719,-0.07177734,0.82324219,-22.52197266,5.18798828,6.8359375
-0.08886719,-0.07177734,0.82324219,-22.52197266,5.18798828,6.8359375
-0.08740234,-0.08056641,1.42773438,-72.63183594,-36.43798828,0.48828125
-0.08740234,-0.08056641,1.42773438,-72.63183594,-36.43798828,0.48828125
-0.08398438,-0.01220703,1.09228516,-43.09082031,-50.65917969,-8.48388672
-0.08398438,-0.01220703,1.09228516,-43.09082031,-50.65917969,-8.48388672
-0.01855469,0.06591797,1.05371094,-15.625,-57.55615234,-7.99560547
-0.01855469,0.06591797,1.05371094,-15.625,-57.55615234,-7.99560547
-0.04150391,0.01611328,1.03222656,-8.54492188,-49.92675781,-4.82177734
-0.04150391,0.01611328,1.03222656,-8.54492188,-49.92675781,-4.82177734
-0.04199219,0.01660156,1.01123047,-2.74658203,-39.12353516,-5.06591797
-0.04199219,0.01660156,1.01123047,-2.74658203,-39.12353516,-5.06591797
-0.02197266,0.07470703,0.99462891,-2.9296875,-30.15136719,-1.58691406
-0.02197266,0.07470703,0.99462891,-2.9296875,-30.15136719,-1.58691406
0.00585938,0.03710938,0.99902344,-4.08935547,-25.08544922,-1.03759766
0.00585938,0.03710938,0.99902344,-4.08935547,-25.08544922,-1.03759766
0.00537109,0.02685547,1.01855469,-0.30517578,-26.42822266,-2.01416016
0.00537109,0.02685547,1.01855469,-0.30517578,-26.42822266,-2.01416016
-0.00585938,0.02880859,1.00585938,2.13623047,-28.86962891,-3.41796875
-0.00585938,0.02880859,1.00585938,2.13623047,-28.86962891,-3.41796875
-0.01025391,0.02099609,0.98779297,0.54931641,-29.66308594,-1.40380859
-0.01025391,0.02099609,0.98779297,0.54931641,-29.66308594,-1.40380859
-0.00878906,0.01904297,0.98095703,-3.84521484,-32.2265625,-0.30517578
-0.00878906,0.01904297,0.98095703,-3.84521484,-32.2265625,-0.30517578
-0.00439453,0.015625,1.00878906,-4.69970703,-27.34375,2.68554688
-0.00439453,0.015625,1.00878906,-4.69970703,-27.34375,2.68554688
0.01220703,0.01611328,1.02148438,-1.09863281,-17.39501953,2.80761719
0.01220703,0.01611328,1.02148438,-1.09863281,-17.39501953,2.80761719
0.01464844,0.01220703,1.0078125,2.07519531,-10.49804688,2.80761719
0.01464844,0.01220703,1.0078125,2.07519531,-10.49804688,2.80761719
0.02636719,0.015625,0.99072266,2.86865234,-9.46044922,2.13623047
0.02636719,0.015625,0.99072266,2.86865234,-9.46044922,2.13623047
0.03076172,0.01269531,0.9921875,1.70898438,-9.09423828,0.12207031
0.03076172,0.01269531,0.9921875,1.70898438,-8.97216797,-0.48828125
0.02636719,0.01513672,0.9921875,2.25830078,-8.05664062,-0.54931641
0.02636719,0.01513672,0.9921875,3.29589844,-7.62939453,-0.73242188
0.01708984,0.01416016,1.00097656,4.45556641,-7.69042969,-0.9765625
0.01708984,0.01416016,1.00097656,4.33349609,-7.01904297,-0.85449219
0.01171875,0.01904297,0.96679688,1.34277344,-4.45556641,0.12207031
0.01171875,0.01904297,0.96679688,-0.30517578,-1.70898438,0.91552734
0.02441406,0.02929688,1,1.15966797,-2.86865234,0.91552734
0.02441406,0.02929688,1,1.22070312,-3.29589844,0.12207031
0.02294922,0.01464844,0.99560547,0.91552734,-3.17382812,-0.24414062
0.02294922,0.02197266,1.0078125,1.83105469,-3.96728516,-0.36621094
0.02246094,0.01757812,0.99707031,2.25830078,-4.51660156,-0.48828125
0.02050781,0.01757812,1.00732422,2.99072266,-5.12695312,-0.73242188
0.08447266,0.01611328,0.97216797,1.83105469,-4.69970703,-0.30517578
0.21533203,-0.01611328,0.96826172,-1.64794922,-3.60107422,1.09863281
0.06298828,0.04492188,0.97753906,-3.84521484,-4.02832031,0.18310547
-0.08251953,0.04931641,0.98291016,-5.43212891,-4.82177734,-0.61035156
-0.16259766,0.04150391,0.99560547,-6.46972656,-3.54003906,-0.73242188
-0.06396484,0.03076172,1.00634766,-6.40869141,-0.48828125,1.15966797
0.05175781,-0.00634766,1.00488281,-6.59179688,2.44140625,3.84521484
0.01318359,0.03320312,1.00830078,-5.79833984,2.62451172,3.11279297
0.0390625,0.01757812,1.01025391,-4.8828125,1.15966797,2.44140625
0.01708984,0.01611328,1.01904297,-2.50244141,-0.12207031,2.25830078
0.01904297,0.01269531,1.02148438,0.24414062,-1.40380859,2.56347656
0.02636719,0.00537109,1.01367188,2.86865234,-3.11279297,2.44140625
0.02734375,0.01318359,1.00927734,4.63867188,-4.27246094,2.01416016
0.01806641,0.02001953,1.00976562,6.22558594,-5.12695312,1.953125
0.02392578,0.01757812,0.98828125,6.71386719,-5.18798828,1.953125
0.02832031,0.01904297,0.99023438,5.55419922,-4.33349609,1.70898438
0.03613281,0.01855469,0.97753906,3.90625,-3.47900391,0.91552734
0.03125,0.02392578,0.97021484,1.52587891,-2.31933594,0.18310547
0.02441406,0.02294922,0.97167969,-1.52587891,-1.09863281,0
0.02294922,0.01464844,0.98828125,-3.23486328,-0.73242188,0.06103516
0.01367188,0.01660156,1.00683594,-3.47900391,-0.9765625,0.30517578
0.02685547,0.01611328,0.99609375,-2.68554688,-1.09863281,0.54931641
0.02734375,0.0234375,0.99804688,-2.99072266,-0.73242188,0.30517578
0.02929688,0.01367188,0.97119141,-2.62451172,-0.91552734,0
0.0234375,0.02099609,0.96826172,-7.26318359,1.46484375,-0.30517578
0.01757812,0.00732422,1.00976562,-7.20214844,1.77001953,-0.48828125
0.01855469,0.01806641,0.99072266,-7.26318359,2.44140625,-0.24414062
0.01806641,0.01318359,0.99853516,-7.99560547,2.9296875,-0.06103516
0.02441406,0.01269531,1.01660156,-7.20214844,1.953125,-0.06103516
0.02099609,0.01074219,1.02490234,-4.82177734,0.24414062,0.06103516
0.01855469,0.00878906,1.03222656,-1.52587891,-1.46484375,0
0.00634766,0.02148438,1.06347656,3.54003906,-4.45556641,0.36621094
0.00976562,0.02197266,1.046875,10.86425781,-8.60595703,1.83105469
0.00732422,0.01904297,1.04101562,14.40429688,-12.20703125,2.19726562
-0.17333984,0.10205078,1.02636719,11.96289062,-29.84619141,4.57763672
0.00390625,-0.02783203,0.98828125,19.10400391,-48.33984375,12.81738281
0.16113281,-0.09667969,0.921875,20.32470703,-48.33984375,12.93945312
0.03320312,0.03417969,0.81982422,9.27734375,-43.82324219,11.84082031
0.04980469,0.0546875,0.85253906,-5.55419922,-41.56494141,13.671875
0.10205078,0.04052734,1.03125,-11.71875,-34.11865234,11.84082031
0.10205078,0.04052734,1.03125,-11.71875,-34.11865234,11.84082031
0.08154297,0.01806641,1.07373047,-7.62939453,-26.79443359,7.50732422
0.04101562,0.01660156,1.0234375,7.01904297,-13.18359375,1.77001953
0.06298828,0.015625,0.92871094,4.76074219,-10.31494141,0.67138672
0.06982422,0.01464844,0.91015625,-3.72314453,-7.38525391,-0.36621094
0.19873047,-0.11181641,1.01513672,-12.75634766,-6.22558594,-3.23486328
0.35253906,-0.37451172,1.02587891,-15.68603516,-11.10839844,-15.93017578
0.21191406,-0.32519531,0.95996094,-12.32910156,-16.6015625,-30.63964844
0.09667969,-0.20263672,0.97314453,-17.88330078,-22.52197266,-41.44287109
0.015625,-0.08984375,1.07373047,-14.83154297,-29.17480469,-41.44287109
-0.05419922,-0.08642578,1.08496094,-8.48388672,-46.50878906,-45.47119141
-0.07568359,-0.046875,0.93408203,-8.48388672,-46.50878906,-45.47119141
-0.12304688,-0.03369141,0.87109375,-33.93554688,-104.0649414,-41.93115234
-0.11279297,0.05712891,1.03613281,-33.93554688,-104.0649414,-41.93115234
-0.11279297,0.05712891,1.03613281,-33.93554688,-104.0649414,-41.93115234
-0.00488281,0.11572266,0.97070312,-120.7885742,-11.41357422,-20.81298828
-0.02734375,0.49609375,2.70947266,-3.66210938,-3.84521484,-6.16455078
-0.09277344,0.26611328,1.13476562,-3.66210938,-3.84521484,-6.16455078
-0.01269531,0.31738281,1.21289062,25.20751953,-7.75146484,12.02392578
0.12695312,0.08642578,0.6015625,25.20751953,-7.75146484,12.02392578
0.28369141,-0.0546875,0.77246094,-12.75634766,1.09863281,2.38037109
0.22607422,-0.0546875,0.77246094,-12.75634766,1.09863281,2.38037109
0.02587891,0.03466797,1.21582031,-6.89697266,-0.54931641,0.06103516
0.02587891,0.03466797,1.21582031,-6.89697266,-0.54931641,0.06103516
0.02587891,0.03466797,1.21582031,-6.89697266,-0.54931641,0.06103516
0.09033203,0.01660156,0.93701172,8.60595703,-2.38037109,1.83105469
0.13134766,0.01220703,1.02001953,-5.859375,-0.54931641,0.91552734
0.13134766,0.01220703,1.02001953,-5.859375,-0.54931641,0.91552734
0.13134766,0.01220703,1.02001953,-5.859375,-0.54931641,0.91552734
0.10986328,-0.00830078,1.00830078,-0.30517578,-1.70898438,5.18798828
0.07080078,-0.00927734,1.00244141,-3.05175781,-0.9765625,4.69970703
0.07080078,-0.00927734,1.00244141,-3.05175781,-0.9765625,4.69970703
0.07080078,-0.00927734,1.00244141,-3.05175781,-0.9765625,4.69970703
0.04199219,-0.04443359,1.02441406,2.01416016,-1.03759766,5.31005859
0.12548828,0.0078125,0.97949219,3.05175781,-0.85449219,4.27246094
0.12548828,0.0078125,0.97949219,3.05175781,-0.85449219,4.27246094
0.12548828,0.0078125,0.97949219,3.05175781,-0.85449219,4.27246094
0.10400391,-0.00585938,0.92578125,-2.9296875,-1.34277344,0.48828125
0.08349609,-0.01416016,1.02929688,-3.23486328,-1.40380859,1.52587891
0.08349609,-0.01416016,1.02929688,-3.23486328,-1.40380859,1.52587891
0.08349609,-0.01416016,1.02929688,-3.23486328,-1.40380859,1.52587891
0.08496094,-0.00341797,0.99658203,2.07519531,-1.22070312,3.05175781
0.09570312,0.00195312,0.98291016,-0.79345703,-1.09863281,2.38037109
0.09570312,0.00195312,0.98291016,-0.79345703,-1.09863281,2.38037109
0.09570312,0.00195312,0.98291016,-0.79345703,-1.09863281,2.38037109
0.09912109,0.00146484,1.00537109,-2.25830078,-1.15966797,2.19726562
0.08447266,-0.00195312,1.00488281,-1.15966797,-1.09863281,2.50244141
0.08447266,-0.00195312,1.00488281,-1.15966797,-1.09863281,2.50244141
0.08447266,-0.00195312,1.00488281,-1.15966797,-1.09863281,2.50244141
0.09033203,-0.00146484,0.99462891,-0.12207031,-1.15966797,1.09863281
0.09912109,0.01269531,0.98632812,-1.09863281,-1.03759766,0.61035156
0.09912109,0.01269531,0.98632812,-1.09863281,-1.03759766,0.61035156
0.09912109,0.01269531,0.98632812,-1.09863281,-1.03759766,0.61035156
0.09667969,0.046875,0.99365234,-0.67138672,-0.85449219,1.15966797
0.10253906,0.00878906,0.99951172,0.9765625,-0.9765625,1.28173828
0.10253906,0.00878906,0.99951172,0.9765625,-0.9765625,1.28173828
0.10253906,0.00878906,0.99951172,0.9765625,-0.9765625,1.28173828
0.09472656,0.00195312,0.98535156,-0.54931641,-0.91552734,0.18310547
0.09277344,0.00537109,0.99902344,0.24414062,-0.9765625,0.24414062
0.09277344,0.00537109,0.99902344,0.24414062,-0.9765625,0.24414062
0.09277344,0.00537109,0.99902344,0.24414062,-0.9765625,0.24414062
0.09375,0.00195312,0.984375,-0.12207031,-0.85449219,0.06103516
0.09570312,-0.00390625,0.99853516,-0.12207031,-0.85449219,0.18310547
0.09570312,-0.00390625,0.99853516,-0.12207031,-0.85449219,0.18310547
0.09570312,-0.00390625,0.99853516,-0.12207031,-0.85449219,0.18310547
0.09326172,0.00244141,0.98876953,0.06103516,-0.91552734,0.18310547
0.09228516,0.00146484,0.99365234,-0.18310547,-0.91552734,0.12207031
0.09228516,0.00146484,0.99365234,-0.18310547,-0.91552734,0.12207031
0.09228516,0.00146484,0.99365234,-0.18310547,-0.91552734,0.12207031
0.09375,-0.00292969,0.9921875,0,-0.85449219,0.18310547
0.09277344,0.00097656,0.99560547,-0.06103516,-0.85449219,0.18310547
0.09277344,0.00097656,0.99560547,-0.06103516,-0.85449219,0.18310547
0.09277344,0.00097656,0.99560547,-0.06103516,-0.85449219,0.18310547
0.09375,0,0.9921875,0.06103516,-0.91552734,0.12207031
0.09423828,-0.00244141,0.99365234,0,-0.9765625,0.18310547
0.09423828,-0.00244141,0.99365234,0,-0.9765625,0.18310547
0.09423828,-0.00244141,0.99365234,0,-0.9765625,0.18310547
0.09326172,0.00146484,0.99121094,0.30517578,-0.91552734,0.18310547
0.09375,0.00195312,0.99267578,-0.12207031,-0.91552734,0.12207031
0.09375,0.00195312,0.99267578,-0.12207031,-0.91552734,0.12207031
0.09375,0.00195312,0.99267578,-0.12207031,-0.91552734,0.12207031
0.09326172,-0.00048828,0.99414062,0.12207031,-0.85449219,0.18310547
0.09033203,0.00195312,0.99169922,0.12207031,-0.91552734,0.48828125
0.09033203,0.00195312,0.99169922,0.12207031,-0.91552734,0.48828125
0.09033203,0.00195312,0.99169922,0.12207031,-0.91552734,0.48828125
0.09423828,0.00292969,0.99414062,0.61035156,-0.91552734,0.61035156
0.09521484,0.00146484,0.99169922,-0.12207031,-0.85449219,0.18310547
0.09521484,0.00146484,0.99169922,-0.12207031,-0.85449219,0.18310547
0.09521484,0.00146484,0.99169922,-0.12207031,-0.85449219,0.18310547
0.09375,0.00097656,0.99853516,-0.06103516,-0.85449219,0.18310547
0.09326172,0.00097656,0.98974609,0.12207031,-0.85449219,0.18310547
0.09326172,0.00097656,0.98974609,0.12207031,-0.85449219,0.18310547
0.09326172,0.00097656,0.98974609,0.12207031,-0.85449219,0.18310547
0.09375,0.00048828,0.99365234,-0.18310547,-0.85449219,0.18310547
0.09228516,0.00048828,0.99316406,0.12207031,-0.91552734,0.12207031
0.09228516,0.00048828,0.99316406,0.12207031,-0.91552734,0.12207031
0.09228516,0.00048828,0.99316406,0.12207031,-0.91552734,0.12207031
0.09326172,0,0.99121094,-0.06103516,-0.91552734,0.18310547
0.09277344,0.00048828,0.99267578,-0.12207031,-0.91552734,0.18310547
0.09277344,0.00048828,0.99267578,-0.12207031,-0.91552734,0.18310547
0.09277344,0.00048828,0.99267578,-0.12207031,-0.91552734,0.18310547
0.09326172,0.00146484,0.99267578,0,-0.85449219,0.18310547
0.09277344,0.00048828,0.99414062,0.06103516,-0.91552734,0.18310547
0.09277344,0.00048828,0.99414062,0.06103516,-0.91552734,0.18310547
0.09277344,0.00048828,0.99414062,0.06103516,-0.91552734,0.18310547
0.09423828,-0.00537109,0.98974609,-0.06103516,-0.91552734,0.18310547
0.09326172,0,0.99511719,0.24414062,-0.9765625,0.24414062
0.09326172,0,0.99511719,0.24414062,-0.9765625,0.24414062
0.09326172,0,0.99511719,0.24414062,-0.9765625,0.24414062
0.09179688,0.00634766,0.98925781,-0.42724609,-0.91552734,0.24414062
0.09179688,0.00390625,0.99951172,0.30517578,-0.91552734,0.12207031
0.09179688,0.00390625,0.99951172,0.30517578,-0.91552734,0.12207031
0.09179688,0.00390625,0.99951172,0.30517578,-0.91552734,0.12207031
0.09326172,0.00292969,0.98779297,0.18310547,-0.91552734,0.18310547
0.09472656,-0.00048828,0.99755859,-0.36621094,-0.91552734,0.18310547
0.09472656,-0.00048828,0.99755859,-0.36621094,-0.91552734,0.18310547
0.09472656,-0.00048828,0.99755859,0,-0.91552734,0.18310547
0.09326172,0.00146484,0.99267578,0.30517578,-0.91552734,0.12207031
0.09472656,0,0.99072266,-0.12207031,-0.85449219,0.18310547
0.09472656,0,0.99072266,-0.12207031,-0.85449219,0.18310547
0.09472656,0,0.99072266,-0.24414062,-0.9765625,0.18310547
0.09570312,-0.00146484,0.99511719,0,-0.91552734,0.18310547
0.09326172,0,0.99414062,0.18310547,-0.91552734,0.12207031
0.09326172,0,0.99414062,0.18310547,-0.91552734,0.12207031
0.09326172,0,0.99414062,0,-0.85449219,0.12207031
0.09423828,-0.00048828,0.99121094,-0.12207031,-0.91552734,0.18310547
0.09423828,-0.00048828,0.99365234,0,-0.91552734,0.18310547
0.09423828,-0.00048828,0.99365234,0,-0.91552734,0.18310547
0.09375,-0.00048828,0.99316406,0.12207031,-0.91552734,0.18310547
0.09277344,-0.00097656,0.99169922,0,-0.85449219,0.18310547
0.09472656,-0.00048828,0.99316406,-0.12207031,-0.85449219,0.18310547
0.09472656,-0.00048828,0.99316406,-0.12207031,-0.85449219,0.18310547
0.09375,0.00048828,0.99414062,-0.18310547,-0.91552734,0.18310547
0.09375,0.00097656,0.99365234,0,-0.91552734,0.18310547
0.09375,0.00097656,0.99169922,0,-0.91552734,0.18310547
0.09375,0.00097656,0.99169922,0,-0.91552734,0.18310547
0.09375,0.00244141,0.99169922,0,-0.85449219,0.24414062
0.09375,0.00048828,0.99121094,-0.18310547,-0.91552734,0.24414062
0.09423828,0.00097656,0.99462891,-0.12207031,-0.85449219,0.18310547
0.09423828,0.00097656,0.99462891,-0.12207031,-0.85449219,0.18310547
0.09472656,-0.00097656,0.99462891,-0.06103516,-0.91552734,0.12207031
0.09423828,0.00244141,0.99560547,0.24414062,-0.85449219,0.12207031
0.09472656,0.00048828,0.99169922,-0.06103516,-0.91552734,0.12207031
0.09472656,0.00048828,0.99169922,-0.06103516,-0.91552734,0.12207031
0.09375,0.00292969,0.99414062,-0.24414062,-0.85449219,0.18310547
0.09423828,0,0.99609375,-0.12207031,-0.91552734,0.24414062
0.09375,0.00097656,0.99316406,0.06103516,-0.91552734,0.12207031
0.09375,0.00097656,0.99316406,0.06103516,-0.91552734,0.12207031
0.09375,0.00048828,0.99267578,0.06103516,-0.91552734,0.18310547
0.09423828,-0.00146484,0.99365234,0,-0.85449219,0.12207031
0.09423828,-0.00097656,0.99560547,0,-0.91552734,0.18310547
0.09423828,-0.00097656,0.99560547,0,-0.91552734,0.18310547
0.09423828,-0.00146484,0.99267578,-0.06103516,-0.85449219,0.18310547
0.09326172,0.00146484,0.99462891,0,-0.91552734,0.12207031
0.09423828,0,0.99365234,0,-0.91552734,0.18310547
0.09423828,0,0.99365234,0,-0.91552734,0.18310547
0.09375,0.00097656,0.99316406,0,-0.85449219,0.18310547
0.09326172,-0.00048828,0.99316406,-0.12207031,-0.85449219,0.18310547
0.09375,0.00048828,0.99462891,0,-0.79345703,0.18310547
0.09375,0.00048828,0.99462891,0,-0.79345703,0.18310547
0.09326172,0,0.99267578,0,-0.85449219,0.24414062
0.09277344,-0.00048828,0.99121094,-0.06103516,-0.91552734,0.18310547
0.09277344,-0.00048828,0.99365234,-0.18310547,-0.85449219,0.24414062
0.09277344,-0.00048828,0.99365234,-0.18310547,-0.85449219,0.24414062
0.09277344,0,0.99658203,-0.06103516,-0.85449219,0.24414062
0.09277344,0.00341797,0.99462891,-0.12207031,-0.91552734,0.24414062
0.09033203,0.00976562,0.99658203,0.18310547,-0.85449219,0
0.09033203,0.00976562,0.99658203,0.18310547,-0.85449219,0
0.09375,-0.00341797,0.99316406,0.30517578,-0.9765625,0.24414062
0.09130859,0.00488281,0.99169922,0.24414062,-0.85449219,0.12207031
0.09326172,0,0.99462891,-0.42724609,-0.91552734,0.18310547
0.09326172,0,0.99462891,-0.42724609,-0.91552734,0.18310547
0.09472656,-0.00488281,0.99462891,-0.54931641,-0.85449219,0.24414062
0.09179688,0.00292969,1.00097656,0,-0.91552734,0.06103516
0.09277344,0.00244141,0.9921875,0.73242188,-0.91552734,0.18310547
0.09277344,0.00244141,0.9921875,0.73242188,-0.91552734,0.24414062
0.09179688,0.00634766,0.98583984,-0.18310547,-0.91552734,0.24414062
0.09521484,-0.00341797,0.99121094,-0.91552734,-0.91552734,0.30517578
0.09521484,-0.00537109,1.00439453,0.54931641,-0.9765625,0.24414062
0.09521484,-0.00537109,1.00439453,0.91552734,-0.91552734,0.06103516
0.1015625,0.00439453,1.00488281,0.73242188,-0.24414062,0
0.10449219,0.00390625,0.99902344,-0.24414062,-0.30517578,0.18310547
0.10449219,0.00097656,1.01220703,-0.54931641,-0.24414062,0.18310547
0.10449219,0.00097656,1.01220703,0.30517578,-0.24414062,0.12207031
0.10400391,0.00244141,1.01220703,0.30517578,-0.24414062,0.12207031
0.10693359,0.00341797,1.00292969,0.12207031,-0.30517578,0.12207031
0.10498047,0.00097656,1.00976562,-0.73242188,-0.24414062,0.30517578
0.10498047,0.00097656,1.00976562,-0.06103516,-0.24414062,0
0.10400391,0.00341797,1.01318359,-0.06103516,-0.24414062,0
0.1015625,0.00195312,1.00585938,0.24414062,-0.30517578,0.12207031
0.1015625,0.00195312,1.00585938,-0.06103516,-0.24414062,0.24414062
0.10351562,0.00390625,1.00292969,-0.54931641,-0.24414062,0.12207031
0.10351562,0.00390625,1.00830078,-0.79345703,-0.30517578,0.24414062
0.10595703,0.00341797,1.01074219,-0.18310547,-0.24414062,0.18310547
0.10595703,0.00341797,1.01074219,0.12207031,-0.36621094,0.12207031
0.10302734,0.00585938,1.00537109,0.12207031,-0.24414062,0.18310547
0.10302734,0.00341797,1.00683594,-0.24414062,-0.24414062,0.12207031
0.1015625,0.00390625,1.00585938,-0.36621094,-0.24414062,0.06103516
0.1015625,0.00341797,1.00830078,-0.24414062,-0.24414062,0.24414062
0.10302734,0.00244141,1.00830078,-0.18310547,-0.24414062,0.06103516
0.1015625,0.00488281,1.00634766,-0.18310547,-0.24414062,0.24414062
0.10351562,0.00341797,1.0078125,-0.18310547,-0.18310547,0.06103516
0.1015625,0.00390625,1.00732422,-0.24414062,-0.24414062,0.12207031
0.10351562,0.00341797,1.0078125,-0.06103516,-0.18310547,0.18310547
0.10449219,0.00146484,1.00634766,-0.12207031,-0.24414062,0.12207031
0.10302734,0.00390625,1.00732422,-0.18310547,-0.24414062,0.18310547
0.10351562,0.00390625,1.00732422,-0.30517578,-0.24414062,0.18310547
0.10302734,0.00341797,1.00976562,-0.30517578,-0.24414062,0.12207031
0.10351562,0.00341797,1.0078125,-0.12207031,-0.24414062,0.18310547
0.10302734,0.00439453,1.00732422,-0.12207031,-0.24414062,0.12207031
0.10400391,0.00292969,1.00732422,-0.24414062,-0.24414062,0.12207031
0.10351562,0.00341797,1.00830078,-0.18310547,-0.18310547,0.12207031
0.10302734,0.00244141,1.00683594,-0.24414062,-0.24414062,0.18310547
0.10400391,0.00195312,1.0078125,-0.30517578,-0.18310547,0.18310547
0.10351562,0.00292969,1.00732422,-0.36621094,-0.24414062,0.12207031
0.10400391,0.00292969,1.00976562,-0.18310547,-0.18310547,0.18310547
0.10253906,0.00244141,1.00585938,-0.06103516,-0.18310547,0.12207031
0.10351562,0.00244141,1.00585938,-0.30517578,-0.24414062,0.18310547
0.10400391,0.00341797,1.0078125,-0.36621094,-0.18310547,0.18310547
0.10351562,0.00244141,1.00878906,-0.24414062,-0.24414062,0.12207031
0.10351562,0.00292969,1.00732422,-0.18310547,-0.24414062,0.12207031
0.10498047,0.00390625,1.00634766,-0.18310547,-0.24414062,0.12207031
0.1015625,0.00390625,1.00683594,-0.36621094,-0.24414062,0.12207031
0.10400391,0.00244141,1.00830078,-0.36621094,-0.18310547,0.18310547
0.10351562,0.00292969,1.00927734,-0.24414062,-0.24414062,0.12207031
0.10253906,0.00292969,1.00830078,-0.18310547,-0.24414062,0.12207031
0.10302734,0.00390625,1.00683594,0,-0.18310547,0.12207031
0.10302734,0.00195312,1.0078125,-0.24414062,-0.30517578,0.12207031
0.1015625,0.00292969,1.0078125,-0.30517578,-0.24414062,0.18310547
0.10205078,0.00292969,1.0078125,-0.30517578,-0.24414062,0.12207031
0.10205078,0.00341797,1.00732422,-0.30517578,-0.30517578,0.12207031
0.10302734,0.00341797,1.00927734,-0.24414062,-0.18310547,0.12207031
0.10253906,0.00439453,1.00927734,-0.06103516,-0.24414062,0.12207031
0.10253906,0.00292969,1.00634766,-0.06103516,-0.24414062,0.24414062
0.10253906,0.00292969,1.00634766,-0.36621094,-0.30517578,0.06103516
0.10009766,0.00439453,1.00878906,-0.36621094,-0.24414062,0.18310547
0.10302734,0.00195312,1.00976562,-0.18310547,-0.24414062,0.18310547
0.10107422,0.00341797,1.0078125,-0.12207031,-0.24414062,0.06103516
0.10253906,0.00439453,1.00634766,-0.12207031,-0.24414062,0.18310547
0.10205078,0.00390625,1.00634766,-0.30517578,-0.24414062,0.06103516
0.1015625,0.00341797,1.00732422,-0.36621094,-0.30517578,0.12207031
0.10302734,0.00195312,1.00976562,-0.18310547,-0.24414062,0.12207031
0.10205078,0.00244141,1.0078125,-0.06103516,-0.30517578,0.12207031
0.10302734,0.00244141,1.00683594,-0.18310547,-0.30517578,0.12207031
0.10400391,0.00195312,1.00634766,-0.30517578,-0.30517578,0.12207031
0.10400391,0.00146484,1.00927734,-0.30517578,-0.30517578,0.12207031
0.10351562,0.00195312,1.00878906,-0.12207031,-0.24414062,0.18310547
0.10302734,0.00195312,1.0078125,-0.12207031,-0.30517578,0.06103516
0.10351562,0.00292969,1.00634766,-0.18310547,-0.30517578,0.12207031
0.10302734,0.00390625,1.00732422,-0.24414062,-0.24414062,0.18310547
0.10400391,0.00292969,1.0078125,-0.24414062,-0.24414062,0.12207031
0.10449219,0.00292969,1.00830078,-0.18310547,-0.24414062,0.12207031
0.10351562,0.00292969,1.00683594,-0.18310547,-0.30517578,0.12207031
0.10351562,0.00244141,1.0078125,-0.18310547,-0.24414062,0.12207031
0.10351562,0.00390625,1.00683594,-0.18310547,-0.24414062,0.12207031
0.10400391,0.00244141,1.00683594,-0.24414062,-0.24414062,0.18310547
0.10351562,0.00390625,1.00683594,-0.30517578,-0.30517578,0.12207031
0.10351562,0.00292969,1.00830078,-0.30517578,-0.30517578,0.12207031
0.10302734,0.00341797,1.00830078,-0.18310547,-0.24414062,0.12207031
0.10302734,0.00341797,1.00732422,-0.06103516,-0.24414062,0.06103516
0.10400391,0.00439453,1.00585938,-0.24414062,-0.24414062,0.12207031
0.10302734,0.00341797,1.0078125,-0.30517578,-0.24414062,0.12207031
0.10302734,0.00292969,1.00976562,-0.30517578,-0.24414062,0.12207031
0.10302734,0.00244141,1.00927734,-0.12207031,-0.24414062,0.18310547
0.10253906,0.00341797,1.00537109,0.12207031,-0.24414062,0.12207031
0.10253906,0.00390625,1.00585938,-0.36621094,-0.24414062,0.18310547
0.10253906,0.00292969,1.00976562,-0.54931641,-0.24414062,0.18310547
0.10302734,0.00097656,1.01269531,-0.18310547,-0.30517578,0.12207031
0.10302734,0.00244141,1.0078125,0.18310547,-0.30517578,0.18310547
0.10351562,0.00341797,1.00244141,-0.06103516,-0.18310547,0.12207031
0.10302734,0.00292969,1.00732422,-0.67138672,-0.24414062,0.12207031
0.10302734,0.00341797,1.01269531,-0.30517578,-0.18310547,0.12207031
0.10400391,0.00390625,1.01074219,0.06103516,-0.30517578,0.12207031
0.10351562,0.00390625,1.00390625,0,-0.24414062,0.12207031
0.10400391,0.00244141,1.00439453,-0.24414062,-0.18310547,0.12207031
0.10351562,0.00390625,1.00732422,-0.30517578,-0.24414062,0.12207031
0.10449219,0.00292969,1.00732422,-0.24414062,-0.18310547,0.12207031
0.10449219,0.00292969,1.00878906,-0.24414062,-0.18310547,0.12207031
0.10351562,0.00292969,1.00878906,-0.24414062,-0.30517578,0.18310547
0.10400391,0.00390625,1.00878906,-0.06103516,-0.24414062,0.12207031
0.10400391,0.00341797,1.00634766,-0.18310547,-0.24414062,0.18310547
0.10351562,0.00341797,1.0078125,-0.18310547,-0.24414062,0.12207031
0.10400391,0.00292969,1.00634766,-0.18310547,-0.24414062,0.12207031
0.10449219,0.00195312,1.00732422,-0.18310547,-0.24414062,0.18310547
0.10253906,0.00244141,1.0078125,-0.30517578,-0.18310547,0.12207031
0.10400391,0.00195312,1.00976562,-0.36621094,-0.24414062,0.18310547
0.10302734,0.00146484,1.00878906,-0.06103516,-0.18310547,0.12207031
0.10205078,0.00390625,1.00683594,0.06103516,-0.24414062,0.12207031
0.10302734,0.00292969,1.00488281,-0.12207031,-0.18310547,0.18310547
0.10253906,0.00146484,1.00585938,-0.30517578,-0.18310547,0.12207031
0.10351562,0.00292969,1.0078125,-0.30517578,-0.24414062,0.06103516
0.10205078,0.00146484,1.01025391,-0.18310547,-0.24414062,0.12207031
0.10400391,0.00244141,1.00976562,-0.18310547,-0.24414062,0.12207031
0.10205078,0.00195312,1.00732422,-0.24414062,-0.30517578,0.12207031
0.10058594,0.00390625,1.00878906,-0.12207031,-0.24414062,0.12207031
0.10205078,0.00195312,1.00585938,-0.12207031,-0.24414062,0.12207031
0.1015625,0.00244141,1.00488281,-0.24414062,-0.18310547,0.12207031
0.10302734,0.00244141,1.00732422,-0.42724609,-0.30517578,0.12207031
0.10302734,0.00097656,1.00976562,-0.30517578,-0.18310547,0.12207031
0.10253906,0.00292969,1.00878906,0,-0.18310547,0.12207031
0.10205078,0.00146484,1.0078125,0.06103516,-0.30517578,0.18310547
0.10058594,0.00439453,1.00537109,-0.06103516,-0.24414062,0.12207031
0.10205078,0.00390625,1.00585938,-0.42724609,-0.30517578,0.12207031
0.10253906,0.00341797,1.00732422,-0.42724609,-0.24414062,0.12207031
0.10205078,0.00341797,1.00927734,-0.18310547,-0.24414062,0.12207031
0.10351562,0.00390625,1.00830078,-0.12207031,-0.30517578,0.12207031
0.10302734,0.00439453,1.00683594,-0.06103516,-0.24414062,0.12207031
0.10253906,0.00488281,1.00537109,-0.24414062,-0.24414062,0.12207031
0.10302734,0.00341797,1.00683594,-0.30517578,-0.24414062,0.12207031
0.10351562,0.00390625,1.00878906,-0.18310547,-0.24414062,0.18310547
0.10351562,0.00390625,1.00830078,-0.18310547,-0.30517578,0.12207031
0.10400391,0.00390625,1.00927734,-0.12207031,-0.24414062,0.12207031
0.10302734,0.00195312,1.0078125,-0.06103516,-0.30517578,0.06103516
0.10449219,0.00244141,1.00634766,-0.12207031,-0.30517578,0.18310547
0.10400391,0.00390625,1.00683594,-0.30517578,-0.30517578,0.12207031
0.10302734,0.00341797,1.00878906,-0.48828125,-0.24414062,0.18310547
0.10302734,0.00195312,1.01025391,-0.24414062,-0.24414062,0.18310547
0.10302734,0.00195312,1.00878906,0,-0.24414062,0.06103516
0.10449219,0.00146484,1.00683594,-0.06103516,-0.30517578,0.18310547
0.10205078,0.00244141,1.00585938,-0.24414062,-0.24414062,0.12207031
0.10253906,0.00292969,1.00732422,-0.36621094,-0.30517578,0.12207031
0.10302734,0.00195312,1.00830078,-0.24414062,-0.24414062,0.12207031
0.10351562,0.00292969,1.0078125,-0.06103516,-0.24414062,0.06103516
0.10302734,0.00341797,1.00732422,-0.12207031,-0.24414062,0.12207031
0.10351562,0.00195312,1.00732422,-0.18310547,-0.18310547,0.18310547
0.10351562,0.00195312,1.00830078,-0.24414062,-0.24414062,0.18310547
0.10351562,0.00244141,1.0078125,-0.18310547,-0.30517578,0.12207031
0.10205078,0.00244141,1.00683594,-0.24414062,-0.24414062,0.12207031
0.10253906,0.00244141,1.00830078,-0.30517578,-0.30517578,0.18310547
0.10205078,0.00341797,1.00878906,-0.12207031,-0.24414062,0.12207031
0.10302734,0.00341797,1.0078125,-0.12207031,-0.24414062,0.12207031
0.10302734,0.00439453,1.00732422,-0.18310547,-0.24414062,0.18310547
0.10253906,0.00341797,1.00732422,-0.36621094,-0.24414062,0.12207031
0.10351562,0.00390625,1.0078125,-0.30517578,-0.30517578,0.18310547
0.10351562,0.00292969,1.00878906,-0.12207031,-0.24414062,0.18310547
0.10302734,0.00341797,1.00732422,-0.18310547,-0.24414062,0.12207031
0.10351562,0.00341797,1.00634766,-0.12207031,-0.24414062,0.18310547
0.10351562,0.00390625,1.00585938,-0.18310547,-0.24414062,0.12207031
0.10351562,0.00244141,1.00683594,-0.42724609,-0.30517578,0.12207031
0.10400391,0.00341797,1.00927734,-0.24414062,-0.24414062,0.12207031
0.10351562,0.00390625,1.00878906,-0.12207031,-0.30517578,0.06103516
0.10351562,0.00195312,1.00732422,-0.06103516,-0.24414062,0.12207031
0.10351562,0.00341797,1.00634766,-0.12207031,-0.24414062,0.06103516
0.10400391,0.00292969,1.00732422,-0.30517578,-0.18310547,0.18310547
0.10351562,0.00341797,1.00683594,-0.18310547,-0.18310547,0.18310547
0.10449219,0.00292969,1.0078125,-0.18310547,-0.24414062,0.18310547
0.10400391,0.00244141,1.00732422,-0.24414062,-0.30517578,0.18310547
0.10302734,0.00244141,1.00878906,-0.30517578,-0.24414062,0.24414062
0.10302734,0.00244141,1.01025391,-0.30517578,-0.24414062,0.24414062
0.10400391,0.00146484,1.00634766,-0.06103516,-0.24414062,0.06103516
0.10205078,0.00244141,1.00488281,-0.18310547,-0.24414062,0.06103516
0.10205078,0.00244141,1.00488281,-0.18310547,-0.24414062,0.06103516
0.10205078,0.00292969,1.00683594,-0.18310547,-0.18310547,0.18310547
0.10400391,0.00195312,1.00878906,-0.12207031,-0.18310547,0.12207031
0.10107422,0.00097656,1.00976562,-0.12207031,-0.18310547,0.12207031
0.10107422,0.00097656,1.00976562,-0.12207031,-0.18310547,0.12207031
0.10351562,0.00097656,1.00976562,-0.18310547,-0.24414062,0.12207031
0.10058594,0.00341797,1.00488281,-0.48828125,-0.24414062,0.12207031
0.10449219,0.00341797,1.00878906,-0.48828125,-0.24414062,0.12207031
0.10449219,0.00341797,1.00878906,-0.48828125,-0.24414062,0.12207031
0.10253906,0.00341797,1.00878906,-0.30517578,-0.30517578,0.12207031
0.10498047,0.00292969,1.00927734,-0.12207031,-0.24414062,0.18310547
0.10449219,0.00048828,1.00878906,-0.12207031,-0.24414062,0.18310547
0.10449219,0.00048828,1.00878906,-0.12207031,-0.24414062,0.18310547
0.10498047,0.00048828,1.00732422,-0.24414062,-0.24414062,0.30517578
0.10205078,0.00488281,1.00732422,-0.30517578,-0.18310547,0.24414062
0.10302734,0.00390625,1.00830078,-0.30517578,-0.18310547,0.24414062
0.10302734,0.00390625,1.00830078,-0.30517578,-0.18310547,0.24414062
0.10498047,0.00292969,1.00927734,-0.12207031,-0.30517578,0.12207031
0.10253906,0.00390625,1.00732422,-0.30517578,-0.24414062,0.12207031
0.10302734,0.00292969,1.00683594,-0.30517578,-0.24414062,0.12207031
0.10302734,0.00292969,1.00683594,-0.30517578,-0.24414062,0.12207031
0.10205078,0.00195312,1.00830078,-0.18310547,-0.24414062,0.12207031
0.10351562,0.00244141,1.00830078,0,-0.18310547,0.12207031
0.10253906,0.00146484,1.00683594,0,-0.18310547,0.12207031
0.10253906,0.00146484,1.00683594,0,-0.18310547,0.12207031
0.10302734,0.00244141,1.00683594,-0.24414062,-0.24414062,0.12207031
0.10253906,0.00341797,1.00732422,-0.18310547,-0.24414062,0.12207031
0.10400391,0.00244141,1.00732422,-0.18310547,-0.24414062,0.12207031
0.10400391,0.00244141,1.00732422,-0.18310547,-0.24414062,0.12207031
0.10400391,0.00146484,1.00585938,-0.06103516,-0.24414062,0.12207031
0.10449219,0.00195312,1.0078125,-0.24414062,-0.18310547,0.18310547
0.10351562,0.00195312,1.0078125,-0.24414062,-0.18310547,0.18310547
0.10351562,0.00195312,1.0078125,-0.24414062,-0.18310547,0.18310547
0.10546875,0.00390625,1.00878906,-0.12207031,-0.18310547,0.12207031
0.10546875,0.00537109,1.0078125,-0.18310547,-0.18310547,0.18310547
0.10546875,0.00537109,1.0078125,-0.18310547,-0.18310547,0.18310547
0.10546875,0.00537109,1.0078125,-0.18310547,-0.18310547,0.18310547
0.10400391,0.00244141,1.00878906,-0.36621094,-0.24414062,0.06103516
0.10400391,0.00244141,1.00878906,-0.12207031,-0.24414062,0.12207031
0.10400391,0.00244141,1.00878906,-0.12207031,-0.24414062,0.12207031
0.10400391,0.00244141,1.00878906,-0.12207031,-0.24414062,0.12207031
0.10351562,0.00292969,1.00683594,-0.24414062,-0.24414062,0.18310547
0.10400391,0.00341797,1.00878906,-0.18310547,-0.24414062,0.18310547
0.10400391,0.00341797,1.00878906,-0.18310547,-0.24414062,0.18310547
0.10400391,0.00341797,1.00878906,-0.18310547,-0.24414062,0.18310547
0.10058594,0.00341797,1.01074219,-0.42724609,-0.30517578,0.42724609
0.10351562,0.00097656,1.00830078,-0.06103516,-0.24414062,0.24414062
0.10351562,0.00097656,1.00830078,-0.06103516,-0.24414062,0.24414062
0.10351562,0.00097656,1.00830078,-0.06103516,-0.24414062,0.24414062
0.10253906,0.00292969,1.00537109,-0.48828125,-0.30517578,0.06103516
0.10253906,0.00292969,1.00537109,-0.48828125,-0.30517578,0.06103516
0.10351562,0.00146484,1.00976562,-0.12207031,-0.18310547,0.18310547
0.1015625,0.00244141,1.00537109,-0.24414062,-0.18310547,0.12207031
0.1015625,0.00244141,1.00537109,-0.24414062,-0.18310547,0.12207031
0.1015625,0.00244141,1.00537109,-0.24414062,-0.18310547,0.12207031
0.10400391,0.00195312,1.01074219,-0.12207031,-0.24414062,0.12207031
0.10253906,0.00390625,1.00537109,-0.30517578,-0.12207031,0.18310547
0.10253906,0.00390625,1.00537109,-0.30517578,-0.12207031,0.18310547
0.10253906,0.00390625,1.00537109,-0.30517578,-0.12207031,0.18310547
0.1015625,0.00244141,1.01074219,-0.18310547,-0.30517578,0
0.10205078,0.00390625,1.00683594,-0.12207031,-0.12207031,0.24414062
0.10205078,0.00390625,1.00683594,-0.12207031,-0.12207031,0.24414062
0.10205078,0.00390625,1.00683594,-0.12207031,-0.12207031,0.24414062
0.10302734,0.00390625,1.0078125,-0.06103516,-0.18310547,0.06103516
0.10400391,0.00488281,1.00732422,-0.24414062,-0.18310547,0.18310547
0.10400391,0.00488281,1.00732422,-0.24414062,-0.18310547,0.18310547
0.10400391,0.00488281,1.00732422,-0.24414062,-0.18310547,0.18310547
0.10205078,0.00439453,1.00878906,-0.18310547,-0.24414062,0.12207031
0.10205078,0.00439453,1.00878906,-0.18310547,-0.24414062,0.12207031
0.10253906,0.00585938,1.00683594,-0.12207031,-0.24414062,0.06103516
0.10253906,0.00585938,1.00683594,-0.12207031,-0.24414062,0.06103516
0.10400391,0.00292969,1.0078125,-0.24414062,-0.12207031,0.12207031
0.10400391,0.00292969,1.0078125,-0.24414062,-0.12207031,0.12207031
0.10400391,0.00195312,1.00878906,-0.18310547,-0.30517578,0.18310547
0.10400391,0.00195312,1.00878906,-0.18310547,-0.30517578,0.18310547
0.10058594,0.00244141,1.0078125,-0.30517578,-0.18310547,0.18310547
0.10058594,0.00244141,1.0078125,-0.30517578,-0.18310547,0.18310547
0.1015625,0.00048828,1.00683594,-0.12207031,-0.30517578,0.06103516
0.1015625,0.00048828,1.00683594,-0.12207031,-0.30517578,0.06103516
0.10058594,0,1.0078125,-0.24414062,-0.24414062,0.18310547
0.10058594,0,1.0078125,-0.24414062,-0.24414062,0.18310547
0.1015625,0,1.00830078,-0.12207031,-0.30517578,0.18310547
0.1015625,0,1.00830078,-0.12207031,-0.30517578,0.18310547
0.1015625,0.00146484,1.0078125,-0.24414062,-0.36621094,0.12207031
0.1015625,0.00146484,1.0078125,-0.24414062,-0.36621094,0.12207031
0.10009766,0.00244141,1.0078125,-0.24414062,-0.24414062,0.12207031
0.10009766,0.00244141,1.0078125,-0.24414062,-0.24414062,0.12207031
0.10205078,0.00195312,1.00585938,-0.24414062,-0.36621094,0.12207031
0.10205078,0.00195312,1.00585938,-0.24414062,-0.36621094,0.12207031
0.10302734,0.00292969,1.00927734,-0.18310547,-0.30517578,0.18310547
0.10302734,0.00292969,1.00927734,-0.18310547,-0.30517578,0.18310547
0.10351562,0.00390625,1.00683594,-0.18310547,-0.24414062,0.18310547
0.10351562,0.00390625,1.00683594,-0.18310547,-0.24414062,0.18310547
0.10302734,0.00390625,1.0078125,-0.18310547,-0.24414062,0.18310547
0.10302734,0.00390625,1.0078125,-0.18310547,-0.24414062,0.18310547
0.10546875,0.00439453,1.0078125,-0.18310547,-0.30517578,0.12207031
0.10546875,0.00439453,1.0078125,-0.18310547,-0.30517578,0.12207031
0.10351562,0.00341797,1.0078125,-0.24414062,-0.24414062,0.12207031
0.10351562,0.00341797,1.0078125,-0.24414062,-0.24414062,0.12207031
0.10351562,0.00244141,1.00732422,-0.06103516,-0.30517578,0.12207031
0.10351562,0.00244141,1.00732422,-0.06103516,-0.30517578,0.12207031
0.10351562,0.00390625,1.0078125,-0.24414062,-0.30517578,0.12207031
0.10351562,0.00390625,1.0078125,-0.24414062,-0.30517578,0.12207031
0.10302734,0.00244141,1.0078125,-0.12207031,-0.30517578,0.18310547
0.10302734,0.00244141,1.0078125,-0.12207031,-0.30517578,0.18310547
0.10351562,0.00146484,1.0078125,-0.36621094,-0.30517578,0.18310547
0.10351562,0.00146484,1.0078125,-0.36621094,-0.30517578,0.18310547
0.10351562,0.00097656,1.00927734,-0.12207031,-0.24414062,0.18310547
0.10351562,0.00097656,1.00927734,-0.12207031,-0.24414062,0.18310547
0.10400391,0.00341797,1.00488281,-0.30517578,-0.30517578,0.18310547
0.10400391,0.00341797,1.00488281,-0.30517578,-0.30517578,0.18310547
0.10253906,0.00146484,1.01074219,-0.12207031,-0.18310547,0.24414062
0.10253906,0.00146484,1.01074219,-0.12207031,-0.18310547,0.24414062
0.10400391,0.00195312,1.00488281,-0.12207031,-0.24414062,0.12207031
0.10400391,0.00195312,1.00488281,-0.12207031,-0.24414062,0.12207031
0.10351562,0.00292969,1.00976562,-0.54931641,-0.24414062,0.18310547
0.10351562,0.00292969,1.00976562,-0.54931641,-0.24414062,0.18310547
0.10253906,0.00439453,1.0078125,0.12207031,-0.24414062,0.06103516
0.10253906,0.00439453,1.0078125,0.12207031,-0.24414062,0.06103516
0.10351562,0.00390625,1.00830078,-0.30517578,-0.18310547,0.18310547
0.10351562,0.00390625,1.00830078,-0.30517578,-0.18310547,0.18310547
0.10302734,0.00390625,1.00830078,-0.12207031,-0.24414062,0.12207031
0.10302734,0.00390625,1.00830078,-0.12207031,-0.24414062,0.12207031
0.10253906,0.00390625,1.00976562,-0.42724609,-0.24414062,0.18310547
0.10253906,0.00390625,1.00976562,-0.42724609,-0.24414062,0.18310547
0.10351562,0.00292969,1.00732422,0,-0.30517578,0.06103516
0.10351562,0.00292969,1.00732422,0,-0.30517578,0.06103516
0.10205078,0.00390625,1.00878906,-0.61035156,-0.24414062,0.06103516
0.10205078,0.00390625,1.00878906,-0.61035156,-0.24414062,0.06103516
0.10546875,0.00292969,1.00878906,0.06103516,-0.24414062,0.06103516
0.10546875,0.00292969,1.00878906,0.06103516,-0.24414062,0.06103516
0.10449219,0.00097656,1.00683594,-0.61035156,-0.18310547,0.12207031
0.10449219,0.00097656,1.00683594,-0.61035156,-0.18310547,0.12207031
0.10595703,-0.00244141,1.0078125,0.12207031,-0.30517578,0.12207031
0.10595703,-0.00244141,1.0078125,0.12207031,-0.30517578,0.12207031
0.09960938,0.00830078,1.00683594,-0.48828125,-0.18310547,0.18310547
0.09960938,0.00830078,1.00683594,-0.48828125,-0.18310547,0.18310547
0.10400391,0.00146484,1.00976562,0.06103516,-0.24414062,0.12207031
0.10400391,0.00146484,1.00976562,0.06103516,-0.24414062,0.12207031
0.10253906,0.00292969,1.00585938,-0.18310547,-0.12207031,0.18310547
0.10253906,0.00292969,1.00585938,-0.18310547,-0.12207031,0.18310547
0.1015625,0.00244141,1.00878906,-0.18310547,-0.18310547,0.06103516
0.1015625,0.00244141,1.00878906,-0.18310547,-0.18310547,0.06103516
0.10253906,0.00439453,1.0078125,-0.18310547,-0.24414062,0.12207031
0.10253906,0.00439453,1.0078125,-0.18310547,-0.24414062,0.12207031
0.10107422,0.00439453,1.00878906,-0.18310547,-0.18310547,0.12207031
0.10107422,0.00439453,1.00878906,-0.18310547,-0.18310547,0.12207031
0.10107422,0.00439453,1.00634766,-0.18310547,-0.24414062,0.12207031
0.10107422,0.00439453,1.00634766,-0.18310547,-0.24414062,0.12207031
0.10107422,0.00292969,1.00878906,-0.18310547,-0.24414062,0.12207031
0.10107422,0.00292969,1.00878906,-0.18310547,-0.24414062,0.12207031
0.10302734,0.00292969,1.00732422,-0.24414062,-0.24414062,0.12207031
0.10302734,0.00292969,1.00732422,-0.24414062,-0.24414062,0.12207031
0.10302734,0.00439453,1.00732422,-0.30517578,-0.36621094,0.12207031
0.10302734,0.00439453,1.00732422,-0.30517578,-0.36621094,0.12207031
0.10302734,0.00244141,1.0078125,-0.36621094,-0.30517578,0.12207031
0.10302734,0.00244141,1.0078125,-0.36621094,-0.30517578,0.12207031
0.10498047,0.00390625,1.00830078,-0.12207031,-0.36621094,0.06103516
0.10498047,0.00390625,1.00830078,-0.12207031,-0.36621094,0.06103516
0.1015625,0.00292969,1.00732422,-0.30517578,-0.30517578,0.12207031
0.1015625,0.00292969,1.00732422,-0.30517578,-0.30517578,0.12207031
0.10302734,0.00048828,1.0078125,-0.24414062,-0.30517578,0.18310547
0.10302734,0.00048828,1.0078125,-0.24414062,-0.30517578,0.18310547
0.10302734,0.00146484,1.00976562,-0.30517578,-0.24414062,0.18310547
0.10302734,0.00146484,1.00976562,-0.30517578,-0.24414062,0.18310547
0.10351562,-0.00048828,1.00830078,-0.24414062,-0.30517578,0.18310547
0.10351562,-0.00048828,1.00830078,-0.24414062,-0.30517578,0.18310547
0.1015625,0.00244141,1.0078125,-0.18310547,-0.30517578,0.18310547
0.1015625,0.00244141,1.0078125,-0.18310547,-0.30517578,0.18310547
0.10351562,0.00195312,1.00878906,-0.30517578,-0.30517578,0.12207031
0.10351562,0.00195312,1.00878906,-0.30517578,-0.30517578,0.12207031
0.10302734,0.00292969,1.00830078,-0.18310547,-0.30517578,0.12207031
0.10302734,0.00292969,1.00830078,-0.18310547,-0.30517578,0.12207031
0.10205078,0.00439453,1.0078125,-0.24414062,-0.24414062,0.12207031
0.09277344,0.00195312,0.99169922,0,-0.91552734,0.18310547
0.09423828,0.00048828,0.9921875,0.12207031,-0.91552734,0.18310547
0.09423828,0.00048828,0.9921875,0.12207031,-0.91552734,0.18310547
0.09521484,0.00146484,0.98974609,-0.06103516,-0.91552734,0.18310547
0.09521484,0.00146484,0.98974609,-0.06103516,-0.91552734,0.18310547
0.09619141,0.00195312,0.99316406,-0.06103516,-0.9765625,0.12207031
0.09619141,0.00195312,0.99316406,-0.06103516,-0.9765625,0.12207031
0.09521484,0,0.99072266,0.06103516,-0.9765625,0.18310547
0.09521484,0,0.99072266,0.06103516,-0.9765625,0.18310547
0.09375,0.00146484,0.99365234,-0.12207031,-0.85449219,0.24414062
0.09375,0.00146484,0.99365234,-0.12207031,-0.85449219,0.24414062
0.09375,0,0.99072266,0.06103516,-0.85449219,0.24414062
0.09375,0,0.99072266,0.06103516,-0.85449219,0.24414062
0.09326172,-0.00097656,0.99462891,0,-0.91552734,0.24414062
0.09326172,-0.00097656,0.99462891,0,-0.91552734,0.24414062
0.09179688,-0.00146484,0.99462891,0.06103516,-0.91552734,0.18310547
0.09179688,-0.00146484,0.99462891,0.06103516,-0.91552734,0.18310547
0.09228516,-0.00292969,0.99609375,0,-0.85449219,0.18310547
0.09228516,-0.00292969,0.99609375,0,-0.85449219,0.18310547
0.09326172,-0.00341797,0.99169922,0.06103516,-0.91552734,0.18310547
0.09326172,-0.00341797,0.99169922,0.06103516,-0.91552734,0.18310547
0.09326172,-0.00195312,0.99462891,-0.06103516,-0.91552734,0.18310547
0.09326172,-0.00195312,0.99462891,-0.06103516,-0.91552734,0.18310547
0.09472656,0,0.99023438,0.18310547,-0.91552734,0.18310547
0.09472656,0,0.99023438,0.18310547,-0.91552734,0.18310547
0.09423828,0.00097656,0.98974609,-0.06103516,-0.85449219,0.12207031
0.09423828,0.00097656,0.98974609,-0.06103516,-0.85449219,0.12207031
0.09472656,0.00195312,0.9921875,0.06103516,-0.85449219,0.18310547
0.09472656,0.00195312,0.9921875,0.06103516,-0.85449219,0.18310547
0.09472656,0.00195312,0.99365234,0,-0.79345703,0.18310547
0.09472656,0.00195312,0.99365234,0,-0.79345703,0.18310547
0.09521484,0.00439453,0.99267578,0.06103516,-0.91552734,0.18310547
0.09521484,0.00439453,0.99267578,0.06103516,-0.91552734,0.18310547
0.09423828,0.00439453,0.99121094,0.06103516,-0.91552734,0.24414062
0.09423828,0.00439453,0.99121094,0.06103516,-0.91552734,0.24414062
0.09375,0.00292969,0.99072266,-0.06103516,-0.91552734,0.18310547
0.09375,0.00292969,0.99072266,-0.06103516,-0.91552734,0.18310547
0.09228516,0.00048828,0.99658203,-0.12207031,-0.85449219,0.18310547
0.09228516,0.00048828,0.99658203,-0.12207031,-0.85449219,0.18310547
0.09277344,-0.00097656,0.99511719,0,-0.85449219,0.12207031
0.09277344,-0.00097656,0.99511719,0,-0.85449219,0.12207031
0.09277344,-0.00439453,0.99267578,-0.12207031,-0.9765625,0.06103516
0.09277344,-0.00439453,0.99267578,-0.12207031,-0.9765625,0.06103516
0.09277344,-0.00439453,0.99462891,-0.12207031,-0.91552734,0.06103516
0.09277344,-0.00439453,0.99462891,-0.12207031,-0.91552734,0.06103516
0.09375,-0.00341797,0.99365234,-0.06103516,-0.91552734,0.06103516
0.09375,-0.00341797,0.99365234,-0.06103516,-0.91552734,0.06103516
0.09375,-0.00097656,0.99121094,0.18310547,-0.73242188,0.18310547
0.09375,-0.00097656,0.99121094,0.18310547,-0.73242188,0.18310547
0.09765625,-0.00390625,0.98925781,-0.06103516,-0.9765625,0.18310547
0.09765625,-0.00390625,0.98925781,-0.06103516,-0.9765625,0.18310547
0.09082031,0.00097656,0.99658203,-0.06103516,-0.79345703,0.30517578
0.09082031,0.00097656,0.99658203,-0.06103516,-0.79345703,0.30517578
0.09472656,-0.00048828,0.99023438,0.24414062,-0.91552734,0.18310547
0.09472656,-0.00048828,0.99023438,0.24414062,-0.91552734,0.18310547
0.09179688,0,0.9921875,-0.24414062,-0.85449219,0.30517578
0.09179688,0,0.9921875,-0.24414062,-0.85449219,0.30517578
0.09130859,0,0.99365234,0.12207031,-0.85449219,0.24414062
0.09130859,0,0.99365234,0.12207031,-0.85449219,0.24414062
0.09179688,0.00048828,0.99267578,-0.12207031,-0.85449219,0.18310547
0.09179688,0.00048828,0.99267578,-0.12207031,-0.85449219,0.18310547
0.09082031,0.00048828,0.99316406,0.06103516,-0.9765625,0.12207031
0.09082031,0.00048828,0.99316406,0.06103516,-0.9765625,0.12207031
0.09179688,0.00195312,0.99316406,-0.18310547,-0.9765625,0.06103516
0.09179688,0.00195312,0.99316406,-0.18310547,-0.9765625,0.06103516
0.09228516,0.00195312,0.99365234,-0.06103516,-0.91552734,0.12207031
0.09228516,0.00195312,0.99365234,-0.06103516,-0.91552734,0.12207031
0.09228516,0.00244141,0.99365234,0,-0.85449219,0.06103516
0.09228516,0.00244141,0.99365234,0,-0.85449219,0.06103516
0.09423828,-0.00244141,0.99414062,0,-0.85449219,0.18310547
0.09423828,-0.00244141,0.99414062,0,-0.85449219,0.18310547
0.09375,-0.00195312,0.99365234,0.06103516,-0.91552734,0.24414062
0.09375,-0.00195312,0.99365234,0.06103516,-0.91552734,0.24414062
0.09423828,-0.00488281,0.99804688,0.12207031,-0.91552734,0.30517578
0.09423828,-0.00488281,0.99804688,0.12207031,-0.91552734,0.30517578
0.09326172,0,0.98681641,-0.06103516,-0.85449219,0.18310547
0.09326172,0,0.98681641,-0.06103516,-0.85449219,0.18310547
0.09326172,-0.00439453,0.99658203,-0.06103516,-0.79345703,0.30517578
0.09375,-0.0078125,0.99658203,0.12207031,-0.91552734,0.18310547
0.09326172,-0.00244141,0.99072266,-0.06103516,-0.85449219,0.18310547
0.09326172,-0.00244141,0.99072266,-0.06103516,-0.85449219,0.18310547
0.09326172,-0.00048828,0.99267578,0.24414062,-0.91552734,0.06103516
0.09326172,-0.00048828,0.99267578,0.24414062,-0.91552734,0.06103516
0.09130859,0.00146484,0.99121094,0.18310547,-0.79345703,0.18310547
0.09130859,0.00146484,0.99121094,0.18310547,-0.79345703,0.18310547
0.09277344,0.00292969,0.98632812,0.12207031,-0.91552734,0.12207031
0.09277344,0.00292969,0.98632812,0.12207031,-0.91552734,0.12207031
0.09423828,-0.00048828,0.9921875,0.12207031,-0.85449219,0.24414062
0.09423828,-0.00048828,0.9921875,0.12207031,-0.85449219,0.24414062
0.09179688,0.00683594,0.98925781,0.12207031,-0.91552734,0.30517578
0.09179688,0.00683594,0.98925781,0.12207031,-0.91552734,0.30517578
0.09326172,0.00390625,0.99316406,0.12207031,-0.91552734,0.24414062
0.09326172,0.00390625,0.99316406,0.12207031,-0.91552734,0.24414062
0.09326172,0.00048828,0.99267578,0.06103516,-0.85449219,0.30517578
0.09326172,0.00048828,0.99267578,0.06103516,-0.85449219,0.30517578
0.09423828,0,0.9921875,0.06103516,-0.91552734,0.24414062
0.09423828,0,0.9921875,0.06103516,-0.91552734,0.24414062
0.09423828,-0.00146484,0.99316406,0.18310547,-0.91552734,0.24414062
0.09423828,-0.00146484,0.99316406,0.18310547,-0.91552734,0.24414062
0.09326172,0,0.99121094,-0.06103516,-0.91552734,0.12207031
0.09326172,0,0.99121094,-0.06103516,-0.91552734,0.12207031
0.09472656,-0.00439453,0.99462891,0.18310547,-0.91552734,0.12207031
0.09472656,-0.00439453,0.99462891,0.18310547,-0.91552734,0.12207031
0.09423828,-0.00341797,0.99462891,-0.06103516,-0.91552734,0.18310547
0.09423828,-0.00341797,0.99462891,-0.06103516,-0.91552734,0.18310547
0.09179688,-0.00048828,0.99707031,0.12207031,-0.91552734,0.18310547
0.09179688,-0.00048828,0.99707031,0.12207031,-0.91552734,0.24414062
0.09228516,0,0.99267578,0.18310547,-0.85449219,0.24414062
0.09228516,0,0.99267578,0.18310547,-0.85449219,0.30517578
0.09326172,-0.00048828,0.99414062,0.12207031,-0.85449219,0.30517578
0.09326172,-0.00048828,0.99414062,0,-0.85449219,0.30517578
0.09423828,-0.00097656,0.99511719,-0.06103516,-0.91552734,0.24414062
0.09423828,-0.00097656,0.99511719,-0.12207031,-0.91552734,0.24414062
0.09472656,-0.00097656,0.99462891,0,-0.9765625,0.24414062
0.09472656,-0.00097656,0.99462891,0.12207031,-0.9765625,0.18310547
0.09570312,0,0.99121094,0.06103516,-0.85449219,0.24414062
0.09570312,0,0.99072266,-0.06103516,-0.91552734,0.12207031
0.09570312,0,0.99414062,-0.12207031,-0.91552734,0.06103516
0.09667969,0.00244141,0.99414062,-0.12207031,-0.91552734,0.12207031
0.09716797,0.00244141,0.99462891,0,-0.91552734,0.12207031
0.09570312,0.00244141,0.99560547,0,-0.91552734,0.12207031
0.09619141,0.00244141,0.99365234,0,-0.9765625,0.06103516
0.09472656,0.00390625,0.99365234,0.06103516,-0.85449219,0.12207031
0.09472656,0.00341797,0.99267578,0,-0.91552734,0.12207031
0.09375,0.00292969,0.9921875,-0.12207031,-0.85449219,0.18310547
0.09326172,0.00097656,0.99462891,-0.12207031,-0.79345703,0.18310547
0.09326172,0,0.99560547,-0.06103516,-0.91552734,0.24414062
0.09179688,0,0.99560547,-0.06103516,-0.85449219,0.18310547
0.09179688,-0.00195312,0.99462891,-0.06103516,-0.91552734,0.18310547
0.09130859,-0.00390625,0.99560547,0,-0.91552734,0.24414062
0.09130859,-0.00390625,0.99365234,0,-0.85449219,0.24414062
0.08935547,-0.00390625,0.99121094,0,-0.85449219,0.24414062
0.09130859,-0.00488281,0.99658203,0.12207031,-0.85449219,0.24414062
0.09228516,-0.00732422,0.99560547,0,-0.91552734,0.18310547
0.09179688,-0.00292969,0.99072266,-0.24414062,-0.9765625,0.12207031
0.09179688,-0.00244141,0.9921875,-0.18310547,-0.79345703,0.24414062
0.09423828,-0.00732422,0.99951172,0,-0.91552734,0.18310547
0.09375,-0.00390625,0.99414062,0.24414062,-0.91552734,0.06103516
0.09326172,0.00244141,0.99023438,0.06103516,-0.91552734,0.12207031
0.09472656,-0.00097656,0.99169922,-0.18310547,-0.85449219,0.18310547
0.09375,0.00195312,0.99560547,0.06103516,-0.79345703,0.12207031
0.09521484,0.00195312,0.99658203,0.36621094,-0.85449219,0.18310547
0.09521484,0,0.9921875,0.18310547,-0.91552734,0.12207031
0.09326172,0.0078125,0.99023438,-0.24414062,-0.85449219,0.12207031
0.09472656,0.00390625,0.99853516,-0.12207031,-0.85449219,0.30517578
0.09619141,-0.00146484,0.99951172,0.36621094,-0.85449219,0.24414062
0.09326172,0.00683594,0.99169922,0.24414062,-0.85449219,0.18310547
0.09277344,0.00390625,0.98925781,-0.12207031,-0.85449219,0.30517578
0.09375,0.00097656,0.99609375,-0.18310547,-0.79345703,0.24414062
0.09179688,0.00195312,0.99804688,0.18310547,-0.91552734,0.24414062
0.09326172,0.00048828,0.99121094,0.24414062,-0.9765625,0.24414062
0.09179688,0.00048828,0.98681641,-0.18310547,-0.91552734,0.18310547
0.09082031,0.00195312,0.99658203,-0.06103516,-0.79345703,0.24414062
0.09326172,-0.00732422,0.99755859,0.24414062,-0.85449219,0.24414062
0.09228516,-0.00097656,0.98974609,0.24414062,-1.03759766,0.06103516
0.09130859,0.00195312,0.98974609,-0.18310547,-0.91552734,0.18310547
0.09423828,-0.00585938,0.99755859,-0.24414062,-0.91552734,0.12207031
0.09179688,-0.00146484,0.99902344,0.12207031,-0.91552734,0.12207031
0.09375,-0.00048828,0.99169922,0.36621094,-0.91552734,0.18310547
0.09423828,-0.00195312,0.99023438,0.06103516,-0.91552734,0.12207031
0.09375,-0.00097656,0.99511719,-0.24414062,-0.85449219,0.12207031
0.09375,-0.00146484,0.99560547,-0.06103516,-0.85449219,0.24414062
0.09423828,-0.00292969,0.9921875,0.24414062,-0.91552734,0.18310547
0.09472656,-0.00439453,0.99121094,0.12207031,-0.85449219,0.18310547
0.09326172,-0.00146484,0.99121094,-0.06103516,-0.91552734,0.24414062
0.09326172,-0.00146484,0.99121094,-0.06103516,-0.91552734,0.24414062
0.09326172,-0.00097656,0.99365234,0,-0.79345703,0.30517578
0.09423828,-0.00195312,0.99121094,0.18310547,-0.85449219,0.24414062
0.09228516,0,0.99169922,0.06103516,-0.85449219,0.24414062
0.09228516,0,0.99169922,0.06103516,-0.85449219,0.24414062
0.09277344,-0.00097656,0.99169922,0.06103516,-0.91552734,0.18310547
0.09130859,0,0.99121094,0,-0.91552734,0.18310547
0.09130859,0.00244141,0.99414062,0,-0.91552734,0.18310547
0.09277344,-0.00146484,0.99414062,0.06103516,-0.9765625,0.12207031
0.09082031,0.00097656,0.99414062,0.06103516,-0.9765625,0.12207031
0.09082031,0.00097656,0.99414062,0.06103516,-0.9765625,0.12207031
0.09277344,0.00390625,0.98974609,0,-0.91552734,0.12207031
0.09375,0.00195312,0.99316406,0,-0.91552734,0.12207031
0.09228516,0.00244141,0.99316406,0,-0.91552734,0.12207031
0.09228516,0.00244141,0.99316406,0,-0.91552734,0.12207031
0.09326172,0.00097656,0.99316406,0.06103516,-0.91552734,0.12207031
0.09423828,0,0.99414062,0.06103516,-0.9765625,0.18310547
0.09423828,0,0.99414062,0.06103516,-0.9765625,0.18310547
0.09423828,0,0.99414062,0.06103516,-0.9765625,0.18310547
0.09472656,-0.00048828,0.99462891,-0.18310547,-0.91552734,0.24414062
0.09375,-0.00341797,0.99462891,0.06103516,-0.91552734,0.18310547
0.09375,-0.00341797,0.99462891,0.06103516,-0.91552734,0.18310547
0.09375,-0.00341797,0.99462891,0.06103516,-0.91552734,0.18310547
0.09521484,-0.00439453,0.99365234,-0.12207031,-0.85449219,0.30517578
0.09423828,-0.00195312,0.99365234,0,-0.91552734,0.24414062
0.09423828,-0.00195312,0.99365234,0,-0.91552734,0.24414062
0.09423828,-0.00195312,0.99365234,0,-0.91552734,0.24414062
0.09375,-0.00292969,0.99267578,0,-0.91552734,0.18310547
0.09375,-0.00097656,0.99316406,-0.12207031,-0.9765625,0.24414062
0.09375,-0.00097656,0.99316406,-0.12207031,-0.9765625,0.24414062
0.09375,-0.00097656,0.99316406,-0.12207031,-0.9765625,0.24414062
0.09423828,-0.00097656,0.99365234,0,-0.9765625,0.12207031
0.09423828,0.00097656,0.99462891,0,-0.85449219,0.12207031
0.09423828,0.00097656,0.99462891,0,-0.85449219,0.12207031
0.09423828,0.00097656,0.99462891,0,-0.85449219,0.12207031
0.09375,0.00146484,0.99316406,0.12207031,-0.85449219,0.12207031
0.09375,0.00146484,0.99560547,-0.12207031,-0.91552734,0.18310547
0.09375,0.00146484,0.99560547,-0.12207031,-0.91552734,0.18310547
0.09375,0.00146484,0.99560547,-0.12207031,-0.91552734,0.18310547
0.09423828,0.00146484,0.99658203,0.12207031,-0.91552734,0.24414062
0.09326172,0.00292969,0.9921875,0,-0.79345703,0.12207031
0.09326172,0.00292969,0.9921875,0,-0.79345703,0.12207031
0.09326172,0.00292969,0.9921875,0,-0.79345703,0.12207031
0.09472656,-0.00244141,0.99511719,0.24414062,-0.79345703,0.24414062
0.09082031,0.00488281,0.99023438,-0.12207031,-0.85449219,0.12207031
0.09082031,0.00488281,0.99023438,-0.12207031,-0.85449219,0.12207031
0.09082031,0.00488281,0.99023438,-0.12207031,-0.85449219,0.12207031
0.09375,-0.00390625,0.99853516,0.36621094,-0.91552734,0.18310547
0.09423828,-0.00048828,0.99023438,-0.30517578,-0.85449219,0.18310547
0.09423828,-0.00048828,0.99023438,-0.30517578,-0.85449219,0.18310547
0.09423828,-0.00048828,0.99023438,-0.30517578,-0.85449219,0.18310547
0.09375,-0.00048828,0.99658203,0.24414062,-0.91552734,0.24414062
0.09375,0.00097656,0.98779297,-0.12207031,-0.85449219,0.18310547
0.09375,0.00097656,0.98779297,-0.12207031,-0.85449219,0.18310547
0.09375,0.00097656,0.98779297,-0.12207031,-0.85449219,0.18310547
0.09375,-0.00244141,0.99755859,0.06103516,-0.85449219,0.18310547
0.09326172,-0.00097656,0.99072266,0,-0.91552734,0.18310547
0.09326172,-0.00097656,0.99072266,0,-0.91552734,0.18310547
0.09326172,-0.00097656,0.99072266,0,-0.91552734,0.18310547
0.09179688,-0.00097656,0.99365234,-0.12207031,-0.85449219,0.24414062
0.09179688,-0.00097656,0.99072266,0.12207031,-0.85449219,0.18310547
0.09179688,-0.00097656,0.99072266,0.12207031,-0.85449219,0.18310547
0.09179688,-0.00097656,0.99072266,0.12207031,-0.85449219,0.18310547
0.09228516,-0.00097656,0.99414062,-0.06103516,-0.79345703,0.18310547
0.09277344,0,0.99414062,0.12207031,-0.85449219,0.18310547
0.09277344,0,0.99414062,0.12207031,-0.85449219,0.18310547
0.09277344,0,0.99414062,0.12207031,-0.85449219,0.18310547
0.09326172,0.00048828,0.9921875,0,-0.91552734,0.18310547
0.09375,0.00097656,0.99169922,0,-0.91552734,0.12207031
0.09375,0.00097656,0.99169922,0,-0.91552734,0.12207031
0.09375,0.00097656,0.99169922,0,-0.91552734,0.12207031
0.09521484,0,0.99169922,-0.06103516,-0.91552734,0.18310547
0.09375,-0.00048828,0.99267578,0.06103516,-0.91552734,0.18310547
0.09375,-0.00048828,0.99267578,0.06103516,-0.91552734,0.18310547
0.09375,-0.00048828,0.99267578,0.06103516,-0.91552734,0.18310547
0.09326172,-0.00146484,0.99169922,0,-0.91552734,0.18310547
0.09326172,-0.00097656,0.99267578,0.06103516,-0.9765625,0.18310547
0.09326172,-0.00097656,0.99267578,0.06103516,-0.9765625,0.18310547
0.09326172,-0.00097656,0.99267578,0.06103516,-0.9765625,0.18310547
0.09277344,-0.00048828,0.99072266,-0.06103516,-0.91552734,0.24414062
0.09375,-0.00146484,0.99365234,0.06103516,-0.91552734,0.24414062
0.09375,-0.00146484,0.99365234,0.06103516,-0.91552734,0.24414062
0.09375,-0.00146484,0.99365234,0.06103516,-0.91552734,0.24414062
0.09326172,-0.00146484,0.99511719,0,-0.91552734,0.18310547
0.09326172,0.00048828,0.99316406,0.06103516,-0.9765625,0.24414062
0.09326172,0.00048828,0.99316406,0.06103516,-0.9765625,0.24414062
0.09326172,0.00048828,0.99316406,0.06103516,-0.9765625,0.24414062
0.09326172,0.00195312,0.99169922,0.06103516,-0.91552734,0.18310547
0.09423828,-0.00244141,0.99267578,0.06103516,-0.91552734,0.18310547
0.09423828,-0.00244141,0.99267578,0.06103516,-0.91552734,0.18310547
0.09423828,-0.00244141,0.99267578,0.06103516,-0.91552734,0.18310547
0.09228516,0.00097656,0.99511719,0.06103516,-0.79345703,0.30517578
0.09277344,0.00244141,0.98925781,0.18310547,-0.9765625,0.06103516
0.09277344,0.00244141,0.98925781,0.18310547,-0.9765625,0.06103516
0.09277344,0.00244141,0.98925781,0.18310547,-0.9765625,0.06103516
0.09277344,-0.00146484,0.99462891,-0.06103516,-0.91552734,0.24414062
0.09326172,0.00097656,0.98730469,0.18310547,-0.9765625,0.18310547
0.09326172,0.00097656,0.98730469,0.18310547,-0.9765625,0.18310547
0.09326172,0.00097656,0.98730469,0.18310547,-0.9765625,0.18310547
0.09521484,-0.00048828,0.99462891,-0.12207031,-0.85449219,0.18310547
0.09570312,-0.00097656,0.99267578,0.24414062,-0.91552734,0.12207031
0.09570312,-0.00097656,0.99267578,0.24414062,-0.91552734,0.12207031
0.09570312,-0.00097656,0.99267578,0.24414062,-0.91552734,0.12207031
0.09521484,-0.00244141,0.9921875,-0.06103516,-0.91552734,0.24414062
0.09423828,0,0.9921875,0.06103516,-0.91552734,0.18310547
0.09423828,0,0.9921875,0.06103516,-0.91552734,0.18310547
0.09423828,0,0.9921875,0.06103516,-0.91552734,0.18310547
0.09423828,-0.00195312,0.99560547,-0.24414062,-0.91552734,0.18310547
0.09521484,-0.00244141,0.99316406,0,-0.91552734,0.12207031
0.09521484,-0.00244141,0.99316406,0,-0.91552734,0.12207031
0.09521484,-0.00244141,0.99316406,-0.06103516,-0.91552734,0.18310547
0.09375,-0.00097656,0.99462891,0.06103516,-0.79345703,0.18310547
0.09375,-0.00097656,0.99462891,0.06103516,-0.79345703,0.18310547
0.09228516,0.00292969,0.98828125,0,-0.91552734,0.12207031
0.09326172,-0.00390625,0.99609375,0.12207031,-0.91552734,0.24414062
0.09326172,-0.00390625,0.99609375,0.12207031,-0.91552734,0.24414062
0.09228516,0.00097656,0.99169922,0.12207031,-0.91552734,0.12207031
0.09228516,0.00146484,0.98974609,-0.12207031,-0.91552734,0.24414062
0.09228516,-0.00048828,0.99755859,0.18310547,-0.85449219,0.18310547
0.09228516,-0.00048828,0.99755859,0.18310547,-0.85449219,0.18310547
0.09228516,0.00097656,0.99169922,0.18310547,-0.9765625,0.18310547
0.09130859,0.00146484,0.99169922,-0.06103516,-0.85449219,0.24414062
0.09277344,0,0.99707031,0.18310547,-0.91552734,0.18310547
0.09277344,0,0.99707031,0.18310547,-0.91552734,0.18310547
0.09228516,-0.00048828,0.99121094,0.12207031,-0.85449219,0.18310547
0.09179688,0.00048828,0.9921875,0,-0.91552734,0.18310547
0.09277344,0,0.99511719,0,-0.91552734,0.12207031
0.09277344,0,0.99511719,0,-0.91552734,0.12207031
0.09326172,0.00048828,0.99121094,0.12207031,-0.91552734,0.18310547
0.09326172,-0.00146484,0.99072266,0.06103516,-0.85449219,0.18310547
0.09375,0.00097656,0.9921875,0.06103516,-0.85449219,0.18310547
0.09375,0.00097656,0.9921875,0.06103516,-0.85449219,0.18310547
0.09423828,-0.00048828,0.9921875,0.12207031,-0.91552734,0.18310547
0.09375,-0.00146484,0.98925781,0.06103516,-0.91552734,0.18310547
0.09472656,-0.00146484,0.99462891,0,-0.91552734,0.24414062
0.09472656,-0.00146484,0.99462891,0,-0.91552734,0.24414062
0.09472656,-0.00439453,0.99511719,0.18310547,-0.85449219,0.18310547
0.09326172,0.00048828,0.98535156,-0.06103516,-0.9765625,0.12207031
0.09521484,-0.00292969,0.99560547,0.06103516,-0.79345703,0.24414062
0.09521484,-0.00292969,0.99560547,0.06103516,-0.79345703,0.24414062
0.09521484,-0.00097656,0.99267578,0.18310547,-0.9765625,0.18310547
0.09423828,0.00195312,0.98925781,0,-0.85449219,0.24414062
0.09375,0.00048828,0.99658203,0.06103516,-0.85449219,0.24414062
0.09375,0.00048828,0.99658203,0.06103516,-0.85449219,0.24414062
0.09375,-0.00048828,0.99414062,0.24414062,-0.85449219,0.18310547
0.09375,0.00048828,0.98974609,0.12207031,-0.91552734,0.24414062
0.09375,0.00146484,0.99365234,-0.06103516,-0.85449219,0.18310547
0.09375,0.00146484,0.99365234,-0.06103516,-0.85449219,0.18310547
0.09326172,-0.00048828,0.99414062,0.12207031,-0.91552734,0.18310547
0.09277344,0.00146484,0.99169922,0.18310547,-0.79345703,0.24414062
0.09228516,0.00292969,0.99462891,0,-0.91552734,0.18310547
0.09228516,0.00292969,0.99462891,0,-0.91552734,0.18310547
0.09228516,0.00048828,0.99707031,0,-0.85449219,0.18310547
0.09228516,0.00048828,0.99316406,0.24414062,-0.91552734,0.18310547
0.09179688,0,0.99316406,-0.12207031,-0.91552734,0.18310547
0.09179688,0,0.99316406,-0.12207031,-0.91552734,0.18310547
0.09082031,0.00146484,0.99316406,0,-0.91552734,0.18310547
0.09130859,-0.00097656,0.99365234,0.12207031,-0.85449219,0.24414062
0.09179688,-0.00292969,0.99169922,0,-0.91552734,0.12207031
0.09179688,-0.00292969,0.99169922,0,-0.91552734,0.12207031
0.09130859,0,0.9921875,-0.12207031,-0.91552734,0.18310547
0.09326172,-0.00292969,0.99316406,0.06103516,-0.91552734,0.18310547
0.09326172,0,0.99169922,0,-0.9765625,0.12207031
0.09326172,0,0.99169922,0,-0.9765625,0.12207031
0.09326172,-0.00195312,0.99267578,-0.12207031,-0.91552734,0.18310547
0.09423828,-0.00195312,0.99316406,0,-0.9765625,0.12207031
0.09472656,-0.00048828,0.98974609,0,-0.91552734,0.18310547
0.09472656,-0.00048828,0.98974609,0,-0.91552734,0.18310547
0.09570312,0,0.99072266,0,-0.91552734,0.18310547
0.09570312,-0.00097656,0.99365234,0,-0.85449219,0.18310547
0.09619141,0.00048828,0.99316406,0.06103516,-0.91552734,0.18310547
0.09619141,0.00048828,0.99316406,0.06103516,-0.91552734,0.24414062
0.09667969,0.00048828,0.99316406,0.06103516,-0.91552734,0.24414062
0.09619141,-0.00048828,0.99169922,0,-0.9765625,0.18310547
0.09619141,-0.00048828,0.9921875,0.12207031,-0.91552734,0.30517578
0.09619141,-0.00048828,0.99316406,0.18310547,-0.91552734,0.18310547
0.09521484,0.00048828,0.99316406,0.18310547,-0.91552734,0.18310547
0.09375,0.00097656,0.99121094,-0.06103516,-0.85449219,0.18310547
0.09423828,0.00048828,0.99560547,0.18310547,-0.85449219,0.18310547
0.09277344,-0.00292969,0.9921875,0.12207031,-0.91552734,0.18310547
0.09277344,-0.00292969,0.9921875,0.12207031,-0.91552734,0.18310547
0.10205078,0.00292969,1.00732422,-0.24414062,-0.24414062,0.12207031
0.1015625,0.00244141,1.00830078,-0.24414062,-0.24414062,0.18310547
0.10205078,0.00390625,1.00683594,-0.06103516,-0.24414062,0.06103516
0.10107422,0.00244141,1.00683594,-0.18310547,-0.24414062,0.06103516
0.1015625,0.00292969,1.00830078,-0.36621094,-0.24414062,0.12207031
0.10302734,0.00146484,1.01123047,-0.30517578,-0.24414062,0.12207031
0.10107422,0.00341797,1.01025391,0,-0.30517578,0.12207031
0.1015625,0.00341797,1.01025391,-0.24414062,-0.30517578,0.06103516
0.10253906,0.00244141,1.01171875,-0.18310547,-0.30517578,0.06103516
0.10058594,0.00244141,1.00976562,0.06103516,-0.36621094,0.24414062
0.1015625,0.00146484,1.00634766,-0.06103516,-0.36621094,0.12207031
0.10009766,0.00292969,1.00537109,-0.18310547,-0.30517578,0.18310547
0.1015625,0.00244141,1.00878906,-0.24414062,-0.18310547,0.24414062
0.10009766,0.00390625,1.00878906,-0.12207031,-0.36621094,0.12207031
0.1015625,0.00244141,1.0078125,-0.24414062,-0.36621094,0.18310547
0.10253906,0.00195312,1.0078125,-0.18310547,-0.30517578,0.18310547
0.10205078,0.00244141,1.00634766,-0.12207031,-0.36621094,0.18310547
0.10253906,0.00341797,1.00488281,-0.06103516,-0.30517578,0.18310547
0.10546875,0.00195312,1.00488281,-0.36621094,-0.30517578,0.12207031
0.10546875,0.00292969,1.00732422,-0.36621094,-0.30517578,0.12207031
0.10644531,0.00341797,1.00878906,-0.24414062,-0.30517578,0.12207031
0.10644531,0.00341797,1.00732422,-0.12207031,-0.30517578,0.06103516
0.10644531,0.00341797,1.0078125,-0.30517578,-0.30517578,0.18310547
0.10791016,0.00341797,1.00927734,-0.42724609,-0.30517578,0.12207031
0.10546875,0.00244141,1.01367188,-0.18310547,-0.24414062,0.18310547
0.10546875,0.00439453,1.00878906,0.06103516,-0.36621094,0.12207031
0.10498047,0.00390625,1.00585938,-0.12207031,-0.30517578,0.12207031
0.10546875,0.00439453,1.00634766,-0.24414062,-0.18310547,0.24414062
0.10449219,0.00390625,1.00976562,-0.24414062,-0.24414062,0.18310547
0.10253906,0.00439453,1.00683594,-0.30517578,-0.30517578,0.12207031
0.10302734,0.00341797,1.01025391,-0.24414062,-0.12207031,0.18310547
0.10205078,0.00292969,1.01074219,-0.18310547,-0.30517578,0.18310547
0.10107422,0.00146484,1.0078125,-0.06103516,-0.24414062,0.12207031
0.1015625,0.00097656,1.00634766,-0.12207031,-0.24414062,0.18310547
0.10253906,0.00244141,1.0078125,-0.24414062,-0.24414062,0.18310547
0.10205078,0.00097656,1.00830078,-0.18310547,-0.24414062,0.12207031
0.10205078,0.00146484,1.00732422,-0.24414062,-0.24414062,0.18310547
0.1015625,0.00146484,1.00927734,-0.24414062,-0.18310547,0.18310547
0.10058594,0.00048828,1.00878906,-0.18310547,-0.24414062,0.18310547
0.10205078,0.00146484,1.00878906,-0.18310547,-0.30517578,0.18310547
0.1015625,0.00146484,1.0078125,-0.12207031,-0.24414062,0.12207031
0.10302734,0.00195312,1.00683594,-0.30517578,-0.30517578,0.12207031
0.10351562,0.00195312,1.00683594,-0.18310547,-0.30517578,0.18310547
0.10302734,0.00195312,1.00878906,-0.24414062,-0.30517578,0.12207031
0.10253906,0.00390625,1.00976562,-0.24414062,-0.24414062,0.18310547
0.10351562,0.00341797,1.01025391,0,-0.18310547,0.12207031
0.10351562,0.00390625,1.0078125,-0.18310547,-0.24414062,0.18310547
0.10400391,0.00292969,1.00830078,-0.18310547,-0.24414062,0.18310547
0.10449219,0.00439453,1.00830078,-0.18310547,-0.24414062,0.18310547
0.10498047,0.00244141,1.00732422,-0.12207031,-0.24414062,0.30517578
0.10400391,0.00341797,1.00488281,-0.36621094,-0.24414062,0.36621094
0.10644531,0.00097656,1.00927734,-0.61035156,-0.24414062,0.18310547
0.10253906,0.00195312,1.01123047,-0.30517578,-0.24414062,0.12207031
0.10400391,0.00195312,1.01025391,0,-0.24414062,0.24414062
0.10546875,0.00146484,1.00732422,0.06103516,-0.18310547,0.24414062
0.10498047,0.00146484,1.00585938,-0.30517578,-0.36621094,0.06103516
0.10302734,0.00244141,1.00830078,-0.48828125,-0.24414062,0.18310547
0.10644531,0.00048828,1.01220703,-0.12207031,-0.12207031,0.24414062
0.10449219,0.00244141,1.00878906,0.24414062,-0.24414062,0.06103516
0.10351562,0.00390625,1.00390625,-0.12207031,-0.24414062,0.12207031
0.10498047,0.00244141,1.00830078,-0.48828125,-0.12207031,0.06103516
0.10400391,0.00292969,1.01171875,-0.36621094,-0.12207031,0.12207031
0.10449219,0.00292969,1.00878906,0,-0.12207031,0.12207031
0.10449219,0.00195312,1.00683594,0,-0.18310547,0.12207031
0.10351562,0.00292969,1.00732422,-0.36621094,-0.18310547,0.12207031
0.10302734,0.00292969,1.00976562,-0.30517578,-0.12207031,0.24414062
0.10400391,0.00195312,1.00927734,-0.12207031,-0.18310547,0.12207031
0.10351562,0.00244141,1.00830078,-0.06103516,-0.18310547,0.18310547
0.10253906,0.00244141,1.00683594,-0.18310547,-0.18310547,0.18310547
0.10253906,0.00292969,1.01025391,-0.30517578,-0.18310547,0.18310547
0.10058594,0.00341797,1.00878906,-0.12207031,-0.12207031,0.24414062
0.10058594,0.00292969,1.00830078,-0.06103516,-0.24414062,0.18310547
0.10058594,0.00292969,1.0078125,-0.12207031,-0.18310547,0.24414062
0.09912109,0.00244141,1.00732422,-0.30517578,-0.24414062,0.24414062
0.10009766,0.00292969,1.00976562,-0.42724609,-0.24414062,0.18310547
0.09912109,0.00146484,1.01025391,-0.18310547,-0.30517578,0.12207031
0.09960938,0.00244141,1.00976562,-0.18310547,-0.30517578,0.12207031
0.10009766,0.00390625,1.00927734,-0.30517578,-0.24414062,0.18310547
0.10107422,0.00390625,1.00976562,-0.30517578,-0.24414062,0.12207031
0.10107422,0.00292969,1.00878906,-0.30517578,-0.30517578,0.18310547
0.10253906,0.00244141,1.00830078,-0.12207031,-0.24414062,0.12207031
0.10302734,0.00341797,1.00683594,-0.18310547,-0.30517578,0.12207031
0.10351562,0.00341797,1.00683594,-0.30517578,-0.24414062,0.18310547
0.10302734,0.00244141,1.01025391,-0.24414062,-0.30517578,0.12207031
0.10449219,0.00292969,1.01074219,-0.18310547,-0.36621094,0.12207031
0.10498047,0.00390625,1.00927734,-0.06103516,-0.24414062,0.18310547
0.10449219,0.00195312,1.00683594,-0.30517578,-0.30517578,0.18310547
0.10498047,0.00195312,1.00830078,-0.30517578,-0.24414062,0.18310547
0.10498047,0.00292969,1.00732422,-0.18310547,-0.24414062,0.18310547
0.10449219,0.00244141,1.0078125,-0.18310547,-0.30517578,0.18310547
0.10498047,0.00048828,1.00830078,-0.24414062,-0.24414062,0.12207031
0.10546875,0.00146484,1.00976562,-0.24414062,-0.24414062,0.12207031
0.10498047,0.00097656,1.00927734,-0.24414062,-0.24414062,0.12207031
0.10449219,0.00097656,1.00830078,-0.18310547,-0.24414062,0.12207031
0.10449219,0.00146484,1.00976562,-0.30517578,-0.24414062,0.12207031
0.10449219,0.00048828,1.00878906,-0.12207031,-0.18310547,0.18310547
0.10302734,0.00097656,1.00830078,0,-0.18310547,0.06103516
0.10449219,0.00097656,1.00390625,-0.06103516,-0.24414062,0.06103516
0.10400391,0.00146484,1.00537109,-0.12207031,-0.12207031,0.06103516
0.10302734,0.00195312,1.00976562,-0.18310547,-0.24414062,0.12207031
0.10205078,0.00195312,1.01123047,-0.36621094,-0.30517578,0.06103516
0.10400391,0.00097656,1.01806641,-0.36621094,-0.36621094,0
0.10351562,0.00195312,1.01123047,0.85449219,-0.24414062,0.12207031
0.10058594,0.00439453,0.99707031,0.67138672,-0.30517578,0.18310547
0.10009766,0.00537109,0.99267578,-0.61035156,-0.18310547,0.12207031
0.10058594,0.00439453,1.00976562,-1.83105469,-0.12207031,0.18310547
0.10302734,-0.00048828,1.02880859,-0.73242188,-0.24414062,0.18310547
0.10449219,0.00244141,1.01757812,0.79345703,-0.54931641,0.06103516
0.09326172,0.0078125,1,0.42724609,-0.24414062,0.18310547
0.10498047,0.00488281,0.99804688,0.06103516,0.42724609,0.67138672
0.10742188,-0.00146484,1.01318359,-1.40380859,-1.09863281,-0.24414062
0.09130859,0.00585938,1.00537109,-0.36621094,-0.06103516,-0.12207031
0.10107422,0.00292969,1.015625,-0.42724609,0,0.91552734
0.11523438,-0.00244141,1.01123047,0.18310547,-0.18310547,0
0.09277344,0.00488281,1.00390625,-0.30517578,-0.61035156,-0.42724609
0.10058594,0.00292969,1.00439453,-0.42724609,0.06103516,0.48828125
0.10986328,0.00146484,1.01318359,-0.30517578,-0.30517578,0.12207031
0.09960938,0.00292969,0.99853516,-0.36621094,-0.30517578,-0.06103516
0.10351562,-0.00048828,1.01220703,-0.67138672,-0.30517578,0.18310547
0.10693359,-0.00048828,1.01269531,0,-0.12207031,0.06103516
0.10644531,0.00195312,1.00878906,0.24414062,-0.18310547,0.18310547
0.10546875,0.00244141,1.00488281,0,-0.24414062,0
0.10498047,0.00390625,1.0078125,-0.48828125,-0.30517578,0.18310547
0.10742188,0.00195312,1.01025391,-0.42724609,-0.12207031,0.18310547
0.10742188,0.00195312,1.01171875,0.06103516,-0.24414062,0.12207031
0.10546875,0.00195312,1.00195312,-0.18310547,-0.18310547,0.18310547
0.10693359,-0.00146484,1.00927734,-0.67138672,-0.24414062,0.18310547
0.10498047,0.00146484,1.00976562,-0.36621094,-0.12207031,0.12207031
0.10302734,0.00146484,1.00927734,-0.06103516,-0.18310547,0.24414062
0.10498047,-0.00146484,1.00488281,-0.24414062,-0.18310547,0.12207031
0.1015625,0.00146484,1.00439453,-0.42724609,-0.24414062,0.12207031
0.10449219,0.00097656,1.00878906,-0.54931641,-0.12207031,0.24414062
0.10449219,0.00097656,1.00878906,-0.54931641,-0.12207031,0.24414062
0.10107422,0.00097656,1.0078125,-0.73242188,-0.18310547,0.12207031
0.10205078,0.00244141,1.01416016,-0.30517578,-0.24414062,0.12207031
0.10009766,0.00341797,1.01025391,0.18310547,-0.24414062,0.06103516
0.09912109,0.00537109,1.00488281,0.06103516,-0.30517578,0.06103516
0.09960938,0.00537109,1.00537109,-0.67138672,-0.24414062,0.12207031
0.10107422,0.00439453,1.01074219,-0.85449219,-0.18310547,0.12207031
0.10205078,0,1.01220703,-0.48828125,-0.30517578,0.18310547
0.09960938,-0.00244141,1.00927734,-0.18310547,-0.24414062,0.61035156
0.09960938,0.00927734,1.00830078,-0.24414062,-0.36621094,0.61035156
0.10009766,0.01464844,1.00830078,-0.18310547,-0.36621094,0.30517578
0.09814453,0.00830078,1.00927734,0.30517578,0.06103516,0.30517578
0.109375,0.00488281,0.99853516,0.18310547,-1.09863281,0.18310547
0.11962891,-0.01611328,0.99560547,-2.07519531,-1.09863281,0.18310547
0.05175781,0.02294922,1.03417969,0.24414062,0.24414062,2.07519531
0.13916016,0.00878906,0.98925781,0.85449219,0.24414062,2.07519531
0.15332031,-0.02685547,1.00488281,-2.74658203,-0.30517578,-1.03759766
0.05419922,0.00292969,1.01757812,-2.74658203,-0.30517578,-1.03759766
0.07568359,0.02099609,1.03417969,2.07519531,-0.73242188,2.25830078
0.13085938,-0.00976562,1.02099609,2.07519531,-0.73242188,2.25830078
0.11083984,-0.01171875,0.97753906,-2.31933594,-0.30517578,0.06103516
0.08496094,-0.00146484,0.97998047,-2.31933594,-0.30517578,0.06103516
0.10205078,0.00488281,1.03857422,0.9765625,-0.36621094,-0.24414062
0.10449219,-0.01025391,1.03662109,0.9765625,-0.36621094,-0.24414062
0.09179688,-0.00146484,0.99609375,-1.03759766,-0.54931641,0
0.10644531,-0.00537109,1.00341797,-1.03759766,-0.54931641,0
0.09960938,-0.00341797,1.02099609,1.34277344,-0.30517578,0
0.09570312,-0.00097656,1.01464844,1.34277344,-0.30517578,0
0.10546875,-0.00146484,0.99023438,-1.28173828,-0.54931641,-0.24414062
0.10986328,0.00439453,0.97949219,-1.28173828,-0.54931641,-0.24414062
0.10791016,0.00292969,1.02148438,0.24414062,0.06103516,0.42724609
0.10009766,0.00878906,1.02441406,0.24414062,0.06103516,0.42724609
0.10009766,0.00878906,1.02441406,0.24414062,0.06103516,0.42724609
0.11523438,0.00146484,1.01367188,-0.48828125,-1.28173828,-0.42724609
0.10253906,0.00878906,0.98974609,0.18310547,0.24414062,0.79345703
0.11132812,0.00537109,1.02148438,0.18310547,0.24414062,0.79345703
0.11132812,0.00537109,1.02148438,0.18310547,0.24414062,0.79345703
0.11132812,0.00634766,1.00488281,-0.18310547,-0.30517578,0
0.10791016,0.00927734,1.01513672,-0.18310547,-0.36621094,0
0.10595703,0.00732422,1.02734375,-0.18310547,-0.36621094,0
0.10595703,0.00732422,1.02734375,-0.18310547,-0.36621094,0
0.09667969,0.01025391,1.00488281,0,-0.36621094,0.18310547
0.10058594,0.00439453,1.01074219,-0.30517578,-0.12207031,0.24414062
0.1015625,0.00195312,1.01074219,-0.30517578,-0.12207031,0.24414062
0.1015625,0.00195312,1.01074219,-0.30517578,-0.12207031,0.24414062
0.10253906,0.00292969,1.00341797,-0.06103516,-0.30517578,0
0.10107422,0.00390625,1.01025391,0.18310547,-0.48828125,-0.06103516
0.09960938,0.00390625,1.01025391,0.18310547,-0.48828125,-0.06103516
0.09960938,0.00390625,1.01025391,0.18310547,-0.48828125,-0.06103516
0.09765625,-0.00097656,1.01220703,-0.54931641,-0.24414062,0.24414062
0.1015625,-0.00146484,1.00878906,0.48828125,-0.30517578,0.24414062
0.1015625,-0.00146484,1.00878906,0.48828125,-0.30517578,0.24414062
0.1015625,-0.00146484,1.00878906,0.48828125,-0.30517578,0.24414062
0.10009766,-0.00146484,1.00878906,-0.42724609,-0.18310547,0.24414062
0.10302734,-0.00195312,1.00927734,-0.18310547,-0.36621094,0.06103516
0.10302734,-0.00195312,1.00927734,-0.18310547,-0.36621094,0.06103516
0.10302734,-0.00195312,1.00927734,-0.18310547,-0.36621094,0.06103516
0.10693359,-0.00390625,1.01367188,-0.06103516,-0.24414062,0.12207031
0.10693359,-0.00341797,1.00097656,0,-0.18310547,0.06103516
0.10693359,-0.00341797,1.00097656,0,-0.18310547,0.06103516
0.10693359,-0.00341797,1.00097656,0,-0.18310547,0.06103516
0.10742188,0.00097656,1.00976562,-0.18310547,-0.12207031,0.06103516
0.10595703,0.00634766,1.00341797,-0.06103516,-0.18310547,0
0.10595703,0.00634766,1.00341797,-0.06103516,-0.18310547,0
0.10595703,0.00634766,1.00341797,-0.06103516,-0.18310547,0
0.10498047,0.00732422,1.01025391,-0.24414062,-0.24414062,0.12207031
0.10253906,0.00878906,1.00537109,-0.12207031,-0.18310547,0.12207031
0.10253906,0.00878906,1.00537109,-0.12207031,-0.18310547,0.12207031
0.10253906,0.00878906,1.00537109,-0.12207031,-0.18310547,0.12207031
0.10058594,0.00976562,1.01074219,-0.30517578,-0.18310547,0.18310547
0.10009766,0.00927734,1.015625,0.18310547,-0.18310547,0.24414062
0.10009766,0.00927734,1.015625,0.18310547,-0.18310547,0.24414062
0.10009766,0.00927734,1.015625,0.18310547,-0.18310547,0.24414062
0.09863281,0.00634766,1.00537109,-0.54931641,-0.18310547,0.24414062
0.10009766,0.00146484,1.01074219,0.48828125,-0.24414062,0.18310547
0.10009766,0.00146484,1.01074219,0.48828125,-0.24414062,0.18310547
0.10009766,0.00146484,1.01074219,0.48828125,-0.24414062,0.18310547
0.10107422,-0.00097656,1.00292969,-0.61035156,-0.18310547,0.12207031
0.10253906,-0.00341797,1.01513672,0.36621094,-0.36621094,0.06103516
0.10253906,-0.00341797,1.01513672,0.36621094,-0.36621094,0.06103516
0.10253906,-0.00341797,1.01513672,0.36621094,-0.36621094,0.06103516
0.10253906,-0.00146484,0.99609375,-0.24414062,-0.24414062,0.06103516
0.10449219,-0.00439453,1.01171875,-0.18310547,-0.30517578,0.12207031
0.10449219,-0.00439453,1.01171875,-0.18310547,-0.30517578,0.12207031
0.10449219,-0.00439453,1.01171875,-0.18310547,-0.30517578,0.12207031
0.10400391,-0.00244141,1.00830078,-0.36621094,-0.24414062,0.12207031
0.10253906,-0.00097656,1.01513672,-0.06103516,-0.30517578,0.12207031
0.10253906,-0.00097656,1.01513672,-0.06103516,-0.30517578,0.12207031
0.10253906,-0.00097656,1.01513672,-0.06103516,-0.30517578,0.12207031
0.10107422,0.00244141,1.00341797,-0.12207031,-0.24414062,0.18310547
0.10009766,0.00439453,1.01171875,-0.12207031,-0.18310547,0.18310547
0.10009766,0.00439453,1.01171875,-0.12207031,-0.18310547,0.18310547
0.10009766,0.00439453,1.01171875,-0.12207031,-0.18310547,0.18310547
0.10058594,0.00439453,1.00878906,-0.24414062,-0.24414062,0.24414062
0.10058594,0.00537109,1.01123047,-0.18310547,-0.36621094,0.06103516
0.10058594,0.00537109,1.01123047,-0.18310547,-0.36621094,0.06103516
0.10058594,0.00537109,1.01123047,-0.18310547,-0.36621094,0.06103516
0.1015625,0.00830078,1.00292969,-0.12207031,-0.36621094,0.12207031
0.1015625,0.00830078,1.00292969,-0.12207031,-0.36621094,0.12207031
0.10302734,0.00830078,1.01025391,-0.36621094,-0.24414062,0.12207031
0.10302734,0.00830078,1.01025391,-0.36621094,-0.24414062,0.12207031
0.10498047,0.00683594,1.01074219,-0.24414062,-0.30517578,0.12207031
0.10498047,0.00683594,1.01074219,-0.24414062,-0.30517578,0.12207031
0.10449219,0.00585938,1.00976562,-0.30517578,-0.36621094,0.06103516
0.10449219,0.00585938,1.00976562,-0.30517578,-0.36621094,0.06103516
0.10449219,0.00439453,1.00439453,-0.24414062,-0.24414062,0.12207031
0.10449219,0.00439453,1.00439453,-0.24414062,-0.24414062,0.12207031
0.10498047,0.00292969,1.01416016,-0.36621094,-0.24414062,0.18310547
0.10498047,0.00292969,1.01416016,-0.36621094,-0.24414062,0.18310547
0.10546875,0,1.00585938,0.06103516,-0.30517578,0.18310547
0.10546875,0,1.00585938,0.06103516,-0.30517578,0.18310547
0.10351562,-0.00390625,1.00830078,-0.48828125,-0.18310547,0.24414062
0.10351562,-0.00390625,1.00830078,-0.48828125,-0.18310547,0.24414062
0.10205078,-0.00341797,1.0078125,-0.30517578,-0.24414062,0.24414062
0.10205078,-0.00341797,1.0078125,-0.30517578,-0.24414062,0.24414062
0.1015625,-0.00341797,1.01171875,-0.30517578,-0.24414062,0.18310547
0.1015625,-0.00341797,1.01171875,-0.30517578,-0.24414062,0.18310547
0.10058594,-0.00244141,1.00683594,-0.18310547,-0.24414062,0.12207031
0.10058594,-0.00244141,1.00683594,-0.18310547,-0.24414062,0.12207031
0.10107422,-0.00048828,1.00878906,-0.30517578,-0.24414062,0.12207031
0.10107422,-0.00048828,1.00878906,-0.30517578,-0.24414062,0.12207031
0.10302734,0.00341797,1.01123047,-0.12207031,-0.24414062,0
0.10302734,0.00341797,1.01123047,-0.12207031,-0.24414062,0
0.10253906,0.00634766,1.00878906,-0.24414062,-0.30517578,0.06103516
0.10253906,0.00634766,1.00878906,-0.24414062,-0.30517578,0.06103516
0.10595703,0.00878906,1.0078125,-0.24414062,-0.24414062,0.06103516
0.10595703,0.00878906,1.0078125,-0.24414062,-0.24414062,0.06103516
0.10595703,0.00683594,1.00585938,-1.03759766,-0.24414062,0.18310547
0.10595703,0.00683594,1.00585938,-1.03759766,-0.24414062,0.18310547
0.10644531,0.00634766,1.01269531,0.48828125,-0.24414062,0.18310547
0.10644531,0.00634766,1.01269531,0.48828125,-0.24414062,0.18310547
0.10644531,0.0078125,1.00048828,-0.42724609,-0.18310547,0.24414062
0.10644531,0.0078125,1.00048828,-0.42724609,-0.18310547,0.24414062
0.10449219,0.00439453,1.01416016,-0.18310547,-0.30517578,0.18310547
0.10449219,0.00439453,1.01416016,-0.18310547,-0.30517578,0.18310547
0.10351562,0,1.00390625,-0.30517578,-0.24414062,0.18310547
0.10351562,0,1.00390625,-0.30517578,-0.24414062,0.18310547
0.10058594,-0.00195312,1.01220703,-0.12207031,-0.24414062,0.12207031
0.10058594,-0.00195312,1.01220703,-0.12207031,-0.24414062,0.12207031
0.10107422,-0.00097656,1.00439453,-0.12207031,-0.24414062,0.12207031
0.10107422,-0.00097656,1.00439453,-0.12207031,-0.24414062,0.12207031
0.10058594,-0.00195312,1.01269531,-0.42724609,-0.18310547,0.12207031
0.10058594,-0.00195312,1.01269531,-0.42724609,-0.18310547,0.12207031
0.10009766,-0.00292969,1.00732422,0.18310547,-0.24414062,0.06103516
0.10009766,-0.00292969,1.00732422,0.18310547,-0.24414062,0.06103516
0.10107422,-0.00195312,1.0078125,-0.30517578,-0.18310547,0.06103516
0.10107422,-0.00195312,1.0078125,-0.30517578,-0.18310547,0.06103516
0.10253906,0,1.00830078,0,-0.18310547,0.12207031
0.10253906,0,1.00830078,0,-0.18310547,0.12207031
0.10302734,0.00195312,1.01025391,-0.12207031,-0.24414062,0.18310547
0.10302734,0.00195312,1.01025391,-0.12207031,-0.24414062,0.18310547
0.10449219,0.00341797,1.00683594,0.12207031,-0.24414062,0.18310547
0.10449219,0.00341797,1.00683594,0.12207031,-0.24414062,0.18310547
0.10498047,0.00488281,1.00878906,-0.48828125,-0.24414062,0.12207031
0.10498047,0.00488281,1.00878906,-0.48828125,-0.24414062,0.12207031
0.10498047,0.00537109,1.01025391,0.06103516,-0.30517578,0.12207031
0.10498047,0.00537109,1.01025391,0.06103516,-0.30517578,0.12207031
0.10498047,0.00878906,1.00585938,-0.24414062,-0.24414062,0.06103516
0.10498047,0.00878906,1.00585938,-0.24414062,-0.24414062,0.06103516
0.10351562,0.00927734,1.00830078,-0.12207031,-0.24414062,0.12207031
0.10351562,0.00927734,1.00830078,-0.12207031,-0.24414062,0.12207031
0.10302734,0.00683594,1.00732422,-0.30517578,-0.24414062,0.18310547
0.10302734,0.00683594,1.00732422,-0.30517578,-0.24414062,0.18310547
0.10058594,0.00439453,1.00976562,-0.67138672,-0.30517578,0.18310547
0.10058594,0.00439453,1.00976562,-0.67138672,-0.30517578,0.18310547
0.09960938,0.00488281,1.00927734,0,-0.36621094,0.18310547
0.09960938,0.00488281,1.00927734,0,-0.36621094,0.18310547
0.09814453,0.00195312,1.00732422,-0.79345703,-0.24414062,0.24414062
0.09814453,0.00195312,1.00732422,-0.79345703,-0.24414062,0.24414062
0.1015625,-0.00292969,1.00683594,-1.15966797,-0.24414062,0.30517578
0.1015625,-0.00292969,1.00683594,-1.15966797,-0.24414062,0.30517578
0.10058594,-0.00439453,1.01464844,0.85449219,-0.42724609,0.12207031
0.10058594,-0.00439453,1.01464844,0.85449219,-0.42724609,0.12207031
0.1015625,-0.00439453,1.00341797,-0.9765625,-0.24414062,0.06103516
0.1015625,-0.00439453,1.00341797,-0.9765625,-0.24414062,0.06103516
0.10742188,-0.00537109,1.01513672,-0.12207031,-0.36621094,0.12207031
0.10742188,-0.00537109,1.01513672,-0.12207031,-0.36621094,0.12207031
0.10498047,-0.00097656,1.00390625,0.06103516,-0.30517578,0.12207031
0.10498047,-0.00097656,1.00390625,0.06103516,-0.30517578,0.12207031
0.10791016,0.00146484,1.00878906,-0.42724609,-0.30517578,0.12207031
0.10791016,0.00146484,1.00878906,-0.42724609,-0.30517578,0.12207031
0.10644531,0.00537109,1.00341797,-0.12207031,-0.12207031,0.18310547
0.10644531,0.00537109,1.00341797,-0.12207031,-0.12207031,0.18310547
0.10253906,0.00683594,1.01220703,-0.18310547,-0.30517578,0.18310547
0.10253906,0.00683594,1.01220703,-0.18310547,-0.30517578,0.18310547
0.10498047,0.00683594,1.01074219,0.12207031,-0.24414062,0.18310547
0.10498047,0.00683594,1.01074219,0.12207031,-0.24414062,0.18310547
0.1015625,0.00488281,1.00537109,-0.06103516,-0.18310547,0.12207031
0.1015625,0.00488281,1.00537109,-0.06103516,-0.18310547,0.12207031
0.10107422,0.00683594,1.01025391,-0.36621094,-0.18310547,0.18310547
0.10107422,0.00683594,1.01025391,-0.36621094,-0.18310547,0.18310547
0.10058594,0.00390625,1.01074219,-0.18310547,-0.30517578,0.06103516
0.10058594,0.00390625,1.01074219,-0.18310547,-0.30517578,0.06103516
0.10498047,0.00439453,1.00439453,0.12207031,-0.30517578,0.06103516
0.10498047,0.00439453,1.00439453,0.12207031,-0.30517578,0.06103516
0.10351562,0.00146484,1.00683594,-0.36621094,-0.18310547,0.12207031
0.10351562,0.00146484,1.00683594,-0.36621094,-0.18310547,0.12207031
0.10498047,0.00097656,1.01074219,-0.06103516,-0.18310547,0.12207031
0.10498047,0.00097656,1.01074219,-0.06103516,-0.18310547,0.12207031
0.10449219,-0.00195312,1.01025391,-0.36621094,-0.24414062,0.18310547
0.10449219,-0.00195312,1.01025391,-0.36621094,-0.24414062,0.18310547
0.10498047,-0.00292969,1.01025391,0,-0.30517578,0.18310547
0.10449219,-0.00244141,1.00732422,0.06103516,-0.30517578,0.24414062
0.10498047,-0.00244141,1.0078125,-0.36621094,-0.24414062,0.18310547
0.10498047,-0.00244141,1.0078125,-0.36621094,-0.24414062,0.18310547
0.10253906,-0.00292969,1.01220703,-0.24414062,-0.18310547,0.12207031
0.10253906,-0.00292969,1.01220703,-0.24414062,-0.18310547,0.12207031
0.1015625,0,1.00683594,0.12207031,-0.24414062,0.18310547
0.1015625,0,1.00683594,0.12207031,-0.24414062,0.18310547
0.10253906,0,1.00537109,-0.36621094,-0.18310547,0.12207031
0.10253906,0,1.00537109,-0.36621094,-0.18310547,0.12207031
0.10205078,0.00244141,1.00927734,-0.61035156,-0.30517578,0.12207031
0.10205078,0.00244141,1.00927734,-0.61035156,-0.30517578,0.12207031
0.09423828,-0.00195312,1.00048828,0.61035156,-0.79345703,0.24414062
0.09423828,-0.00195312,1.00048828,0.61035156,-0.79345703,0.24414062
0.09228516,0.01220703,0.98242188,-0.54931641,-0.91552734,0.18310547
0.09228516,0.01220703,0.98242188,-0.54931641,-0.91552734,0.18310547
0.09375,0.00146484,1.00195312,0.67138672,-0.9765625,0.12207031
0.09375,0.00146484,1.00195312,0.67138672,-0.9765625,0.12207031
0.09423828,0.00488281,0.98388672,-0.36621094,-0.85449219,0.12207031
0.09423828,0.00488281,0.98388672,-0.36621094,-0.85449219,0.12207031
0.09472656,0.00292969,1.00048828,0.12207031,-0.79345703,0.18310547
0.09472656,0.00292969,1.00048828,0.12207031,-0.79345703,0.18310547
0.09375,0.00390625,0.98730469,0.06103516,-0.85449219,0.18310547
0.09375,0.00390625,0.98730469,0.06103516,-0.85449219,0.18310547
0.09375,-0.00195312,0.99560547,0,-0.85449219,0.18310547
0.09375,-0.00195312,0.99560547,0,-0.85449219,0.18310547
0.09326172,-0.00390625,0.984375,0.18310547,-0.91552734,0.24414062
0.09326172,-0.00390625,0.984375,0.18310547,-0.91552734,0.24414062
0.09326172,-0.00585938,0.99658203,-0.36621094,-0.85449219,0.24414062
0.09326172,-0.00585938,0.99658203,-0.36621094,-0.85449219,0.24414062
0.09082031,-0.00488281,0.99462891,0.30517578,-0.85449219,0.24414062
0.09082031,-0.00488281,0.99462891,0.30517578,-0.85449219,0.24414062
0.08935547,-0.00341797,0.99169922,-0.24414062,-0.91552734,0.12207031
0.08935547,-0.00341797,0.99169922,-0.24414062,-0.91552734,0.12207031
0.09179688,-0.00341797,0.99511719,-0.18310547,-0.9765625,0.18310547
0.09179688,-0.00341797,0.99511719,-0.18310547,-0.9765625,0.18310547
0.09082031,-0.00244141,0.99560547,-0.12207031,-0.9765625,0.18310547
0.09082031,-0.00244141,0.99560547,-0.12207031,-0.9765625,0.18310547
0.09326172,-0.00048828,0.98974609,0.18310547,-0.91552734,0.18310547
0.09326172,-0.00048828,0.98974609,0.18310547,-0.91552734,0.18310547
0.09375,0.00097656,0.9921875,-0.12207031,-0.85449219,0.18310547
0.09375,0.00097656,0.9921875,-0.12207031,-0.85449219,0.18310547
0.09423828,0.00244141,0.98925781,0.24414062,-0.91552734,0.18310547
0.09423828,0.00244141,0.98925781,0.24414062,-0.91552734,0.18310547
0.09472656,0.00439453,0.99462891,-0.12207031,-0.91552734,0.24414062
0.09472656,0.00439453,0.99462891,-0.12207031,-0.91552734,0.24414062
0.09375,0.00537109,0.99072266,0.06103516,-0.9765625,0.18310547
0.09375,0.00537109,0.99072266,0.06103516,-0.9765625,0.18310547
0.09472656,0.00048828,0.99365234,-0.06103516,-0.91552734,0.18310547
0.09472656,0.00048828,0.99365234,-0.06103516,-0.91552734,0.18310547
0.09326172,0.00439453,0.99169922,0.06103516,-0.91552734,0.18310547
0.09326172,0.00439453,0.99169922,0.06103516,-0.91552734,0.18310547
0.09423828,0.00097656,0.99414062,0,-0.91552734,0.18310547
0.09423828,0.00097656,0.99414062,0,-0.91552734,0.18310547
0.09423828,0,0.99023438,0.06103516,-0.91552734,0.18310547
0.09423828,0,0.99023438,0.06103516,-0.91552734,0.18310547
0.09375,-0.00341797,0.99169922,0.06103516,-0.91552734,0.18310547
0.09375,-0.00341797,0.99169922,0.06103516,-0.91552734,0.18310547
0.09375,-0.00292969,0.99121094,0,-0.91552734,0.18310547
0.09375,-0.00292969,0.99121094,0,-0.91552734,0.18310547
0.09326172,-0.00488281,0.99169922,0.06103516,-0.91552734,0.18310547
0.09326172,-0.00488281,0.99169922,0.06103516,-0.91552734,0.18310547
0.09326172,-0.00488281,0.99072266,0.18310547,-0.85449219,0.18310547
0.09326172,-0.00488281,0.99072266,0.18310547,-0.85449219,0.18310547
0.09375,-0.00439453,0.99121094,0.06103516,-0.91552734,0.18310547
0.09375,-0.00439453,0.99121094,0.06103516,-0.91552734,0.18310547
0.09375,-0.00146484,0.99365234,0,-0.91552734,0.18310547
0.09375,-0.00146484,0.99365234,0,-0.91552734,0.18310547
0.09521484,0.00097656,0.99072266,0.18310547,-0.85449219,0.18310547
0.09521484,0.00097656,0.99072266,0.18310547,-0.85449219,0.18310547
0.09619141,0.00390625,0.99072266,-0.06103516,-0.85449219,0.18310547
0.09619141,0.00390625,0.99072266,-0.06103516,-0.85449219,0.18310547
0.09716797,0.00390625,0.99121094,0.18310547,-0.85449219,0.18310547
0.09716797,0.00390625,0.99121094,0.18310547,-0.85449219,0.18310547
0.09570312,0.00488281,0.98876953,-0.06103516,-0.85449219,0.24414062
0.09570312,0.00488281,0.98876953,-0.06103516,-0.85449219,0.24414062
0.09472656,0.00390625,0.99169922,-0.18310547,-0.85449219,0.24414062
0.09472656,0.00390625,0.99169922,-0.18310547,-0.85449219,0.24414062
0.09326172,0.00244141,0.99169922,0,-0.85449219,0.30517578
0.09326172,0.00244141,0.99169922,0,-0.85449219,0.30517578
0.09130859,0.00048828,0.99414062,-0.12207031,-0.79345703,0.24414062
0.09130859,0.00048828,0.99414062,-0.12207031,-0.79345703,0.24414062
0.09082031,-0.00439453,0.99511719,-0.06103516,-0.91552734,0.24414062
0.09082031,-0.00439453,0.99511719,-0.06103516,-0.91552734,0.24414062
0.09130859,-0.00439453,0.99414062,0,-0.91552734,0.12207031
0.09130859,-0.00439453,0.99414062,0,-0.91552734,0.12207031
0.09130859,-0.00585938,0.99169922,0.06103516,-0.91552734,0.12207031
0.09130859,-0.00585938,0.99169922,0.06103516,-0.91552734,0.12207031
0.09179688,-0.00683594,0.99560547,-0.06103516,-0.85449219,0.18310547
0.09179688,-0.00683594,0.99560547,-0.06103516,-0.85449219,0.18310547
0.09228516,-0.00537109,0.99560547,0.24414062,-0.85449219,0.18310547
0.09228516,-0.00537109,0.99560547,0.24414062,-0.85449219,0.18310547
0.09326172,-0.00439453,0.99316406,-0.06103516,-0.9765625,0.18310547
0.09326172,-0.00439453,0.99316406,-0.06103516,-0.9765625,0.18310547
0.09375,-0.00341797,0.99365234,0,-0.91552734,0.18310547
0.09375,-0.00341797,0.99365234,0,-0.91552734,0.18310547
0.09423828,-0.00048828,0.9921875,0,-0.91552734,0.18310547
0.09423828,-0.00048828,0.9921875,0,-0.91552734,0.18310547
0.09472656,0.00048828,0.99316406,0.12207031,-0.85449219,0.18310547
0.09472656,0.00048828,0.99316406,0.12207031,-0.85449219,0.18310547
0.09326172,0.00341797,0.98925781,0.06103516,-0.85449219,0.18310547
0.09326172,0.00341797,0.98925781,0.06103516,-0.85449219,0.18310547
0.09228516,0.00341797,0.99169922,0,-0.91552734,0.18310547
0.09228516,0.00341797,0.99169922,0,-0.91552734,0.18310547
0.09228516,0.00439453,0.98974609,0.06103516,-0.91552734,0.18310547
0.09228516,0.00439453,0.98974609,0.06103516,-0.91552734,0.18310547
0.09130859,0.00341797,0.99511719,-0.18310547,-0.85449219,0.18310547
0.09130859,0.00341797,0.99511719,-0.18310547,-0.85449219,0.24414062
0.09277344,0.00244141,0.99267578,0.12207031,-0.91552734,0.18310547
0.09277344,0.00244141,0.99267578,0.12207031,-0.9765625,0.18310547
0.09228516,0.00195312,0.98974609,0.06103516,-0.85449219,0.24414062
0.09228516,0.00195312,0.98974609,-0.12207031,-0.91552734,0.18310547
0.09326172,0.00097656,0.99414062,-0.12207031,-0.9765625,0.24414062
0.09326172,0.00097656,0.99414062,0.06103516,-0.85449219,0.30517578
0.09375,-0.00195312,0.99560547,0.18310547,-0.9765625,0.24414062
0.09375,-0.00195312,0.99560547,0.18310547,-0.91552734,0.18310547
0.09326172,-0.00390625,0.99072266,0.06103516,-0.91552734,0.24414062
0.09326172,-0.00390625,0.98974609,0,-0.91552734,0.30517578
0.09423828,-0.00488281,0.99121094,0.06103516,-0.85449219,0.24414062
0.09423828,-0.00537109,0.99121094,0,-0.91552734,0.18310547
0.09423828,-0.00439453,0.99121094,0.06103516,-0.85449219,0.18310547
0.09472656,-0.00634766,0.99169922,0,-0.91552734,0.18310547
0.09472656,-0.00585938,0.99072266,0.06103516,-0.9765625,0.12207031
0.09521484,-0.00439453,0.98876953,0.06103516,-0.91552734,0.18310547
0.09423828,-0.00537109,0.98974609,0,-0.91552734,0.12207031
0.09521484,-0.00439453,0.98974609,0.06103516,-0.91552734,0.12207031
0.09521484,-0.00439453,0.99023438,0,-0.85449219,0.18310547
0.09716797,-0.00292969,0.9921875,-0.06103516,-0.85449219,0.12207031
0.09521484,0.00048828,0.99560547,0,-0.79345703,0.12207031
0.09521484,0.00048828,0.99609375,0.06103516,-0.85449219,0.18310547
0.09326172,0.00244141,0.99462891,0.12207031,-0.79345703,0.18310547
0.09375,0.00195312,0.99365234,0,-0.85449219,0.18310547
0.09423828,0.00244141,0.99365234,-0.06103516,-0.85449219,0.18310547
0.09326172,0.00195312,0.99169922,-0.06103516,-0.79345703,0.18310547
0.09277344,0.00244141,0.99365234,-0.12207031,-0.85449219,0.18310547
0.09326172,0.00244141,0.99267578,0,-0.91552734,0.18310547
0.09326172,0.00341797,0.99121094,0,-0.85449219,0.18310547
0.09326172,0.00146484,0.99023438,-0.06103516,-0.85449219,0.18310547
0.09326172,0.00195312,0.9921875,-0.12207031,-0.79345703,0.18310547
0.09326172,0.00195312,0.9921875,-0.12207031,-0.85449219,0.24414062
0.09326172,0,0.99072266,0,-0.91552734,0.18310547
0.09472656,-0.00048828,0.99169922,-0.06103516,-0.79345703,0.18310547
0.09375,-0.00244141,0.99023438,-0.06103516,-0.85449219,0.18310547
0.09326172,-0.00244141,0.99316406,-0.06103516,-0.85449219,0.24414062
0.09375,-0.00341797,0.99316406,-0.12207031,-0.79345703,0.18310547
0.09326172,-0.00244141,0.99267578,-0.06103516,-0.85449219,0.12207031
0.09375,-0.00341797,0.99414062,-0.06103516,-0.85449219,0.12207031
0.09375,-0.00439453,0.99414062,-0.06103516,-0.91552734,0.12207031
0.09375,-0.00439453,0.99414062,-0.06103516,-0.91552734,0.12207031
0.09277344,-0.00439453,0.99365234,0,-0.85449219,0.18310547
0.09423828,-0.00439453,0.99365234,-0.06103516,-0.91552734,0.12207031
0.09277344,-0.00292969,0.99658203,-0.18310547,-0.85449219,0.18310547
0.09277344,-0.00292969,0.99658203,-0.18310547,-0.85449219,0.18310547
0.09326172,-0.00537109,0.99658203,-0.12207031,-0.85449219,0.12207031
0.09326172,-0.00195312,0.99023438,-0.06103516,-0.85449219,0.18310547
0.09277344,-0.00097656,0.99169922,-0.06103516,-0.91552734,0.18310547
0.09277344,-0.00097656,0.99169922,-0.06103516,-0.91552734,0.18310547
0.09277344,-0.00244141,0.99169922,-0.06103516,-0.79345703,0.18310547
0.09326172,-0.00244141,0.99267578,0,-0.79345703,0.18310547
0.09277344,0,0.99511719,-0.06103516,-0.79345703,0.24414062
0.09277344,0,0.99511719,-0.06103516,-0.79345703,0.24414062
0.09228516,0,0.99365234,0,-0.91552734,0.18310547
0.09277344,0.00244141,0.99414062,-0.12207031,-0.85449219,0.12207031
0.09277344,0.00244141,0.99560547,0,-0.91552734,0.18310547
0.09277344,0.00244141,0.99560547,0,-0.91552734,0.18310547
0.09228516,0.00097656,0.99316406,0.12207031,-0.91552734,0.12207031
0.09179688,0.00146484,0.99267578,0,-0.85449219,0.18310547
0.09228516,0.00146484,0.99414062,0,-0.91552734,0.18310547
0.09228516,0.00146484,0.99414062,0,-0.91552734,0.18310547
0.09130859,0.00292969,0.99462891,0,-0.85449219,0.18310547
0.09179688,0.00146484,0.99462891,0.24414062,-0.85449219,0.24414062
0.09130859,0.00146484,0.99023438,0.24414062,-0.85449219,0.24414062
0.09130859,0.00146484,0.99023438,0.24414062,-0.85449219,0.24414062
0.09082031,0,0.98779297,0.12207031,-0.85449219,0.24414062
0.09082031,-0.00195312,0.99316406,-0.06103516,-0.9765625,0.24414062
0.09082031,-0.00244141,0.99560547,-0.06103516,-0.9765625,0.24414062
0.09082031,-0.00244141,0.99560547,-0.06103516,-0.9765625,0.24414062
0.09082031,-0.00244141,0.99707031,0.18310547,-0.9765625,0.24414062
0.09179688,-0.00390625,0.99267578,0,-0.91552734,0.24414062
0.09033203,-0.00244141,0.99414062,0,-0.91552734,0.24414062
0.09033203,-0.00244141,0.99414062,0,-0.91552734,0.24414062
0.09130859,-0.00292969,0.99365234,0,-0.91552734,0.24414062
0.09277344,-0.00439453,0.99853516,0.06103516,-0.91552734,0.24414062
0.09277344,-0.00439453,0.99853516,0.06103516,-0.91552734,0.24414062
0.09277344,-0.00439453,0.99853516,0.06103516,-0.91552734,0.24414062
0.09472656,-0.00146484,0.99462891,0.06103516,-1.03759766,0.24414062
0.09423828,-0.00097656,0.99267578,0.06103516,-0.9765625,0.24414062
0.09423828,-0.00097656,0.99267578,0.06103516,-0.9765625,0.24414062
0.09423828,-0.00097656,0.99267578,0.06103516,-0.9765625,0.24414062
0.09667969,-0.00048828,0.99072266,0.06103516,-0.91552734,0.18310547
0.09765625,-0.00439453,0.99121094,-0.61035156,-1.03759766,0
0.09765625,-0.00439453,0.99121094,-0.61035156,-1.03759766,0
0.09765625,-0.00439453,0.99121094,-0.61035156,-1.03759766,0
0.09570312,0.00146484,1.00292969,-0.54931641,-0.9765625,0.18310547
0.09667969,0.00195312,0.98681641,0.48828125,-1.03759766,0.18310547
0.09667969,0.00195312,0.98681641,0.48828125,-1.03759766,0.18310547
0.09667969,0.00195312,0.98681641,0.48828125,-1.03759766,0.18310547
0.09570312,-0.00292969,0.99511719,-0.36621094,-0.85449219,0.18310547
0.09619141,-0.00146484,0.99316406,0.12207031,-0.91552734,0.24414062
0.09619141,-0.00146484,0.99316406,0.12207031,-0.91552734,0.24414062
0.09619141,-0.00146484,0.99316406,0.12207031,-0.91552734,0.24414062
0.09521484,0.00048828,0.98974609,0.06103516,-0.9765625,0.18310547
0.09326172,0,0.9921875,-0.12207031,-0.91552734,0.18310547
0.09326172,0,0.9921875,-0.12207031,-0.91552734,0.18310547
0.09326172,0,0.9921875,-0.12207031,-0.91552734,0.18310547
0.09326172,-0.00195312,0.99560547,-0.06103516,-1.03759766,0.18310547
0.09375,-0.00341797,0.99316406,0.12207031,-0.91552734,0.18310547
0.09375,-0.00341797,0.99316406,0.12207031,-0.91552734,0.18310547
0.09375,-0.00341797,0.99316406,0.12207031,-0.91552734,0.18310547
0.09423828,-0.00341797,0.98876953,0,-0.85449219,0.18310547
0.09277344,-0.00341797,0.99560547,0,-0.85449219,0.18310547
0.09277344,-0.00341797,0.99560547,0,-0.85449219,0.18310547
0.09277344,-0.00341797,0.99560547,0,-0.85449219,0.18310547
0.09277344,-0.00292969,0.99072266,0.18310547,-0.85449219,0.18310547
0.09277344,-0.00146484,0.98974609,0.12207031,-0.85449219,0.18310547
0.09277344,-0.00146484,0.98974609,0.12207031,-0.85449219,0.18310547
0.09277344,-0.00146484,0.98974609,0.12207031,-0.85449219,0.18310547
0.09375,0,0.98876953,0,-0.79345703,0.18310547
0.09472656,-0.00048828,0.99316406,0.12207031,-0.79345703,0.12207031
0.09472656,-0.00048828,0.99316406,0.12207031,-0.79345703,0.12207031
0.09472656,-0.00048828,0.99316406,0.12207031,-0.79345703,0.12207031
0.09570312,-0.00048828,0.98974609,0.18310547,-0.85449219,0.12207031
0.09619141,0.00048828,0.9921875,-0.06103516,-0.79345703,0.24414062
0.09619141,0.00048828,0.9921875,-0.06103516,-0.79345703,0.24414062
0.09619141,0.00048828,0.9921875,-0.06103516,-0.79345703,0.24414062
0.09619141,0.00097656,0.99267578,0,-0.85449219,0.18310547
0.09375,-0.00048828,0.99414062,0,-0.79345703,0.18310547
0.09375,-0.00048828,0.99414062,0,-0.79345703,0.18310547
0.09375,-0.00048828,0.99414062,0,-0.79345703,0.18310547
0.09326172,0,0.99316406,0,-0.79345703,0.18310547
0.09277344,-0.00195312,0.99267578,0.06103516,-0.79345703,0.18310547
0.09277344,-0.00195312,0.99267578,0.06103516,-0.79345703,0.18310547
0.09277344,-0.00195312,0.99267578,0.06103516,-0.79345703,0.18310547
0.09228516,-0.00048828,0.99121094,-0.06103516,-0.85449219,0.12207031
0.09033203,-0.00244141,0.9921875,0,-0.91552734,0.18310547
0.09033203,-0.00244141,0.9921875,0,-0.91552734,0.18310547
0.09033203,-0.00244141,0.9921875,0,-0.91552734,0.18310547
0.09033203,-0.00292969,0.99560547,0,-0.85449219,0.18310547
0.09033203,-0.00195312,0.99462891,0.06103516,-0.85449219,0.18310547
0.09033203,-0.00195312,0.99462891,0.06103516,-0.85449219,0.18310547
0.09033203,-0.00195312,0.99462891,0.06103516,-0.85449219,0.18310547
0.08886719,-0.00195312,0.99121094,0.06103516,-0.91552734,0.18310547
0.09033203,-0.00195312,0.99365234,-0.06103516,-0.9765625,0.12207031
0.09033203,-0.00195312,0.99365234,-0.06103516,-0.9765625,0.12207031
0.09033203,-0.00195312,0.99365234,-0.06103516,-0.9765625,0.12207031
0.08984375,-0.00195312,0.9921875,0.06103516,-0.91552734,0.18310547
0.09130859,-0.00097656,0.99267578,-0.06103516,-0.91552734,0.18310547
0.09130859,-0.00097656,0.99267578,-0.06103516,-0.91552734,0.18310547
0.09130859,-0.00097656,0.99267578,-0.06103516,-0.91552734,0.18310547
0.09130859,0.00048828,0.99023438,0,-0.91552734,0.24414062
0.09179688,0.00195312,0.99365234,0,-1.03759766,0.24414062
0.09179688,0.00195312,0.99365234,0,-1.03759766,0.24414062
0.09179688,0.00195312,0.99365234,0,-1.03759766,0.24414062
0.09228516,0.00146484,0.99462891,0,-1.03759766,0.30517578
0.09179688,0,0.99414062,0.06103516,-1.03759766,0.24414062
0.09179688,0,0.99414062,0.06103516,-1.03759766,0.24414062
0.09179688,0,0.99414062,0.06103516,-1.03759766,0.24414062
0.09375,-0.00048828,0.99316406,-0.06103516,-0.9765625,0.24414062
0.09423828,-0.00244141,0.99365234,0.06103516,-0.9765625,0.18310547
0.09423828,-0.00244141,0.99365234,0.06103516,-0.9765625,0.18310547
0.09423828,-0.00244141,0.99365234,0.06103516,-0.9765625,0.18310547
0.09570312,-0.00341797,0.99511719,0.12207031,-0.9765625,0.12207031
0.09619141,-0.00439453,0.99267578,0,-1.03759766,0.12207031
0.09619141,-0.00439453,0.99267578,0,-1.03759766,0.12207031
0.09619141,-0.00439453,0.99267578,0,-1.03759766,0.12207031
0.09814453,-0.00292969,0.99169922,0.06103516,-0.9765625,0.18310547
0.09570312,-0.00195312,0.99462891,0.06103516,-0.85449219,0.18310547
0.09570312,-0.00195312,0.99462891,0.06103516,-0.85449219,0.18310547
0.09570312,-0.00195312,0.99462891,0.06103516,-0.85449219,0.18310547
0.09521484,-0.00048828,0.9921875,0.18310547,-0.91552734,0.18310547
0.09375,-0.00292969,0.99267578,0.12207031,-0.91552734,0.18310547
0.09375,-0.00292969,0.99267578,0.12207031,-0.91552734,0.18310547
0.09375,-0.00292969,0.99267578,0.12207031,-0.91552734,0.18310547
0.09375,-0.00341797,0.99121094,0,-0.91552734,0.24414062
0.09375,-0.00292969,0.99365234,0.06103516,-0.91552734,0.18310547
0.09375,-0.00292969,0.99365234,0.06103516,-0.91552734,0.18310547
0.09375,-0.00292969,0.99365234,0.12207031,-0.91552734,0.18310547
0.09423828,-0.00146484,0.9921875,0.12207031,-0.85449219,0.18310547
0.09375,-0.00146484,0.99121094,0.06103516,-0.85449219,0.12207031
0.09375,-0.00146484,0.99121094,0.06103516,-0.85449219,0.12207031
0.09375,-0.00146484,0.99121094,0,-0.79345703,0.18310547
0.09521484,0,0.9921875,0.06103516,-0.91552734,0.18310547
0.09326172,0.00292969,0.99169922,0.06103516,-0.91552734,0.18310547
0.09326172,0.00292969,0.99169922,0.06103516,-0.91552734,0.18310547
0.09326172,0.00390625,0.98974609,0.06103516,-0.91552734,0.18310547
0.09375,0.00292969,0.98974609,0,-0.85449219,0.18310547
0.09375,0.00244141,0.99267578,-0.06103516,-0.79345703,0.18310547
0.09375,0.00244141,0.99267578,-0.06103516,-0.79345703,0.18310547
0.09326172,0.00146484,0.99414062,-0.06103516,-0.85449219,0.24414062
0.09521484,0,0.99316406,0.06103516,-0.85449219,0.18310547
0.09472656,0.00097656,0.99414062,0,-0.85449219,0.24414062
0.09472656,0.00097656,0.99414062,0,-0.85449219,0.24414062
0.09472656,0.00048828,0.99560547,0.12207031,-0.85449219,0.24414062
0.09472656,-0.00292969,0.99072266,0.12207031,-0.85449219,0.24414062
0.09472656,-0.00439453,0.9921875,-0.06103516,-0.79345703,0.24414062
0.09472656,-0.00439453,0.9921875,-0.06103516,-0.79345703,0.24414062
0.09423828,-0.00634766,0.99511719,0,-0.85449219,0.18310547
0.09423828,-0.00683594,0.99462891,0,-0.79345703,0.18310547
0.09326172,-0.00732422,0.9921875,0,-0.85449219,0.12207031
0.09326172,-0.00732422,0.9921875,0,-0.85449219,0.12207031
0.09423828,-0.00634766,0.99072266,0.06103516,-0.85449219,0.06103516
0.09277344,-0.00585938,0.98876953,0,-0.91552734,0.06103516
0.09423828,-0.00585938,0.99316406,-0.06103516,-0.85449219,0.06103516
0.09423828,-0.00585938,0.99316406,-0.06103516,-0.85449219,0.06103516
0.09472656,-0.00488281,0.99414062,0,-0.85449219,0.12207031
0.09423828,-0.00390625,0.99316406,0.06103516,-0.79345703,0.12207031
0.09375,0.00097656,0.99316406,0,-0.79345703,0.12207031
0.09375,0.00097656,0.99316406,0,-0.79345703,0.12207031
0.09326172,0.00048828,0.99462891,-0.06103516,-0.79345703,0.18310547
0.09228516,0.00244141,0.99560547,0.06103516,-0.79345703,0.18310547
0.09130859,0.00244141,0.99462891,-0.06103516,-0.91552734,0.24414062
0.09130859,0.00244141,0.99462891,-0.06103516,-0.91552734,0.24414062
0.08935547,0.00195312,0.99511719,-0.06103516,-0.85449219,0.24414062
0.08935547,0.00195312,0.99365234,-0.06103516,-0.91552734,0.24414062
0.08789062,0.00048828,0.9921875,0,-0.91552734,0.18310547
0.08789062,0.00048828,0.9921875,0,-0.91552734,0.18310547
0.08789062,0.00097656,0.99414062,-0.12207031,-0.9765625,0.18310547
0.08789062,0.00146484,0.99609375,-0.06103516,-0.91552734,0.18310547
0.08984375,0.00244141,0.99414062,0.06103516,-0.9765625,0.12207031
0.08984375,0.00244141,0.99414062,0.06103516,-0.9765625,0.12207031
0.09326172,0.00048828,0.98974609,0,-0.91552734,0.30517578
0.08740234,-0.00048828,0.99316406,0,-0.9765625,0.24414062
0.09228516,-0.00048828,0.99414062,-0.06103516,-0.9765625,0.18310547
0.09228516,-0.00048828,0.99414062,-0.06103516,-0.9765625,0.18310547
0.09375,0.00244141,0.99462891,0,-1.03759766,0.18310547
0.09521484,0.00048828,0.99365234,0.12207031,-0.9765625,0.18310547
0.09375,-0.00097656,0.99267578,0.06103516,-0.9765625,0.24414062
0.09375,-0.00097656,0.99267578,0.06103516,-0.9765625,0.24414062
0.09472656,-0.00292969,0.99169922,0.06103516,-0.9765625,0.24414062
0.09570312,-0.00537109,0.9921875,0,-0.9765625,0.18310547
0.09521484,-0.00683594,0.99462891,0.06103516,-0.9765625,0.24414062
0.09521484,-0.00683594,0.99462891,0.06103516,-0.9765625,0.24414062
0.09472656,-0.00439453,0.99462891,0.18310547,-0.9765625,0.24414062
0.09423828,-0.00537109,0.99072266,0.06103516,-0.91552734,0.24414062
0.09423828,-0.00537109,0.99072266,0.06103516,-0.9765625,0.18310547
0.09326172,-0.00390625,0.99365234,0.06103516,-0.91552734,0.18310547
0.09326172,-0.00390625,0.99365234,0.06103516,-0.9765625,0.18310547
0.09326172,-0.00341797,0.99316406,0,-0.91552734,0.18310547
0.09423828,-0.00146484,0.99316406,0.06103516,-0.9765625,0.18310547
0.09423828,-0.00146484,0.99316406,0.06103516,-0.91552734,0.06103516
0.09326172,-0.00048828,0.99072266,0.06103516,-0.91552734,0.06103516
0.09375,0.00097656,0.99169922,0,-0.91552734,0.12207031
0.09375,0.00097656,0.99169922,0,-0.91552734,0.12207031
0.09423828,0.00195312,0.99169922,0,-0.91552734,0.18310547
0.09423828,0.00195312,0.99169922,0.06103516,-0.9765625,0.18310547
0.09472656,0.00390625,0.9921875,0.06103516,-0.85449219,0.18310547
0.09472656,0.00244141,0.9921875,0.06103516,-0.9765625,0.18310547
0.09472656,0.00292969,0.99121094,0.12207031,-0.91552734,0.24414062
0.09521484,0.00146484,0.99169922,0,-0.85449219,0.24414062
0.09570312,0.00048828,0.9921875,0.06103516,-0.9765625,0.30517578
0.09375,0.00048828,0.99169922,0.06103516,-0.91552734,0.24414062
0.09326172,0,0.99316406,0,-0.91552734,0.24414062
0.09277344,-0.00097656,0.99365234,0.06103516,-0.91552734,0.24414062
0.09277344,-0.00195312,0.99316406,0.06103516,-0.85449219,0.24414062
0.09375,-0.00292969,0.99414062,-0.12207031,-0.91552734,0.24414062
0.09375,-0.00341797,0.99609375,-0.06103516,-0.85449219,0.24414062
0.09423828,-0.00341797,0.99560547,-0.06103516,-0.91552734,0.12207031
0.09326172,-0.00439453,0.99511719,0.06103516,-0.91552734,0.12207031
0.10302734,-0.00244141,1.00830078,-0.24414062,-0.24414062,0.06103516
0.10302734,-0.00146484,1.0078125,-0.18310547,-0.18310547,0.12207031
0.10400391,-0.00048828,1.00830078,-0.24414062,-0.24414062,0.06103516
0.10400391,-0.00146484,1.00927734,-0.18310547,-0.18310547,0.12207031
0.10546875,-0.00097656,1.00878906,-0.12207031,-0.18310547,0.12207031
0.10595703,-0.00292969,1.00878906,-0.24414062,-0.24414062,0.12207031
0.10595703,-0.00097656,1.0078125,-0.18310547,-0.18310547,0.18310547
0.10546875,0.00146484,1.00830078,-0.18310547,-0.18310547,0.18310547
0.10546875,0.00048828,1.0078125,-0.06103516,-0.18310547,0.18310547
0.10546875,0.00244141,1.00683594,-0.06103516,-0.18310547,0.18310547
0.10449219,0.00097656,1.00683594,-0.18310547,-0.18310547,0.18310547
0.10498047,0.00244141,1.00830078,-0.12207031,-0.12207031,0.18310547
0.10498047,0.00244141,1.00830078,-0.18310547,-0.18310547,0.12207031
0.10400391,0.00292969,1.00830078,-0.18310547,-0.12207031,0.18310547
0.10351562,0.00244141,1.00878906,-0.18310547,-0.12207031,0.06103516
0.10302734,0.00341797,1.0078125,-0.18310547,-0.24414062,0.06103516
0.10302734,0.00244141,1.00878906,-0.18310547,-0.12207031,0.06103516
0.10107422,0.00341797,1.0078125,-0.24414062,-0.18310547,0.06103516
0.10253906,0.00292969,1.00732422,-0.18310547,-0.18310547,0.06103516
0.10058594,0.00439453,1.00683594,-0.24414062,-0.18310547,0.12207031
0.10009766,0.00537109,1.00830078,-0.36621094,-0.24414062,0.06103516
0.10107422,0.00292969,1.00878906,-0.24414062,-0.18310547,0.12207031
0.10107422,0.00390625,1.0078125,-0.24414062,-0.24414062,0.06103516
0.10058594,0.00341797,1.00927734,-0.30517578,-0.18310547,0.12207031
0.10058594,0.00341797,1.00830078,-0.18310547,-0.24414062,0.12207031
0.09960938,0.00244141,1.0078125,-0.24414062,-0.24414062,0.18310547
0.09912109,0.00244141,1.00732422,-0.24414062,-0.24414062,0.18310547
0.10058594,0.00097656,1.00830078,-0.36621094,-0.24414062,0.12207031
0.09960938,0.00146484,1.00976562,-0.36621094,-0.18310547,0.18310547
0.09960938,0.00097656,1.00927734,-0.18310547,-0.24414062,0.12207031
0.10058594,-0.00146484,1.00927734,-0.24414062,-0.24414062,0.18310547
0.09960938,-0.00146484,1.00878906,-0.24414062,-0.24414062,0.18310547
0.10058594,-0.00097656,1.00927734,-0.18310547,-0.30517578,0.12207031
0.10253906,-0.00146484,1.00830078,-0.18310547,-0.30517578,0.12207031
0.10205078,-0.00195312,1.00830078,-0.12207031,-0.24414062,0.06103516
0.10205078,0,1.00830078,-0.18310547,-0.30517578,0.12207031
0.10302734,0,1.00830078,-0.18310547,-0.24414062,0.18310547
0.10351562,0.00048828,1.0078125,-0.30517578,-0.30517578,0.12207031
0.10400391,0.00097656,1.00976562,-0.24414062,-0.30517578,0.12207031
0.10400391,0.00292969,1.00878906,-0.18310547,-0.30517578,0.06103516
0.10400391,0.00244141,1.00830078,-0.12207031,-0.36621094,0.12207031
0.10546875,0.00341797,1.00683594,-0.12207031,-0.30517578,0.06103516
0.10498047,0.00292969,1.00683594,-0.12207031,-0.30517578,0.12207031
0.10449219,0.00439453,1.00830078,-0.24414062,-0.30517578,0.12207031
0.10546875,0.00341797,1.00830078,-0.24414062,-0.24414062,0.18310547
0.10546875,0.00390625,1.00976562,-0.24414062,-0.30517578,0.18310547
0.10498047,0.00390625,1.00976562,-0.18310547,-0.30517578,0.12207031
0.10449219,0.00390625,1.00927734,-0.18310547,-0.24414062,0.18310547
0.10449219,0.00244141,1.00732422,-0.12207031,-0.24414062,0.18310547
0.10302734,0.00195312,1.00634766,-0.18310547,-0.24414062,0.12207031
0.10205078,0.00244141,1.00830078,-0.24414062,-0.30517578,0.18310547
0.10205078,0.00292969,1.00878906,-0.24414062,-0.24414062,0.12207031
0.10205078,0.00195312,1.0078125,-0.24414062,-0.30517578,0.12207031
0.10205078,0.00195312,1.00878906,-0.24414062,-0.30517578,0.18310547
0.10205078,0.00097656,1.00830078,-0.18310547,-0.24414062,0.18310547
0.1015625,0,1.00830078,-0.18310547,-0.30517578,0.18310547
0.1015625,0.00097656,1.00878906,-0.18310547,-0.24414062,0.12207031
0.1015625,0.00097656,1.0078125,-0.24414062,-0.30517578,0.12207031
0.10302734,0.00048828,1.00830078,-0.24414062,-0.30517578,0.18310547
0.10302734,-0.00146484,1.00878906,-0.18310547,-0.24414062,0.12207031
0.10253906,-0.00048828,1.00878906,-0.30517578,-0.30517578,0.12207031
0.10302734,0,1.00878906,-0.18310547,-0.24414062,0.12207031
0.10253906,-0.00097656,1.0078125,-0.18310547,-0.24414062,0.12207031
0.10302734,-0.00097656,1.00927734,-0.18310547,-0.24414062,0.12207031
0.10498047,-0.00048828,1.0078125,-0.12207031,-0.24414062,0.18310547
0.10449219,-0.00097656,1.00683594,-0.12207031,-0.24414062,0.18310547
0.10400391,0,1.00634766,-0.12207031,-0.24414062,0.18310547
0.10351562,0,1.00830078,-0.30517578,-0.24414062,0.18310547
0.10449219,0.00195312,1.00878906,-0.24414062,-0.24414062,0.18310547
0.10449219,0.00097656,1.00927734,-0.06103516,-0.24414062,0.18310547
0.10449219,0.00146484,1.00878906,-0.18310547,-0.30517578,0.18310547
0.10449219,0.00341797,1.0078125,-0.18310547,-0.18310547,0.18310547
0.10205078,0.00390625,1.00878906,-0.12207031,-0.24414062,0.18310547
0.10449219,0.00292969,1.00683594,-0.18310547,-0.18310547,0.18310547
0.10351562,0.00341797,1.00683594,-0.18310547,-0.18310547,0.18310547
0.10498047,0.00195312,1.00878906,-0.24414062,-0.24414062,0.18310547
0.10351562,0.00292969,1.00878906,-0.18310547,-0.18310547,0.12207031
0.10449219,0.00341797,1.00878906,-0.24414062,-0.18310547,0.12207031
0.10400391,0.00439453,1.00878906,-0.18310547,-0.18310547,0.12207031
0.10546875,0.00292969,1.00732422,-0.06103516,-0.18310547,0.12207031
0.10498047,0.00341797,1.0078125,-0.12207031,-0.24414062,0.06103516
0.10644531,0.00195312,1.0078125,-0.18310547,-0.12207031,0.06103516
0.10498047,0,1.00732422,-0.12207031,-0.18310547,0.06103516
0.10693359,0.00146484,1.00878906,-0.18310547,-0.18310547,0.06103516
0.10742188,-0.00048828,1.0078125,-0.12207031,-0.12207031,0.12207031
0.10498047,0.00097656,1.00634766,-0.24414062,-0.18310547,0.06103516
0.10595703,-0.00097656,1.0078125,-0.24414062,-0.12207031,0.12207031
0.10351562,0,1.00878906,-0.24414062,-0.18310547,0.06103516
0.10302734,0,1.00976562,-0.24414062,-0.24414062,0.06103516
0.10253906,-0.00048828,1.01025391,-0.12207031,-0.18310547,0.12207031
0.09912109,-0.00048828,1.00878906,-0.18310547,-0.24414062,0.18310547
0.09863281,-0.00146484,1.00683594,-0.24414062,-0.18310547,0.18310547
0.10107422,0.00048828,1.00634766,-0.24414062,-0.18310547,0.24414062
0.09960938,-0.00048828,1.00830078,-0.48828125,-0.18310547,0.18310547
0.09912109,0,1.01025391,-0.42724609,-0.18310547,0.18310547
0.09912109,0.00048828,1.01123047,-0.30517578,-0.24414062,0.18310547
0.09716797,0.00146484,1.01025391,-0.18310547,-0.30517578,0.18310547
0.09814453,0.00146484,1.00732422,-0.12207031,-0.30517578,0.12207031
0.10009766,0.00097656,1.00732422,-0.18310547,-0.30517578,0.18310547
0.10058594,0.00244141,1.00585938,-0.30517578,-0.24414062,0.12207031
0.10058594,0.00146484,1.00634766,-0.36621094,-0.30517578,0.06103516
0.1015625,0.00341797,1.00927734,-0.36621094,-0.24414062,0.12207031
0.10107422,0.00292969,1.01123047,-0.24414062,-0.30517578,0.12207031
0.10253906,0.00390625,1.00830078,-0.12207031,-0.30517578,0.18310547
0.10400391,0.00341797,1.00732422,-0.12207031,-0.30517578,0.18310547
0.10205078,0.00439453,1.00732422,-0.18310547,-0.36621094,0.12207031
0.10351562,0.00341797,1.00634766,-0.12207031,-0.30517578,0.12207031
0.10449219,0.00488281,1.0078125,-0.30517578,-0.30517578,0.18310547
0.10449219,0.00341797,1.00878906,-0.30517578,-0.30517578,0.12207031
0.10351562,0.00341797,1.00976562,-0.12207031,-0.30517578,0.18310547
0.10498047,0.00341797,1.0078125,-0.18310547,-0.30517578,0.18310547
0.10400391,0.00292969,1.0078125,-0.24414062,-0.30517578,0.12207031
0.10253906,0.00048828,1.00927734,-0.18310547,-0.30517578,0.18310547
0.10449219,0,1.0078125,-0.18310547,-0.30517578,0.18310547
0.10351562,-0.00048828,1.00732422,-0.18310547,-0.24414062,0.18310547
0.10302734,-0.00146484,1.00830078,-0.18310547,-0.30517578,0.18310547
0.10351562,-0.00195312,1.00878906,-0.18310547,-0.30517578,0.18310547
0.10302734,-0.00146484,1.00732422,-0.18310547,-0.24414062,0.12207031
0.10253906,-0.00244141,1.0078125,-0.30517578,-0.30517578,0.12207031
0.10253906,-0.00244141,1.00927734,-0.18310547,-0.24414062,0.12207031
0.10302734,-0.00048828,1.00830078,-0.24414062,-0.30517578,0.12207031
0.10400391,-0.00097656,1.00878906,-0.12207031,-0.18310547,0.12207031
0.10351562,-0.00048828,1.0078125,-0.06103516,-0.18310547,0.12207031
0.10302734,0.00048828,1.00732422,-0.30517578,-0.30517578,0.12207031
0.10302734,0.00048828,1.00878906,-0.30517578,-0.30517578,0.12207031
0.10302734,0.00146484,1.00976562,-0.18310547,-0.30517578,0.12207031
0.10351562,0.00097656,1.01025391,-0.18310547,-0.30517578,0.12207031
0.10302734,0.00097656,1.00830078,-0.18310547,-0.30517578,0.12207031
0.10205078,0.00195312,1.00683594,-0.18310547,-0.30517578,0.12207031
0.10253906,0.00341797,1.00683594,-0.12207031,-0.24414062,0.18310547
0.10302734,0.00244141,1.00634766,-0.12207031,-0.24414062,0.18310547
0.1015625,0.00195312,1.00683594,-0.30517578,-0.18310547,0.18310547
0.10205078,0.00146484,1.00927734,-0.30517578,-0.18310547,0.18310547
